location,sowing_month,soil_type,nitrogen,phosphorus,potassium,ph,rainfall,humidity,crop_suitability
Krishnagiri,Oct,Clay,62,27,52,6.0,695,62,No
Krishnagiri,Dec,Clay,56,22,34,7.4,761,80,No
Dharmapuri,Sep,Sandy Loam,111,15,73,5.2,826,55,No
Erode,Apr,Clay,85,64,49,5.4,871,63,No
Thoothukudi,Jan,Sandy Loam,74,75,62,4.5,513,49,No
Dharmapuri,May,Loamy,41,62,60,7.4,1224,82,No
Thoothukudi,May,Loamy,61,57,123,8.4,990,46,No
Coimbatore,Mar,Sandy Loam,51,41,111,4.7,526,88,No
Thanjavur,Oct,Black Soil,91,77,119,7.8,1297,69,No
Thanjavur,Nov,Black Soil,45,53,101,7.1,807,88,No
Coimbatore,Dec,Sandy Loam,35,40,92,5.4,479,76,No
Tirunelveli,Mar,Clay,99,34,126,6.8,1061,66,No
Erode,Jun,Clay,35,22,74,7.5,611,70,No
Cuddalore,Jul,Loamy,60,41,100,8.3,1267,54,No
Dharmapuri,Mar,Black Soil,72,60,87,5.9,666,89,No
Krishnagiri,Oct,Red Soil,109,67,73,6.0,601,83,No
Dindigul,Sep,Sandy Loam,46,77,42,7.4,824,41,No
Thoothukudi,Dec,Red Soil,85,26,33,8.0,620,81,No
Salem,May,Clay,127,69,37,4.9,1036,83,No
Madurai,Jun,Clay,125,57,53,4.9,549,66,No
Trichy,Mar,Red Soil,56,55,57,8.3,469,89,No
Trichy,Sep,Clay,115,33,44,6.3,685,52,No
Madurai,Apr,Sandy Loam,125,47,77,6.0,1160,78,No
Namakkal,Sep,Loamy,64,77,64,8.4,615,47,No
Madurai,Oct,Loamy,128,17,129,6.0,605,55,No
Tirunelveli,Mar,Black Soil,61,24,77,6.9,734,75,No
Namakkal,Mar,Clay,62,67,77,6.2,769,44,No
Namakkal,Apr,Red Soil,119,68,64,7.6,872,60,No
Thoothukudi,Sep,Loamy,71,15,124,6.2,885,69,No
Namakkal,Nov,Loamy,84,46,91,5.1,1249,87,No
Thanjavur,Dec,Red Soil,107,48,61,7.7,1174,52,No
Salem,Jul,Clay,34,69,105,5.3,844,66,No
Dharmapuri,Jan,Red Soil,129,78,116,8.1,1224,68,No
Villupuram,Sep,Red Soil,90,55,87,6.4,854,84,No
Cuddalore,Aug,Loamy,36,41,98,7.6,1010,43,No
Madurai,May,Loamy,32,25,118,5.6,1162,65,No
Salem,Apr,Loamy,44,78,47,6.7,429,78,No
Tirunelveli,Jul,Red Soil,107,62,111,7.9,726,87,No
Namakkal,Oct,Clay,36,58,118,6.2,996,62,No
Namakkal,Apr,Sandy Loam,64,67,112,6.9,503,47,No
Karur,Feb,Loamy,90,39,35,6.8,572,76,No
Dindigul,Apr,Sandy Loam,38,17,45,8.2,850,66,No
Cuddalore,Sep,Black Soil,116,73,103,6.5,555,49,No
Namakkal,Jun,Black Soil,41,76,125,6.0,476,54,No
Dharmapuri,Nov,Sandy Loam,102,32,51,5.2,1256,67,No
Erode,Dec,Sandy Loam,90,15,127,8.1,708,46,No
Coimbatore,Jun,Loamy,62,51,119,8.4,741,60,No
Coimbatore,Jul,Loamy,67,59,98,5.2,889,73,No
Namakkal,Oct,Clay,57,68,126,6.3,703,42,No
Madurai,Sep,Black Soil,51,45,35,6.5,995,86,No
Coimbatore,Aug,Red Soil,52,53,106,7.2,1167,57,No
Krishnagiri,Aug,Red Soil,52,48,78,5.1,1264,71,No
Dharmapuri,Dec,Clay,35,17,52,6.8,1136,81,No
Erode,Jul,Sandy Loam,42,22,110,6.7,1054,66,No
Madurai,Jun,Red Soil,48,79,77,7.1,806,43,No
Karur,Jul,Black Soil,43,44,57,7.4,978,74,No
Namakkal,Oct,Red Soil,91,51,67,6.3,460,77,No
Namakkal,Sep,Black Soil,37,72,123,5.3,804,73,No
Namakkal,Dec,Sandy Loam,64,35,58,8.5,687,67,No
Salem,Nov,Black Soil,101,72,46,6.5,422,77,No
Trichy,Jan,Red Soil,101,25,83,6.5,844,42,No
Cuddalore,Apr,Clay,91,50,117,5.4,752,81,No
Tirunelveli,Jul,Sandy Loam,73,45,38,7.8,667,64,No
Erode,Jan,Black Soil,30,39,31,5.5,1094,47,No
Thoothukudi,Oct,Loamy,78,37,57,5.9,1167,60,No
Salem,Apr,Red Soil,38,71,67,5.4,1290,57,No
Erode,Nov,Red Soil,119,73,69,7.3,1155,76,No
Erode,Apr,Loamy,99,28,94,8.4,400,50,No
Dharmapuri,Feb,Black Soil,113,58,50,5.8,875,74,No
Namakkal,Oct,Red Soil,120,52,30,6.3,1271,87,No
Salem,Dec,Red Soil,79,49,103,6.8,635,89,No
Cuddalore,Jul,Red Soil,77,72,108,6.8,655,60,No
Thanjavur,Aug,Loamy,113,17,104,6.7,445,77,No
Erode,Oct,Clay,95,16,54,7.2,442,78,No
Dindigul,Aug,Loamy,74,76,104,7.7,696,52,No
Villupuram,May,Clay,62,18,104,6.3,737,52,No
Dharmapuri,Aug,Sandy Loam,58,41,79,8.1,1122,80,No
Villupuram,May,Loamy,72,58,89,8.5,1068,69,No
Tirunelveli,Jan,Clay,89,43,74,5.6,1212,57,No
Thoothukudi,Jun,Loamy,93,22,46,7.3,566,64,No
Coimbatore,Oct,Black Soil,81,22,60,5.1,1140,43,No
Coimbatore,Jan,Clay,35,17,78,5.3,1072,46,No
Namakkal,Sep,Sandy Loam,48,51,30,8.2,694,55,No
Erode,Mar,Clay,53,77,72,6.4,537,78,No
Trichy,Apr,Black Soil,115,28,72,7.3,1198,86,No
Karur,Apr,Red Soil,59,54,87,6.2,1048,40,No
Karur,Oct,Clay,63,35,72,7.1,688,49,No
Tirunelveli,Jun,Sandy Loam,104,42,120,5.1,404,68,No
Erode,Jan,Black Soil,54,78,71,6.3,567,48,No
Dindigul,Mar,Red Soil,51,49,78,7.6,819,60,No
Thoothukudi,Jan,Clay,127,34,45,7.1,612,50,No
Thanjavur,Nov,Red Soil,121,35,113,4.6,626,85,No
Salem,Mar,Sandy Loam,116,56,82,8.1,1295,85,No
Dharmapuri,Mar,Loamy,58,44,67,4.7,636,56,No
Dindigul,Sep,Black Soil,99,31,126,4.7,677,85,No
Cuddalore,Nov,Red Soil,101,67,91,7.9,1222,78,No
Karur,Feb,Sandy Loam,64,44,81,6.0,1026,46,No
Cuddalore,Jul,Loamy,83,49,95,5.6,1194,80,No
Thoothukudi,Apr,Red Soil,82,71,116,5.5,1220,57,No
Villupuram,May,Red Soil,126,26,67,7.8,913,71,No
Dindigul,Jun,Black Soil,127,62,111,5.5,1174,48,No
Trichy,Oct,Loamy,64,72,122,5.1,587,48,No
Trichy,Mar,Red Soil,39,41,121,6.2,725,71,No
Cuddalore,Apr,Clay,36,54,93,5.0,477,80,No
Villupuram,Feb,Clay,73,53,38,7.3,601,49,No
Dindigul,Apr,Loamy,92,67,63,8.1,1270,73,No
Krishnagiri,Apr,Black Soil,98,62,46,8.3,1013,73,No
Dharmapuri,Mar,Black Soil,51,69,96,7.5,1128,57,No
Coimbatore,Jul,Clay,105,58,38,5.5,995,54,No
Madurai,Apr,Sandy Loam,65,39,75,5.0,1085,74,No
Thanjavur,Nov,Loamy,127,38,109,7.5,1034,54,No
Dharmapuri,Jun,Sandy Loam,113,16,93,7.5,918,51,No
Dharmapuri,Jun,Clay,129,43,110,7.2,991,67,No
Trichy,Aug,Red Soil,93,44,58,5.6,921,62,No
Krishnagiri,Jul,Sandy Loam,120,69,45,6.9,1025,89,No
Dharmapuri,Nov,Black Soil,111,48,104,4.6,1246,72,No
Coimbatore,Sep,Loamy,66,18,127,5.4,582,73,No
Thoothukudi,May,Clay,58,35,111,7.5,948,85,No
Salem,Aug,Loamy,120,37,81,6.8,427,59,No
Trichy,Jul,Clay,102,18,124,4.8,599,87,No
Dindigul,Aug,Sandy Loam,90,33,63,7.8,1220,47,No
Trichy,Jul,Clay,71,23,106,7.2,1012,73,No
Dindigul,Oct,Red Soil,109,19,40,6.3,955,58,No
Thanjavur,Aug,Red Soil,79,71,91,5.7,418,40,No
Karur,Sep,Red Soil,59,32,68,6.0,936,88,No
Erode,Dec,Red Soil,35,78,97,7.2,921,78,No
Villupuram,Nov,Loamy,92,72,46,6.6,1220,70,No
Tirunelveli,Apr,Sandy Loam,83,23,82,7.6,957,66,No
Karur,Dec,Clay,118,36,103,7.9,617,53,No
Namakkal,Nov,Clay,33,53,129,7.6,1246,42,No
Cuddalore,Oct,Red Soil,106,42,118,5.6,876,61,No
Dharmapuri,Aug,Black Soil,82,22,93,7.0,1028,54,No
Dindigul,Feb,Black Soil,92,76,71,6.5,631,86,No
Villupuram,Nov,Sandy Loam,53,72,73,6.3,851,84,No
Dindigul,Oct,Loamy,91,51,57,6.0,764,89,No
Krishnagiri,Nov,Sandy Loam,93,57,121,7.9,1218,75,No
Madurai,Oct,Red Soil,53,41,121,5.1,604,89,No
Krishnagiri,Jan,Black Soil,38,49,95,8.2,1039,41,No
Trichy,Jul,Clay,74,21,111,6.8,408,41,No
Tirunelveli,Oct,Red Soil,111,18,64,6.1,1255,60,No
Dharmapuri,Jul,Loamy,55,41,41,5.4,722,49,No
Coimbatore,Jun,Sandy Loam,125,32,115,8.0,989,52,No
Villupuram,Dec,Clay,55,56,125,7.6,779,52,No
Trichy,Feb,Sandy Loam,97,75,44,8.1,1026,60,No
Thoothukudi,Dec,Red Soil,109,71,32,4.7,1102,49,No
Namakkal,May,Clay,104,60,107,7.3,929,79,No
Namakkal,Jul,Sandy Loam,32,27,118,5.9,791,51,No
Dindigul,Sep,Sandy Loam,116,52,76,4.7,806,78,No
Madurai,Feb,Red Soil,45,46,121,5.5,1160,67,No
Tirunelveli,Oct,Black Soil,118,74,54,5.5,1028,84,No
Erode,Apr,Black Soil,108,66,34,5.7,1155,80,No
Krishnagiri,Apr,Clay,41,15,88,6.8,893,48,No
Karur,May,Clay,118,43,36,7.5,834,59,No
Tirunelveli,Aug,Loamy,76,56,119,6.9,717,89,No
Thoothukudi,May,Clay,59,19,49,6.7,1141,68,No
Dharmapuri,Jun,Black Soil,128,46,61,6.6,527,81,No
Villupuram,May,Clay,55,56,111,6.7,878,79,No
Madurai,Jul,Red Soil,127,19,79,5.2,1010,51,No
Villupuram,Jun,Red Soil,65,52,44,6.5,1167,66,No
Thanjavur,Mar,Red Soil,62,19,71,7.4,948,78,No
Trichy,Mar,Loamy,85,48,101,7.0,1041,56,Yes
Villupuram,Jun,Loamy,88,59,103,4.5,938,65,No
Karur,Apr,Black Soil,106,23,34,6.5,1242,79,No
Namakkal,Sep,Red Soil,47,49,89,7.9,1150,40,No
Namakkal,Aug,Clay,118,28,75,5.0,734,61,No
Erode,Jul,Sandy Loam,73,28,34,7.0,709,75,No
Salem,Apr,Black Soil,74,19,67,6.3,1018,65,No
Dharmapuri,Sep,Loamy,112,63,59,5.9,1130,51,No
Dharmapuri,Apr,Red Soil,89,37,87,5.2,1171,65,No
Dindigul,Feb,Red Soil,105,54,33,5.1,782,77,No
Dindigul,Jun,Black Soil,103,56,85,5.4,651,76,No
Coimbatore,Oct,Sandy Loam,59,38,106,5.6,657,66,No
Villupuram,Jan,Sandy Loam,61,24,34,7.3,687,77,No
Krishnagiri,Oct,Red Soil,107,59,92,6.5,1077,59,No
Madurai,Jun,Loamy,70,74,68,5.0,813,42,No
Dharmapuri,Jul,Clay,93,68,116,5.9,454,50,No
Namakkal,Jan,Clay,104,43,60,7.8,407,80,No
Tirunelveli,Mar,Clay,103,58,82,7.5,1258,52,No
Trichy,Dec,Black Soil,63,52,40,5.0,781,77,No
Erode,Apr,Sandy Loam,44,68,37,7.1,1020,57,No
Cuddalore,May,Sandy Loam,79,21,67,6.1,1156,77,No
Namakkal,Dec,Sandy Loam,76,40,67,7.3,1034,57,No
Krishnagiri,Feb,Black Soil,31,26,93,8.3,562,56,No
Namakkal,Mar,Black Soil,41,62,74,7.1,1065,66,No
Madurai,Oct,Clay,114,63,58,6.6,488,52,No
Trichy,Apr,Black Soil,39,23,67,7.4,1182,81,No
Thanjavur,Jun,Black Soil,76,66,127,4.7,444,58,No
Krishnagiri,Oct,Red Soil,59,57,57,6.8,992,61,No
Karur,Aug,Clay,123,24,46,5.6,739,72,No
Villupuram,Oct,Sandy Loam,85,43,71,4.6,940,88,No
Thoothukudi,May,Loamy,77,38,51,8.0,992,61,No
Madurai,Nov,Black Soil,89,42,129,5.6,439,87,No
Krishnagiri,May,Loamy,109,59,116,7.3,637,46,No
Madurai,Jan,Red Soil,63,19,77,7.5,506,74,No
Coimbatore,Oct,Loamy,113,59,72,6.2,1248,47,No
Trichy,Aug,Loamy,48,45,54,4.5,1190,57,No
Thanjavur,Nov,Red Soil,80,27,37,5.3,1256,49,No
Dindigul,Jan,Black Soil,49,53,103,8.0,1252,51,No
Dindigul,Jul,Black Soil,124,58,55,6.6,472,84,No
Karur,Oct,Clay,52,68,36,4.7,666,82,No
Erode,Aug,Sandy Loam,38,17,101,5.6,1161,84,No
Erode,Jul,Clay,129,60,45,7.5,835,63,No
Coimbatore,Sep,Sandy Loam,105,68,60,5.5,1199,53,No
Villupuram,Sep,Sandy Loam,88,57,111,6.9,1215,41,No
Villupuram,Apr,Clay,127,66,98,6.7,694,86,No
Villupuram,Jul,Red Soil,90,76,53,7.4,521,55,No
Thanjavur,Feb,Red Soil,98,67,75,7.4,851,40,No
Salem,Nov,Red Soil,101,66,118,6.8,913,66,No
Thoothukudi,May,Loamy,79,77,60,7.8,819,55,No
Coimbatore,Oct,Sandy Loam,44,58,121,7.4,577,48,No
Villupuram,Jun,Sandy Loam,97,77,102,4.8,1214,63,No
Tirunelveli,Feb,Clay,115,17,129,5.0,1198,66,No
Thoothukudi,Jul,Black Soil,65,37,63,8.0,805,75,No
Krishnagiri,Jun,Loamy,101,34,86,7.9,1112,64,No
Thanjavur,Dec,Clay,86,43,129,6.2,705,44,No
Coimbatore,Jul,Clay,110,58,77,4.5,1243,62,No
Krishnagiri,Nov,Sandy Loam,99,39,36,7.9,745,79,No
Trichy,Mar,Sandy Loam,120,15,84,6.0,898,70,No
Madurai,Apr,Loamy,85,56,60,6.0,1170,74,No
Coimbatore,Jan,Red Soil,62,73,93,5.7,932,51,No
Thanjavur,Oct,Red Soil,85,56,56,4.7,824,85,No
Krishnagiri,Jan,Black Soil,31,76,46,4.6,1246,57,No
Namakkal,Sep,Sandy Loam,89,27,53,7.0,1135,48,No
Dindigul,Dec,Black Soil,42,22,63,6.4,733,89,No
Tirunelveli,Sep,Clay,107,55,84,4.5,1157,47,No
Coimbatore,Sep,Loamy,53,19,47,4.7,883,47,No
Trichy,Mar,Black Soil,33,15,119,5.0,966,65,No
Trichy,Jul,Red Soil,107,74,118,8.0,424,54,No
Erode,May,Loamy,113,76,67,7.0,512,88,No
Namakkal,Sep,Loamy,68,30,58,5.5,808,65,Yes
Coimbatore,Oct,Red Soil,52,66,110,5.2,1293,84,No
Trichy,Oct,Clay,69,53,62,7.7,691,79,No
Thanjavur,Jan,Clay,76,79,59,5.2,1184,79,No
Cuddalore,Feb,Clay,53,50,61,8.4,466,52,No
Villupuram,Dec,Loamy,51,69,99,4.8,1137,47,No
Madurai,Oct,Black Soil,114,65,79,7.5,501,88,No
Villupuram,Sep,Black Soil,103,20,76,5.1,659,84,No
Coimbatore,Sep,Loamy,75,36,58,5.2,838,40,No
Krishnagiri,Jun,Loamy,56,37,101,4.6,1172,53,No
Villupuram,May,Loamy,71,61,105,7.7,949,75,No
Trichy,Dec,Sandy Loam,59,66,113,5.6,869,87,No
Madurai,Jan,Clay,73,30,102,7.8,789,50,No
Krishnagiri,Sep,Red Soil,70,63,48,4.9,924,63,No
Madurai,Jan,Clay,109,75,105,6.0,1182,48,No
Dharmapuri,Jul,Clay,69,77,46,8.3,1103,58,No
Namakkal,Oct,Loamy,38,76,60,7.6,1253,82,No
Tirunelveli,Apr,Loamy,67,19,79,5.1,641,67,No
Villupuram,Jan,Red Soil,74,33,128,8.0,1090,80,No
Karur,Oct,Loamy,49,63,109,5.7,1138,84,No
Erode,May,Sandy Loam,67,25,40,6.0,1264,73,No
Salem,Jan,Black Soil,72,31,110,4.6,1174,45,No
Trichy,Aug,Clay,116,53,91,6.8,439,78,No
Dharmapuri,Oct,Red Soil,122,47,46,5.2,1205,45,No
Thoothukudi,May,Clay,91,76,128,5.0,509,88,No
Thoothukudi,Dec,Red Soil,52,66,101,7.5,850,82,No
Dindigul,Jul,Loamy,111,55,96,8.0,835,72,No
Namakkal,Aug,Clay,44,70,83,5.2,1168,67,No
Madurai,Sep,Clay,120,56,108,7.3,865,44,No
Dindigul,Sep,Sandy Loam,86,45,56,5.3,558,77,No
Madurai,Sep,Black Soil,37,46,48,7.8,611,74,No
Trichy,Jun,Clay,36,26,77,6.0,779,68,No
Coimbatore,Jan,Sandy Loam,37,64,99,6.0,1176,77,No
Dharmapuri,Sep,Black Soil,88,48,125,4.9,443,42,No
Dharmapuri,May,Black Soil,96,51,110,7.3,845,70,No
Dharmapuri,Jul,Red Soil,109,21,31,8.4,840,85,No
Tirunelveli,Sep,Sandy Loam,119,21,96,7.7,577,86,No
Dharmapuri,Dec,Clay,94,29,89,8.1,420,60,No
Salem,Nov,Red Soil,116,45,126,6.9,495,63,No
Dharmapuri,Apr,Loamy,110,34,124,7.0,1260,62,No
Erode,Feb,Sandy Loam,95,61,124,8.3,1042,54,No
Thanjavur,May,Clay,56,41,71,7.6,798,41,No
Namakkal,Jul,Sandy Loam,53,25,52,4.5,672,59,No
Madurai,Nov,Black Soil,71,31,88,7.8,1067,51,No
Salem,Jun,Red Soil,100,20,108,5.9,951,75,No
Tirunelveli,Dec,Sandy Loam,66,23,67,6.2,770,63,No
Villupuram,Jul,Black Soil,33,45,63,6.4,854,49,No
Thanjavur,Jul,Loamy,91,15,83,5.0,401,71,No
Erode,Jan,Sandy Loam,80,24,47,4.7,551,51,No
Madurai,Oct,Clay,88,70,68,6.6,880,81,No
Dindigul,Nov,Sandy Loam,128,44,81,8.1,624,45,No
Villupuram,Mar,Black Soil,78,15,74,7.1,608,71,No
Salem,Aug,Clay,68,36,122,5.7,659,75,No
Karur,Jul,Black Soil,78,74,125,7.7,525,74,No
Villupuram,Aug,Loamy,101,54,65,6.6,496,46,No
Coimbatore,Jan,Clay,61,30,106,6.8,942,70,No
Trichy,Oct,Black Soil,81,27,73,4.7,566,58,No
Madurai,May,Loamy,72,49,117,6.1,750,66,No
Coimbatore,May,Red Soil,54,70,81,6.8,730,67,No
Cuddalore,Apr,Sandy Loam,90,48,127,5.7,804,89,No
Krishnagiri,Oct,Black Soil,55,37,118,6.2,884,44,No
Krishnagiri,Apr,Sandy Loam,46,23,65,5.1,1271,78,No
Trichy,Jun,Clay,54,71,118,5.4,1119,66,No
Thoothukudi,Feb,Sandy Loam,82,33,57,6.4,1134,74,No
Madurai,Apr,Red Soil,111,16,33,5.8,756,48,No
Tirunelveli,Jun,Loamy,33,29,60,7.2,477,89,No
Madurai,Feb,Sandy Loam,70,37,73,8.4,612,71,No
Karur,Sep,Red Soil,68,24,75,6.6,1131,83,No
Cuddalore,Dec,Sandy Loam,60,35,64,7.6,532,57,No
Tirunelveli,May,Red Soil,72,56,101,5.8,942,58,No
Namakkal,Nov,Clay,86,67,94,4.7,409,58,No
Dindigul,Jun,Red Soil,39,33,33,7.6,764,84,No
Dindigul,Nov,Clay,70,39,95,8.3,893,40,No
Madurai,Oct,Black Soil,37,61,37,7.6,623,54,No
Madurai,May,Black Soil,83,38,54,7.2,1078,86,No
Karur,Aug,Clay,102,34,111,6.9,927,48,No
Tirunelveli,Jan,Loamy,31,31,58,7.4,715,71,No
Krishnagiri,May,Black Soil,48,26,36,7.1,425,67,No
Villupuram,Jan,Black Soil,59,50,56,6.5,562,72,No
Cuddalore,Jun,Clay,67,71,114,6.0,827,43,No
Salem,Oct,Red Soil,61,64,105,8.0,899,78,No
Trichy,Mar,Loamy,93,42,127,7.1,746,87,No
Dindigul,Mar,Sandy Loam,54,29,83,8.0,1214,50,No
Madurai,Jun,Black Soil,129,62,73,5.7,736,79,No
Thanjavur,Mar,Sandy Loam,90,21,37,6.2,705,54,No
Thoothukudi,May,Black Soil,40,55,109,8.3,1174,82,No
Tirunelveli,Dec,Red Soil,98,45,95,5.1,1287,53,No
Erode,Feb,Loamy,119,53,114,5.7,962,44,No
Karur,Sep,Sandy Loam,71,22,59,8.4,1148,69,No
Karur,Apr,Sandy Loam,111,35,99,7.0,887,50,No
Trichy,Jul,Clay,46,60,60,8.0,1042,65,No
Thanjavur,Nov,Black Soil,129,27,95,8.2,1265,78,No
Thoothukudi,May,Loamy,89,58,51,6.9,1011,59,Yes
Madurai,Nov,Loamy,84,48,55,7.4,763,69,No
Thoothukudi,Apr,Loamy,39,36,125,4.8,1275,80,No
Thanjavur,Dec,Loamy,48,43,126,8.3,1138,44,No
Namakkal,Mar,Clay,63,21,119,5.5,898,89,No
Trichy,Jun,Sandy Loam,63,31,47,6.8,630,64,No
Salem,Aug,Black Soil,100,79,85,8.0,608,73,No
Villupuram,Apr,Sandy Loam,80,39,51,7.0,995,66,Yes
Villupuram,Apr,Clay,85,27,45,8.2,546,72,No
Krishnagiri,Aug,Loamy,52,60,34,7.2,695,74,No
Namakkal,Jul,Red Soil,107,37,62,8.1,754,83,No
Tirunelveli,Feb,Loamy,121,64,87,6.7,1223,57,No
Cuddalore,May,Clay,76,33,96,7.3,596,52,No
Cuddalore,Jan,Red Soil,77,44,36,7.6,802,77,No
Villupuram,Feb,Clay,112,58,44,6.2,599,55,No
Krishnagiri,Apr,Red Soil,42,75,108,8.1,760,54,No
Salem,Jun,Loamy,59,32,91,4.7,586,66,No
Namakkal,Jul,Red Soil,71,53,82,7.1,1082,58,No
Dindigul,Jan,Loamy,101,35,113,4.5,610,82,No
Salem,Oct,Black Soil,105,72,124,7.3,560,56,No
Trichy,Apr,Black Soil,44,47,52,5.1,905,86,No
Cuddalore,Mar,Clay,117,69,101,5.9,862,49,No
Cuddalore,May,Loamy,106,18,113,5.4,679,76,No
Salem,Feb,Sandy Loam,88,19,43,6.0,777,68,No
Karur,Oct,Black Soil,47,41,69,4.7,1111,45,No
Tirunelveli,Sep,Loamy,86,46,128,4.7,598,42,No
Coimbatore,Aug,Loamy,30,59,89,5.7,902,51,No
Coimbatore,Sep,Red Soil,69,35,71,7.7,1128,67,No
Thanjavur,Dec,Red Soil,83,65,109,5.7,1019,79,No
Tirunelveli,Oct,Sandy Loam,104,63,117,6.9,460,44,No
Salem,Jun,Sandy Loam,34,48,52,7.6,1096,88,No
Tirunelveli,Jul,Black Soil,41,33,75,8.4,565,58,No
Erode,Jul,Sandy Loam,64,47,87,6.8,609,79,No
Tirunelveli,Nov,Red Soil,69,43,75,8.4,657,41,No
Cuddalore,Sep,Loamy,72,63,76,8.2,741,74,No
Thanjavur,Oct,Loamy,102,78,64,7.1,1199,49,No
Madurai,Jul,Loamy,81,34,78,5.1,1029,61,No
Dindigul,Jun,Red Soil,124,18,50,6.6,1151,51,No
Dharmapuri,Apr,Loamy,30,65,88,8.1,1061,84,No
Krishnagiri,Oct,Loamy,76,16,120,5.5,1047,87,No
Trichy,Aug,Clay,35,24,107,4.6,695,55,No
Erode,Feb,Loamy,41,27,100,6.5,814,44,No
Thanjavur,Oct,Clay,44,54,124,8.3,515,78,No
Trichy,Sep,Clay,59,20,69,6.5,448,79,No
Coimbatore,Sep,Clay,92,40,84,7.6,644,48,No
Namakkal,Jul,Black Soil,71,15,53,7.2,1235,48,No
Namakkal,Oct,Loamy,36,45,76,7.9,1243,77,No
Tirunelveli,Jul,Sandy Loam,51,21,85,7.3,953,47,No
Dharmapuri,Dec,Clay,119,75,64,6.3,704,72,No
Thoothukudi,Mar,Loamy,49,66,38,6.9,859,68,No
Thoothukudi,Mar,Loamy,52,27,58,5.4,1228,65,No
Trichy,Mar,Sandy Loam,68,73,69,7.4,721,76,No
Karur,Sep,Loamy,61,76,124,7.1,1201,65,No
Thanjavur,Aug,Black Soil,102,78,38,8.4,708,66,No
Coimbatore,Nov,Black Soil,78,59,42,7.7,991,80,No
Thoothukudi,Oct,Clay,37,48,129,6.2,847,74,No
Trichy,Oct,Black Soil,100,54,34,6.2,646,75,No
Trichy,Feb,Loamy,44,48,126,7.5,1170,85,No
Cuddalore,Aug,Black Soil,60,74,104,4.5,703,48,No
Namakkal,Mar,Red Soil,61,17,98,8.4,1100,80,No
Villupuram,Jan,Clay,87,44,33,4.6,1162,54,No
Thanjavur,Aug,Clay,106,57,64,6.8,1184,42,No
Dharmapuri,May,Clay,122,45,30,6.8,1055,58,No
Karur,May,Loamy,41,44,55,5.7,1192,60,No
Salem,Feb,Loamy,98,15,102,5.7,722,68,No
Salem,Apr,Clay,61,62,32,4.9,1078,43,No
Dindigul,Jan,Clay,45,34,45,6.7,909,84,No
Dindigul,Feb,Clay,45,18,123,5.0,1185,75,No
Thoothukudi,Jan,Sandy Loam,77,24,69,6.1,619,56,No
Cuddalore,Aug,Red Soil,71,23,93,5.7,735,63,No
Coimbatore,Jan,Clay,33,42,71,7.8,851,70,No
Salem,Jun,Black Soil,94,75,81,6.6,417,83,No
Namakkal,Oct,Red Soil,120,15,107,5.8,444,78,No
Thoothukudi,Jan,Black Soil,73,72,105,6.8,1094,63,No
Erode,Jun,Clay,97,15,88,5.2,664,59,No
Erode,Sep,Black Soil,109,72,68,6.9,615,64,No
Madurai,Jul,Clay,63,62,47,6.4,582,49,No
Salem,Apr,Clay,63,48,34,8.2,995,48,No
Thoothukudi,Jun,Black Soil,117,18,70,4.6,1243,67,No
Thanjavur,Sep,Loamy,33,23,92,7.5,1209,64,No
Krishnagiri,Nov,Sandy Loam,31,16,65,7.6,1097,84,No
Karur,Apr,Clay,113,30,122,7.7,765,55,No
Dharmapuri,Apr,Sandy Loam,61,78,67,8.2,581,59,No
Tirunelveli,Feb,Sandy Loam,81,17,41,7.5,529,87,No
Karur,May,Clay,44,43,87,4.8,857,48,No
Dindigul,Dec,Sandy Loam,91,54,52,8.3,872,66,No
Cuddalore,May,Loamy,52,28,114,4.7,669,68,No
Dindigul,Dec,Clay,108,35,89,7.7,809,71,No
Dharmapuri,Oct,Red Soil,71,33,67,5.8,1052,76,No
Erode,Mar,Black Soil,82,73,129,6.0,838,75,No
Villupuram,Nov,Red Soil,52,75,58,4.9,729,50,No
Thoothukudi,Mar,Black Soil,42,68,48,6.9,993,69,No
Cuddalore,Oct,Loamy,78,70,70,6.9,1214,73,No
Madurai,Jul,Clay,121,20,84,5.4,1045,69,No
Cuddalore,Sep,Black Soil,32,71,106,7.8,841,58,No
Krishnagiri,Jan,Red Soil,89,75,102,8.3,990,79,No
Krishnagiri,Jun,Black Soil,47,62,84,6.2,1127,80,No
Karur,Apr,Loamy,38,57,97,6.3,1288,83,No
Thanjavur,Jun,Loamy,48,75,82,7.8,745,69,No
Dindigul,Jun,Red Soil,99,73,115,7.7,1276,55,No
Trichy,Jan,Sandy Loam,33,55,64,7.9,686,45,No
Madurai,Oct,Loamy,129,15,60,7.9,911,71,No
Dharmapuri,May,Sandy Loam,65,33,73,6.3,989,41,No
Namakkal,Feb,Loamy,95,22,100,6.2,1051,67,No
Villupuram,Oct,Red Soil,32,28,118,7.1,723,66,No
Thoothukudi,Jun,Loamy,76,69,54,6.0,559,79,No
Salem,Jun,Red Soil,77,67,57,8.4,811,56,No
Dharmapuri,Oct,Loamy,34,28,48,6.2,1183,43,No
Krishnagiri,Feb,Red Soil,106,34,53,7.4,1003,84,No
Coimbatore,Dec,Loamy,82,71,114,6.5,710,89,No
Dindigul,May,Red Soil,125,63,43,7.7,1267,61,No
Trichy,Mar,Red Soil,90,22,100,8.2,713,53,No
Salem,May,Loamy,110,15,124,5.3,1257,47,No
Cuddalore,Sep,Loamy,66,77,113,5.8,1125,60,No
Salem,Jan,Black Soil,36,31,50,6.2,727,88,No
Krishnagiri,Jun,Clay,34,73,100,6.6,784,81,No
Trichy,Jul,Red Soil,41,16,105,8.1,953,52,No
Villupuram,Feb,Clay,126,31,106,6.1,424,66,No
Salem,Feb,Clay,81,72,53,4.9,442,76,No
Salem,May,Black Soil,104,42,99,5.5,825,57,No
Madurai,Jun,Black Soil,80,27,97,5.4,654,83,No
Erode,Sep,Sandy Loam,91,48,113,5.5,833,63,No
Tirunelveli,Feb,Black Soil,128,31,94,5.2,760,47,No
Dharmapuri,May,Clay,45,45,42,6.3,1020,68,No
Tirunelveli,Mar,Sandy Loam,97,50,48,4.7,953,58,No
Karur,Dec,Clay,31,76,64,7.9,1042,41,No
Dharmapuri,Apr,Black Soil,88,71,94,5.2,868,70,No
Thanjavur,Dec,Sandy Loam,80,23,50,7.3,1260,63,No
Trichy,Aug,Red Soil,42,67,103,4.7,1166,80,No
Villupuram,Feb,Sandy Loam,114,36,90,7.4,1075,45,No
Villupuram,Oct,Sandy Loam,129,74,117,7.3,979,89,No
Trichy,Jun,Sandy Loam,33,29,109,8.2,909,66,No
Namakkal,Jun,Loamy,75,54,76,7.0,629,46,No
Thanjavur,Oct,Black Soil,105,79,50,7.3,1241,47,No
Thanjavur,Dec,Sandy Loam,89,28,56,6.8,1057,72,No
Coimbatore,Feb,Loamy,85,63,53,8.3,1120,77,No
Trichy,May,Loamy,82,60,122,8.0,647,46,No
Tirunelveli,Mar,Sandy Loam,118,21,47,4.6,541,67,No
Cuddalore,Jan,Red Soil,129,70,37,7.3,766,86,No
Karur,Dec,Black Soil,127,66,34,7.5,1019,82,No
Krishnagiri,Jun,Loamy,97,22,64,7.2,673,45,No
Krishnagiri,Sep,Red Soil,42,53,106,5.0,1007,41,No
Madurai,May,Sandy Loam,122,51,49,5.1,969,43,No
Trichy,Jun,Clay,102,33,110,6.4,826,53,No
Trichy,Feb,Sandy Loam,110,28,35,6.8,646,48,No
Thanjavur,Aug,Clay,125,72,39,8.0,1011,75,No
Namakkal,Dec,Black Soil,49,52,30,7.0,772,68,No
Cuddalore,May,Red Soil,96,31,84,8.2,821,78,No
Villupuram,May,Red Soil,52,36,66,4.6,1048,89,No
Trichy,Sep,Sandy Loam,43,66,47,7.5,482,89,No
Dindigul,May,Loamy,96,72,40,6.9,1221,43,No
Dharmapuri,Sep,Sandy Loam,104,46,49,5.7,491,45,No
Madurai,Aug,Loamy,46,71,33,7.1,683,88,No
Coimbatore,Jul,Black Soil,62,49,56,5.5,461,89,No
Namakkal,May,Sandy Loam,75,79,78,5.6,1259,78,No
Karur,Aug,Red Soil,46,57,78,6.8,577,73,No
Trichy,Nov,Red Soil,117,21,49,5.9,1259,87,No
Thoothukudi,Oct,Clay,82,50,41,6.7,834,56,No
Dharmapuri,Feb,Red Soil,60,44,89,7.7,420,43,No
Cuddalore,Apr,Black Soil,67,19,122,5.8,1245,55,No
Thanjavur,Dec,Red Soil,70,50,80,8.5,996,84,No
Trichy,Aug,Loamy,88,47,104,5.1,469,68,No
Thanjavur,Jan,Sandy Loam,48,39,68,6.0,838,67,No
Thoothukudi,Feb,Black Soil,112,78,105,8.0,537,63,No
Madurai,Jun,Loamy,128,22,79,6.8,819,75,No
Thoothukudi,Apr,Loamy,129,59,114,7.6,786,64,No
Villupuram,Feb,Black Soil,62,64,84,6.1,422,62,No
Cuddalore,Jun,Sandy Loam,119,20,52,4.7,566,51,No
Namakkal,Oct,Loamy,112,26,101,5.8,1202,71,No
Coimbatore,Jun,Sandy Loam,80,77,57,6.3,739,63,No
Dindigul,Apr,Red Soil,84,37,59,5.8,898,58,No
Thanjavur,Dec,Black Soil,123,54,43,7.1,429,79,No
Cuddalore,Jan,Loamy,83,75,58,6.6,411,56,No
Dindigul,Jun,Clay,70,55,79,7.4,642,46,No
Coimbatore,Jan,Sandy Loam,124,69,74,5.9,627,80,No
Salem,Sep,Loamy,55,51,104,7.7,1243,56,No
Karur,Sep,Loamy,124,31,98,6.7,983,65,No
Tirunelveli,Dec,Sandy Loam,52,25,68,8.3,874,51,No
Dharmapuri,Jul,Red Soil,94,17,51,7.6,1124,65,No
Thanjavur,Nov,Red Soil,86,49,60,4.6,775,69,No
Thoothukudi,Oct,Clay,117,61,93,4.7,790,76,No
Salem,Jul,Black Soil,101,60,75,6.5,551,79,No
Salem,Aug,Sandy Loam,69,32,103,8.2,1225,58,No
Villupuram,Feb,Clay,57,69,117,5.2,526,41,No
Dindigul,Sep,Red Soil,63,42,68,7.1,1111,67,No
Coimbatore,Aug,Red Soil,96,54,69,7.7,708,74,No
Cuddalore,Feb,Sandy Loam,52,21,48,6.2,896,69,No
Karur,Apr,Loamy,32,56,66,5.4,889,40,No
Madurai,Nov,Red Soil,110,31,66,5.6,547,42,No
Krishnagiri,Dec,Sandy Loam,94,42,96,7.0,962,69,Yes
Krishnagiri,Mar,Red Soil,59,32,122,7.8,678,54,No
Trichy,May,Loamy,70,44,83,5.2,1048,65,No
Trichy,Oct,Black Soil,104,60,99,7.3,1099,40,No
Salem,Dec,Red Soil,104,27,99,7.3,1137,57,No
Krishnagiri,Jun,Loamy,107,71,108,4.9,840,87,No
Karur,Feb,Sandy Loam,105,18,51,8.1,979,48,No
Trichy,May,Loamy,80,54,88,4.5,406,82,No
Tirunelveli,Sep,Clay,50,50,119,4.5,696,77,No
Tirunelveli,Mar,Red Soil,51,64,92,6.0,649,51,No
Villupuram,Sep,Sandy Loam,64,27,87,5.0,406,45,No
Dindigul,Aug,Black Soil,77,24,69,6.5,597,81,No
Madurai,Jan,Sandy Loam,99,51,95,5.6,585,43,No
Villupuram,Feb,Loamy,129,32,40,6.8,746,55,No
Villupuram,Aug,Loamy,66,46,44,5.5,1281,62,No
Tirunelveli,Jun,Red Soil,119,18,106,5.0,410,52,No
Thanjavur,Nov,Black Soil,34,21,109,6.4,1295,83,No
Coimbatore,Jun,Red Soil,106,67,107,5.8,677,88,No
Namakkal,Feb,Black Soil,85,51,56,4.9,844,74,No
Thanjavur,May,Red Soil,115,44,37,6.8,734,88,No
Tirunelveli,Aug,Black Soil,59,67,71,5.5,692,46,No
Cuddalore,Sep,Red Soil,117,46,117,7.2,950,82,No
Thoothukudi,Mar,Red Soil,54,71,119,5.9,1146,46,No
Coimbatore,Feb,Red Soil,73,67,69,4.7,960,58,No
Madurai,May,Red Soil,50,51,69,4.8,1031,58,No
Coimbatore,Jul,Red Soil,67,17,108,8.3,1297,43,No
Coimbatore,Jul,Black Soil,126,53,68,7.7,640,67,No
Thanjavur,Nov,Red Soil,78,63,55,6.3,449,49,No
Thoothukudi,Sep,Black Soil,45,34,43,5.7,1068,78,No
Salem,Jul,Clay,81,24,116,8.4,680,43,No
Karur,May,Black Soil,43,74,84,8.1,746,58,No
Dindigul,Jul,Clay,84,42,41,4.5,757,45,No
Namakkal,Jul,Black Soil,34,79,74,6.1,1005,59,No
Dharmapuri,Dec,Clay,33,44,35,7.9,469,65,No
Villupuram,May,Clay,52,15,75,8.2,989,83,No
Karur,May,Red Soil,43,39,89,6.9,1096,43,No
Madurai,Feb,Red Soil,56,32,122,4.7,1127,55,No
Salem,May,Clay,105,67,37,6.5,528,80,No
Erode,Dec,Black Soil,41,70,120,5.0,442,83,No
Karur,Aug,Red Soil,83,62,125,7.7,986,48,No
Tirunelveli,Nov,Sandy Loam,112,24,111,5.3,1124,84,No
Dindigul,May,Black Soil,99,46,80,4.5,592,89,No
Namakkal,Jan,Black Soil,85,66,121,5.2,1200,56,No
Namakkal,Oct,Loamy,35,53,98,7.8,1190,46,No
Thoothukudi,Jul,Sandy Loam,33,39,94,7.7,468,61,No
Erode,Mar,Sandy Loam,124,69,80,8.2,1025,71,No
Madurai,Sep,Sandy Loam,103,40,83,7.1,439,52,No
Salem,Jan,Black Soil,86,24,72,8.1,1024,52,No
Dindigul,Dec,Clay,76,43,70,7.4,1277,42,No
Salem,Dec,Red Soil,116,22,113,8.4,479,58,No
Karur,Jul,Red Soil,81,25,94,8.4,1186,73,No
Coimbatore,Jan,Sandy Loam,49,16,126,7.9,1226,66,No
Cuddalore,Apr,Sandy Loam,84,71,96,8.1,509,60,No
Coimbatore,Aug,Black Soil,77,69,65,7.0,802,71,No
Krishnagiri,May,Loamy,50,64,118,7.8,768,45,No
Dharmapuri,May,Red Soil,49,74,114,7.4,1287,73,No
Thoothukudi,Oct,Red Soil,30,17,58,4.8,1251,73,No
Trichy,Aug,Sandy Loam,92,20,59,7.4,406,51,No
Villupuram,Oct,Clay,50,39,119,8.5,1047,64,No
Karur,Jan,Black Soil,51,30,93,6.6,1013,57,No
Thoothukudi,Apr,Black Soil,66,37,30,5.7,475,53,No
Trichy,Oct,Sandy Loam,92,70,88,8.2,1279,81,No
Namakkal,Mar,Red Soil,113,31,123,4.7,720,40,No
Cuddalore,Aug,Clay,64,32,118,4.7,1221,60,No
Thanjavur,Aug,Clay,37,38,49,5.4,866,69,No
Salem,Dec,Black Soil,89,64,91,5.6,619,40,No
Tirunelveli,Oct,Loamy,90,72,44,4.8,523,43,No
Dindigul,Jul,Clay,73,51,90,5.1,723,84,No
Salem,Mar,Clay,113,43,64,5.2,604,77,No
Madurai,Jan,Red Soil,90,30,92,7.6,997,71,No
Coimbatore,Nov,Loamy,120,74,50,8.3,811,51,No
Erode,Jun,Black Soil,35,44,100,4.6,914,77,No
Karur,Sep,Sandy Loam,72,49,110,6.2,826,44,No
Salem,Jan,Clay,42,24,109,4.9,1155,61,No
Erode,Sep,Black Soil,33,61,55,6.1,447,72,No
Erode,Feb,Clay,107,66,46,7.3,1113,70,No
Dindigul,Jun,Black Soil,109,67,120,6.8,1298,43,No
Namakkal,Mar,Loamy,30,75,103,4.8,1046,74,No
Krishnagiri,Jan,Loamy,95,66,41,6.3,947,84,No
Coimbatore,May,Clay,107,72,81,7.9,1097,52,No
Tirunelveli,Jun,Red Soil,60,61,121,4.6,406,82,No
Trichy,Jul,Sandy Loam,49,28,60,6.6,425,56,No
Trichy,Nov,Loamy,47,66,42,6.7,933,70,No
Dindigul,May,Clay,42,64,32,4.5,1042,89,No
Dharmapuri,Nov,Clay,112,55,88,6.0,597,44,No
Krishnagiri,Jun,Black Soil,54,26,33,6.0,1215,71,No
Cuddalore,Nov,Clay,89,20,88,5.6,1193,79,No
Namakkal,May,Red Soil,88,67,93,7.7,1084,55,No
Dindigul,Apr,Sandy Loam,52,22,74,6.3,763,47,No
Salem,Jun,Black Soil,102,18,49,7.0,518,48,No
Thanjavur,Feb,Black Soil,81,63,95,7.2,454,61,No
Krishnagiri,Jun,Black Soil,51,71,107,8.4,734,61,No
Madurai,Mar,Black Soil,41,77,51,8.3,619,73,No
Madurai,Dec,Sandy Loam,118,29,128,7.0,566,61,No
Coimbatore,Jun,Sandy Loam,112,45,81,8.4,799,65,No
Salem,Mar,Sandy Loam,91,15,46,8.0,1190,60,No
Cuddalore,Oct,Loamy,79,46,117,4.6,1061,89,No
Salem,Jun,Clay,63,35,117,5.3,1288,69,No
Krishnagiri,Jun,Red Soil,101,50,113,4.7,726,72,No
Erode,Jun,Black Soil,63,21,33,8.0,1253,42,No
Krishnagiri,Feb,Clay,90,44,39,6.2,481,85,No
Villupuram,Apr,Black Soil,60,63,50,5.9,447,51,No
Trichy,Mar,Clay,56,69,112,5.2,762,82,No
Erode,Sep,Red Soil,37,37,30,5.2,772,49,No
Madurai,Jun,Black Soil,48,48,117,7.5,1292,60,No
Madurai,Apr,Loamy,80,28,83,5.3,809,49,No
Dindigul,Aug,Clay,80,23,129,8.2,964,69,No
Dharmapuri,May,Sandy Loam,62,59,60,7.3,1125,76,No
Dharmapuri,Aug,Clay,125,21,62,7.3,1042,51,No
Erode,Apr,Loamy,114,53,114,4.8,432,51,No
Krishnagiri,Mar,Red Soil,43,41,89,7.2,943,74,No
Madurai,May,Loamy,75,22,64,6.7,894,43,No
Dharmapuri,Jan,Black Soil,127,38,69,6.1,553,49,No
Erode,Sep,Clay,115,60,57,7.9,769,40,No
Trichy,Mar,Loamy,42,70,73,5.0,640,68,No
Thoothukudi,Mar,Black Soil,116,61,128,5.5,885,52,No
Karur,Mar,Clay,73,79,66,5.1,790,69,No
Erode,Dec,Red Soil,80,45,97,6.4,808,82,No
Tirunelveli,Sep,Red Soil,92,24,76,7.2,723,82,No
Madurai,Sep,Loamy,117,21,35,8.3,1168,72,No
Villupuram,May,Clay,115,32,113,6.7,889,40,No
Tirunelveli,Sep,Clay,98,42,84,4.8,1015,72,No
Salem,Mar,Sandy Loam,61,62,32,8.2,895,49,No
Cuddalore,Jan,Clay,123,46,41,7.7,1249,79,No
Trichy,Aug,Sandy Loam,77,28,41,6.7,1019,43,No
Madurai,Mar,Loamy,59,64,106,7.5,1249,59,No
Villupuram,May,Red Soil,41,60,78,4.7,425,77,No
Salem,Jan,Clay,64,78,108,6.7,943,85,No
Namakkal,May,Red Soil,75,37,31,7.4,1276,68,No
Dharmapuri,Jan,Red Soil,103,34,50,4.6,1191,89,No
Tirunelveli,Dec,Loamy,70,27,87,4.6,533,60,No
Dharmapuri,Mar,Red Soil,50,41,100,6.3,488,58,No
Dharmapuri,Jun,Red Soil,55,67,43,5.7,581,86,No
Krishnagiri,Jun,Black Soil,104,20,103,5.3,1173,85,No
Thanjavur,Mar,Sandy Loam,33,39,65,4.6,748,49,No
Erode,Oct,Sandy Loam,62,29,90,6.8,989,80,Yes
Trichy,Dec,Sandy Loam,38,32,81,6.4,585,87,No
Coimbatore,Mar,Sandy Loam,110,41,66,6.7,1012,45,No
Madurai,Nov,Loamy,36,79,35,8.2,754,64,No
Trichy,Feb,Sandy Loam,57,29,110,6.3,1052,76,No
Dindigul,Mar,Clay,76,56,64,6.8,944,40,No
Namakkal,Sep,Black Soil,123,40,108,6.3,534,82,No
Dindigul,Feb,Black Soil,90,57,88,7.8,428,83,No
Thanjavur,May,Loamy,90,46,48,6.9,444,86,No
Coimbatore,May,Loamy,126,42,105,8.5,633,78,No
Namakkal,Nov,Clay,42,57,69,8.1,521,82,No
Coimbatore,May,Red Soil,106,43,71,7.0,808,51,No
Dharmapuri,Sep,Red Soil,76,53,84,4.9,712,75,No
Trichy,Mar,Loamy,34,52,104,5.9,556,82,No
Madurai,Sep,Sandy Loam,36,36,98,7.2,1298,58,No
Krishnagiri,Oct,Sandy Loam,95,20,110,4.9,777,68,No
Villupuram,Feb,Black Soil,72,26,39,8.1,1037,65,No
Namakkal,May,Black Soil,92,31,44,6.1,1025,84,No
Madurai,Aug,Clay,100,34,91,7.9,625,57,No
Dharmapuri,Jan,Loamy,112,39,111,6.7,901,83,No
Namakkal,Aug,Sandy Loam,65,55,68,6.5,707,51,No
Cuddalore,Nov,Clay,37,71,30,7.0,779,42,No
Namakkal,Oct,Sandy Loam,71,42,127,7.2,1186,45,No
Dindigul,Feb,Sandy Loam,56,39,35,4.6,827,85,No
Trichy,Aug,Sandy Loam,38,71,64,7.8,669,65,No
Krishnagiri,Oct,Sandy Loam,86,74,62,7.6,562,68,No
Thanjavur,Feb,Red Soil,102,58,89,5.8,1204,56,No
Dharmapuri,Mar,Clay,93,24,100,6.4,881,61,No
Trichy,Apr,Clay,128,44,88,7.7,621,77,No
Villupuram,Jan,Sandy Loam,31,45,33,7.2,922,81,No
Trichy,Nov,Black Soil,102,52,86,5.6,843,45,No
Tirunelveli,Jul,Loamy,115,22,94,5.8,1054,76,No
Karur,Jun,Black Soil,117,62,92,8.1,1183,85,No
Salem,Nov,Black Soil,38,51,57,4.5,1057,70,No
Trichy,Aug,Sandy Loam,108,39,53,7.8,577,55,No
Salem,Sep,Red Soil,60,56,110,7.1,673,72,No
Cuddalore,Dec,Black Soil,122,58,119,4.8,497,59,No
Krishnagiri,Aug,Red Soil,63,23,56,8.3,940,86,No
Erode,Dec,Sandy Loam,113,29,94,7.0,661,44,No
Namakkal,Dec,Red Soil,38,69,109,7.3,1055,59,No
Madurai,Mar,Black Soil,45,20,52,7.9,509,83,No
Namakkal,Aug,Red Soil,73,59,40,5.1,963,50,No
Krishnagiri,Mar,Black Soil,93,56,53,7.3,706,50,No
Coimbatore,Mar,Loamy,98,74,39,4.7,482,52,No
Coimbatore,Jan,Clay,101,15,105,7.9,439,46,No
Krishnagiri,Apr,Black Soil,110,71,72,5.0,814,80,No
Namakkal,Mar,Clay,86,21,108,8.4,537,73,No
Coimbatore,May,Loamy,33,44,53,4.5,1149,89,No
Karur,Sep,Loamy,128,66,37,6.5,592,70,No
Salem,Oct,Red Soil,125,38,91,8.4,1017,48,No
Dharmapuri,Jul,Sandy Loam,56,70,52,6.0,1126,76,No
Salem,Jan,Sandy Loam,47,56,66,6.6,873,88,No
Thoothukudi,Sep,Sandy Loam,108,59,38,5.6,1133,59,No
Thanjavur,May,Clay,56,29,39,6.0,1013,55,No
Madurai,Sep,Black Soil,37,72,63,7.5,683,82,No
Thanjavur,Sep,Loamy,64,21,45,5.1,1114,86,No
Dindigul,Feb,Loamy,106,59,71,4.6,1203,75,No
Salem,Jan,Loamy,80,25,61,7.5,400,77,No
Karur,Dec,Loamy,43,70,78,5.0,822,81,No
Dharmapuri,Sep,Sandy Loam,122,38,58,7.6,911,63,No
Dharmapuri,May,Loamy,34,76,48,6.6,648,79,No
Salem,Oct,Clay,91,40,92,8.1,819,53,No
Thanjavur,Apr,Black Soil,100,72,100,7.1,954,68,No
Tirunelveli,Jun,Black Soil,125,30,96,6.0,785,65,No
Madurai,Apr,Red Soil,128,18,55,7.9,530,50,No
Cuddalore,Jul,Sandy Loam,86,21,71,7.8,1033,47,No
Dindigul,Aug,Sandy Loam,121,41,102,5.6,1099,42,No
Krishnagiri,Dec,Red Soil,126,40,104,8.4,1010,87,No
Namakkal,May,Red Soil,128,64,54,4.7,1170,77,No
Cuddalore,Sep,Sandy Loam,115,58,95,7.9,728,41,No
Tirunelveli,Apr,Loamy,54,22,74,6.7,552,46,No
Krishnagiri,Oct,Black Soil,52,42,103,8.4,932,80,No
Madurai,May,Loamy,56,42,94,8.1,1065,77,No
Salem,Jun,Red Soil,48,77,40,7.0,684,71,No
Tirunelveli,Nov,Red Soil,31,47,94,6.1,1257,66,No
Dindigul,Mar,Clay,91,73,41,7.7,1195,75,No
Coimbatore,Feb,Sandy Loam,88,20,69,5.0,1073,67,No
Dindigul,Apr,Black Soil,43,72,118,6.0,1294,67,No
Dindigul,Aug,Black Soil,51,42,96,6.9,1115,59,No
Krishnagiri,Feb,Loamy,62,40,35,6.6,797,87,No
Madurai,May,Clay,37,18,97,5.9,540,69,No
Coimbatore,Jan,Red Soil,85,16,42,5.7,982,49,No
Salem,Oct,Sandy Loam,118,19,118,8.5,1120,45,No
Coimbatore,Apr,Loamy,48,27,91,6.8,862,40,No
Karur,Jun,Sandy Loam,86,32,91,8.1,480,75,No
Tirunelveli,Nov,Clay,41,71,66,5.8,1167,50,No
Namakkal,Jul,Clay,101,48,99,7.2,1087,81,No
Dindigul,Jul,Black Soil,38,59,129,7.5,698,73,No
Erode,May,Red Soil,100,25,75,7.8,713,75,No
Thoothukudi,Nov,Red Soil,49,46,104,4.8,669,44,No
Cuddalore,Apr,Clay,75,78,71,6.4,980,87,No
Thoothukudi,Dec,Sandy Loam,109,68,77,7.2,603,68,No
Tirunelveli,Mar,Black Soil,54,35,121,7.6,506,49,No
Coimbatore,Jun,Red Soil,91,28,45,5.8,1247,81,No
Villupuram,Feb,Black Soil,113,50,88,5.6,668,40,No
Krishnagiri,Mar,Black Soil,118,27,35,7.3,480,40,No
Thoothukudi,Jul,Black Soil,91,66,47,8.1,712,88,No
Cuddalore,Jan,Red Soil,127,25,61,4.9,1177,71,No
Tirunelveli,Jun,Clay,116,46,79,6.7,981,55,No
Tirunelveli,Jan,Clay,45,42,72,8.3,507,82,No
Coimbatore,Nov,Loamy,81,28,122,5.0,1065,80,No
Salem,Oct,Black Soil,120,46,106,8.4,844,44,No
Erode,Aug,Sandy Loam,33,46,95,7.0,646,48,No
Thanjavur,Nov,Loamy,126,58,94,6.4,969,76,No
Namakkal,Dec,Loamy,116,18,84,8.0,1255,45,No
Dindigul,Nov,Loamy,51,27,79,5.8,522,86,No
Tirunelveli,May,Red Soil,105,58,95,5.1,1214,84,No
Dharmapuri,Jun,Loamy,78,76,63,5.8,658,75,No
Trichy,Oct,Red Soil,65,79,42,7.1,978,67,No
Salem,Sep,Sandy Loam,114,54,124,7.4,1174,43,No
Dindigul,Feb,Sandy Loam,30,45,109,5.7,816,78,No
Thanjavur,Aug,Red Soil,39,56,49,4.7,1277,79,No
Trichy,Jul,Sandy Loam,106,68,49,5.8,565,78,No
Thanjavur,Jul,Red Soil,87,40,43,4.8,793,57,No
Tirunelveli,Dec,Black Soil,84,69,81,6.6,1216,50,No
Dindigul,Jan,Clay,53,19,43,5.8,877,72,No
Trichy,Jun,Red Soil,33,60,89,5.0,689,48,No
Salem,Sep,Clay,115,34,37,4.9,785,45,No
Namakkal,Aug,Clay,104,52,87,5.8,406,40,No
Thanjavur,Sep,Sandy Loam,118,51,30,6.4,454,74,No
Thoothukudi,Feb,Black Soil,122,64,116,5.1,1169,40,No
Erode,May,Sandy Loam,46,63,76,6.7,539,77,No
Karur,Sep,Black Soil,66,63,109,6.4,750,40,No
Trichy,Nov,Red Soil,43,25,65,4.6,1074,79,No
Cuddalore,Oct,Loamy,48,26,70,8.3,519,70,No
Krishnagiri,Nov,Red Soil,68,39,76,8.3,1092,84,No
Erode,Sep,Sandy Loam,52,25,33,6.0,743,81,No
Salem,Jan,Clay,60,56,43,8.3,808,87,No
Madurai,Sep,Sandy Loam,119,62,47,5.4,1105,50,No
Trichy,Apr,Clay,110,43,126,6.6,509,67,No
Madurai,Dec,Sandy Loam,98,43,83,4.9,836,80,No
Erode,Oct,Sandy Loam,78,76,117,6.8,506,41,No
Thanjavur,Feb,Clay,88,34,49,5.3,883,71,No
Erode,Jul,Loamy,43,27,96,8.0,772,53,No
Dindigul,Sep,Sandy Loam,33,67,44,7.4,919,66,No
Madurai,Sep,Black Soil,127,35,39,4.8,1255,54,No
Villupuram,Apr,Clay,51,68,114,6.8,693,71,No
Coimbatore,Sep,Loamy,67,31,49,6.7,1229,50,No
Dharmapuri,Oct,Sandy Loam,74,65,115,5.1,474,87,No
Trichy,Sep,Clay,114,37,91,5.5,977,73,No
Krishnagiri,Sep,Clay,110,77,73,5.4,993,44,No
Salem,Oct,Sandy Loam,60,69,77,6.8,919,45,No
Thanjavur,Apr,Clay,37,25,92,5.3,1111,75,No
Dindigul,Oct,Sandy Loam,87,79,53,5.8,719,59,No
Trichy,Mar,Loamy,91,64,95,7.7,611,79,No
Thoothukudi,Oct,Red Soil,112,17,127,4.9,601,73,No
Erode,Jun,Loamy,30,27,43,7.4,885,54,No
Madurai,Feb,Red Soil,59,32,33,6.0,1090,47,No
Salem,Oct,Black Soil,99,59,72,6.4,1164,66,No
Villupuram,Dec,Clay,45,63,37,8.0,821,62,No
Krishnagiri,Apr,Black Soil,100,51,35,5.1,1186,87,No
Tirunelveli,Feb,Clay,56,59,75,7.1,834,43,No
Coimbatore,Mar,Black Soil,103,24,107,7.5,803,64,No
Trichy,Dec,Loamy,32,55,70,7.1,806,76,No
Tirunelveli,Feb,Red Soil,73,59,77,5.5,667,54,No
Dharmapuri,Feb,Black Soil,105,69,100,7.5,577,59,No
Villupuram,Dec,Black Soil,58,74,67,8.1,566,88,No
Madurai,Jul,Black Soil,90,17,54,6.7,1279,53,No
Salem,Nov,Black Soil,128,18,94,5.7,1019,88,No
Tirunelveli,Jul,Red Soil,101,17,76,8.3,1154,83,No
Tirunelveli,Dec,Black Soil,43,22,47,7.5,506,83,No
Madurai,Apr,Sandy Loam,49,40,47,6.4,767,65,No
Tirunelveli,Jul,Black Soil,38,56,69,6.0,680,76,No
Krishnagiri,Nov,Loamy,63,46,94,7.6,700,82,No
Salem,May,Black Soil,100,77,127,6.0,570,54,No
Villupuram,Sep,Red Soil,91,72,73,5.0,496,50,No
Trichy,Aug,Clay,74,44,36,8.3,857,86,No
Madurai,Jan,Black Soil,56,48,45,5.2,1144,50,No
Erode,Sep,Loamy,79,32,115,7.1,1296,67,No
Krishnagiri,Sep,Sandy Loam,30,52,82,5.7,1267,63,No
Thanjavur,Oct,Black Soil,65,64,127,6.1,758,45,No
Karur,Sep,Clay,86,75,64,6.1,1008,66,No
Thanjavur,Oct,Clay,89,38,101,7.0,897,85,No
Thoothukudi,Apr,Red Soil,76,23,32,5.8,560,83,No
Cuddalore,Nov,Clay,70,28,54,7.3,987,78,No
Krishnagiri,Jun,Red Soil,50,44,122,7.8,509,60,No
Thoothukudi,Nov,Red Soil,89,50,111,6.2,633,55,No
Karur,Jun,Black Soil,70,47,117,5.0,1063,63,No
Villupuram,Aug,Red Soil,96,52,38,4.9,873,70,No
Tirunelveli,Nov,Red Soil,90,61,48,7.3,555,83,No
Namakkal,Feb,Black Soil,99,56,37,6.7,735,47,No
Salem,Mar,Red Soil,96,47,48,7.5,924,47,No
Erode,Mar,Black Soil,76,63,48,5.7,863,47,No
Erode,Jan,Red Soil,71,40,106,7.2,679,77,No
Trichy,Apr,Red Soil,99,78,36,6.8,1237,86,No
Thoothukudi,Aug,Black Soil,122,22,44,7.7,1092,44,No
Villupuram,Sep,Loamy,104,72,45,7.5,1187,58,No
Dharmapuri,Jun,Loamy,88,36,46,8.0,548,81,No
Salem,Aug,Loamy,117,33,85,7.0,1022,70,No
Cuddalore,Feb,Loamy,122,28,30,7.8,1059,80,No
Karur,May,Black Soil,33,70,54,5.4,855,89,No
Salem,Mar,Red Soil,67,39,97,4.7,411,67,No
Karur,Jun,Sandy Loam,51,16,33,7.0,1036,43,No
Salem,May,Black Soil,124,37,77,7.7,457,45,No
Thoothukudi,Apr,Loamy,49,31,83,7.7,743,78,No
Cuddalore,Dec,Sandy Loam,112,17,111,6.9,792,87,No
Dharmapuri,Feb,Red Soil,51,45,77,7.3,446,56,No
Coimbatore,Apr,Red Soil,83,66,94,6.2,465,64,No
Trichy,May,Sandy Loam,100,49,79,4.5,885,58,No
Erode,May,Red Soil,87,39,89,7.8,1075,55,No
Salem,Jun,Loamy,92,28,98,8.1,987,88,No
Tirunelveli,Jun,Loamy,40,34,119,5.9,896,67,No
Namakkal,Sep,Red Soil,106,72,106,5.3,1051,40,No
Namakkal,Feb,Red Soil,91,26,79,8.2,419,73,No
Tirunelveli,Feb,Red Soil,104,69,108,5.5,973,76,No
Trichy,Jan,Red Soil,55,25,68,7.5,643,75,No
Dharmapuri,Aug,Black Soil,85,61,38,4.5,718,41,No
Namakkal,Oct,Loamy,87,48,63,7.4,682,49,No
Thoothukudi,Sep,Black Soil,124,76,33,4.7,847,79,No
Thanjavur,Dec,Loamy,41,77,106,8.1,1134,50,No
Thanjavur,Jul,Loamy,60,40,101,4.5,801,41,No
Thoothukudi,Jan,Black Soil,125,75,87,8.4,1022,46,No
Thanjavur,Jul,Loamy,125,19,69,4.9,1251,61,No
Krishnagiri,Mar,Red Soil,73,25,95,5.8,927,72,No
Villupuram,Dec,Loamy,108,16,99,6.1,1246,44,No
Dharmapuri,May,Black Soil,38,17,118,5.5,723,87,No
Coimbatore,Oct,Red Soil,113,48,105,6.7,1154,83,No
Coimbatore,Jun,Black Soil,56,79,84,5.1,1221,83,No
Madurai,Aug,Loamy,76,74,125,6.1,960,71,No
Coimbatore,Nov,Black Soil,71,38,88,8.1,810,84,No
Erode,May,Black Soil,47,50,122,5.0,497,50,No
Madurai,Dec,Black Soil,52,75,61,8.3,969,74,No
Krishnagiri,Dec,Loamy,87,19,32,7.3,842,41,No
Trichy,May,Clay,89,30,37,5.1,683,79,No
Cuddalore,Mar,Clay,113,21,53,7.7,488,80,No
Villupuram,Mar,Red Soil,97,48,66,8.1,561,57,No
Thoothukudi,Feb,Red Soil,58,73,88,6.8,599,72,No
Trichy,Oct,Sandy Loam,51,74,69,7.2,770,65,No
Dharmapuri,Apr,Red Soil,68,29,96,7.4,917,56,No
Krishnagiri,Jan,Sandy Loam,121,66,97,7.5,814,86,No
Madurai,Oct,Red Soil,107,76,77,7.2,1016,78,No
Erode,Dec,Sandy Loam,83,18,124,6.0,477,49,No
Salem,Mar,Sandy Loam,114,66,116,6.5,1003,58,No
Salem,Feb,Black Soil,65,45,123,4.8,840,46,No
Thanjavur,Jul,Loamy,31,66,116,8.0,1291,88,No
Thanjavur,Dec,Loamy,41,28,105,5.5,1006,86,No
Dindigul,Jul,Red Soil,32,49,42,7.1,1294,86,No
Thoothukudi,Feb,Loamy,56,76,59,8.3,759,88,No
Tirunelveli,May,Clay,112,29,65,4.5,1292,79,No
Tirunelveli,Aug,Clay,42,24,60,8.4,409,63,No
Trichy,Oct,Clay,72,20,82,6.8,933,45,No
Namakkal,Oct,Clay,96,65,82,6.8,1096,52,No
Namakkal,Mar,Sandy Loam,36,64,41,7.3,865,88,No
Krishnagiri,Mar,Loamy,123,23,30,6.1,871,46,No
Salem,Apr,Black Soil,63,16,42,7.3,449,46,No
Dharmapuri,May,Sandy Loam,51,41,46,6.5,1133,65,No
Erode,Aug,Sandy Loam,104,69,86,6.0,667,66,No
Thoothukudi,Aug,Loamy,128,20,93,5.4,1092,86,No
Erode,Jun,Red Soil,115,51,53,8.4,1177,41,No
Karur,Feb,Red Soil,123,36,117,5.9,453,64,No
Dindigul,Jan,Black Soil,39,23,119,5.6,627,63,No
Trichy,Oct,Black Soil,45,61,73,7.4,1245,61,No
Trichy,Oct,Red Soil,121,58,63,5.4,1055,59,No
Thoothukudi,Sep,Loamy,75,23,97,5.0,864,47,No
Namakkal,Oct,Loamy,80,50,129,6.4,658,61,No
Trichy,Aug,Red Soil,114,56,54,8.2,1219,45,No
Trichy,May,Black Soil,100,16,44,8.0,812,64,No
Coimbatore,Apr,Red Soil,41,44,70,8.4,721,49,No
Thoothukudi,Aug,Sandy Loam,38,19,37,7.3,1030,58,No
Dharmapuri,Aug,Black Soil,38,72,46,6.9,527,78,No
Tirunelveli,May,Sandy Loam,62,75,88,5.5,899,48,No
Namakkal,Apr,Black Soil,62,37,76,7.7,411,81,No
Villupuram,May,Loamy,73,18,100,6.3,726,85,No
Krishnagiri,Apr,Clay,112,64,53,6.3,749,65,No
Cuddalore,Jun,Clay,83,28,99,7.5,1139,44,No
Dindigul,Oct,Sandy Loam,40,18,44,5.7,733,84,No
Dharmapuri,Apr,Black Soil,113,67,119,6.4,1035,78,No
Dindigul,Oct,Clay,96,38,50,6.9,696,53,No
Madurai,Oct,Loamy,96,24,113,6.1,527,74,No
Namakkal,May,Red Soil,94,75,91,5.1,630,56,No
Erode,Aug,Sandy Loam,33,49,102,5.7,703,41,No
Cuddalore,Dec,Clay,95,44,128,4.8,992,63,No
Coimbatore,Jan,Clay,94,18,66,8.3,601,72,No
Dharmapuri,Oct,Loamy,47,43,62,5.7,967,64,No
Erode,May,Sandy Loam,44,29,65,5.9,1210,53,No
Namakkal,May,Loamy,42,52,47,7.1,601,85,No
Krishnagiri,Aug,Red Soil,118,30,32,6.3,565,56,No
Coimbatore,May,Loamy,128,77,35,6.0,929,74,No
Tirunelveli,Jan,Black Soil,122,67,38,8.0,686,66,No
Thanjavur,Aug,Black Soil,71,15,97,4.9,1049,70,No
Madurai,Mar,Sandy Loam,89,47,106,6.5,566,84,No
Dharmapuri,Jan,Black Soil,45,49,47,8.2,1102,67,No
Thoothukudi,Sep,Black Soil,44,36,47,8.1,699,70,No
Namakkal,Jan,Loamy,94,70,64,6.3,648,66,No
Thanjavur,Jul,Black Soil,44,20,104,8.0,560,43,No
Thoothukudi,Apr,Loamy,99,27,80,8.4,939,46,No
Namakkal,Apr,Sandy Loam,63,61,90,6.4,938,56,No
Namakkal,Jan,Black Soil,30,34,52,7.8,1265,59,No
Krishnagiri,Jan,Black Soil,31,49,93,7.0,703,64,No
Dindigul,Mar,Clay,80,72,64,5.1,963,86,No
Trichy,Sep,Red Soil,121,59,61,7.2,904,59,No
Namakkal,Dec,Sandy Loam,85,79,88,6.6,1138,56,No
Cuddalore,Jan,Black Soil,37,18,77,6.0,1103,75,No
Thanjavur,Mar,Clay,99,18,38,7.3,703,55,No
Thoothukudi,Feb,Loamy,129,60,53,6.3,567,70,No
Thanjavur,Nov,Black Soil,49,35,54,8.4,897,41,No
Namakkal,Mar,Red Soil,97,53,99,7.3,841,81,No
Thoothukudi,Jun,Red Soil,105,78,124,8.1,821,81,No
Thanjavur,Mar,Sandy Loam,84,29,125,8.3,629,45,No
Namakkal,Oct,Black Soil,97,60,32,5.2,440,84,No
Dindigul,Aug,Red Soil,104,78,117,7.5,517,82,No
Thoothukudi,Jan,Clay,84,77,78,6.6,792,65,No
Cuddalore,Jan,Loamy,126,60,107,4.7,1035,48,No
Erode,Oct,Loamy,87,28,92,8.3,1102,46,No
Erode,Sep,Sandy Loam,97,27,93,6.9,653,65,No
Dharmapuri,Apr,Black Soil,107,28,74,7.2,1257,86,No
Namakkal,Dec,Black Soil,107,64,111,5.9,467,67,No
Trichy,Apr,Black Soil,95,45,53,7.8,937,67,No
Tirunelveli,Mar,Black Soil,32,27,40,7.7,873,52,No
Namakkal,Jan,Black Soil,95,42,118,5.9,739,73,No
Trichy,Sep,Clay,59,31,128,6.5,747,64,No
Trichy,Sep,Sandy Loam,106,67,73,5.1,573,88,No
Madurai,Sep,Clay,74,44,75,6.2,1214,85,No
Thanjavur,Jul,Clay,30,27,38,8.3,720,56,No
Dindigul,Jan,Clay,119,67,79,5.8,616,47,No
Thanjavur,Apr,Sandy Loam,46,71,60,6.4,731,60,No
Krishnagiri,Mar,Sandy Loam,39,16,112,6.5,1105,84,No
Trichy,Nov,Red Soil,60,58,88,7.2,476,78,No
Thanjavur,May,Black Soil,83,17,76,7.4,568,74,No
Coimbatore,Aug,Red Soil,98,24,106,7.7,447,76,No
Dindigul,Sep,Clay,92,51,51,8.4,1144,84,No
Erode,Jun,Red Soil,98,57,83,4.9,619,56,No
Namakkal,Sep,Red Soil,39,58,105,8.5,672,47,No
Cuddalore,Oct,Black Soil,52,19,39,5.0,1266,64,No
Villupuram,Mar,Clay,118,26,45,5.0,886,42,No
Madurai,Jul,Black Soil,40,64,73,5.7,1288,65,No
Thanjavur,Apr,Clay,64,40,64,6.4,747,44,No
Villupuram,Jan,Black Soil,55,36,40,5.0,726,80,No
Villupuram,Mar,Black Soil,70,66,109,8.3,951,65,No
Krishnagiri,Nov,Black Soil,100,67,57,5.4,642,67,No
Dindigul,Dec,Black Soil,98,24,41,6.6,604,88,No
Karur,Jul,Red Soil,109,65,34,6.9,747,48,No
Cuddalore,Aug,Sandy Loam,116,76,47,8.0,1079,81,No
Erode,Aug,Loamy,113,25,96,5.3,846,89,No
Krishnagiri,Nov,Clay,34,73,119,8.2,417,64,No
Salem,May,Red Soil,66,73,118,6.2,1218,54,No
Krishnagiri,Apr,Red Soil,114,76,53,6.1,796,57,No
Thanjavur,Aug,Loamy,76,48,109,6.8,427,44,No
Thanjavur,Nov,Clay,119,69,67,5.8,995,57,No
Dindigul,Dec,Loamy,83,42,82,6.5,920,49,No
Salem,Oct,Clay,65,53,121,7.0,537,79,No
Cuddalore,Aug,Clay,52,25,97,7.7,907,49,No
Trichy,May,Loamy,126,39,45,6.1,1287,81,No
Trichy,Nov,Black Soil,126,58,67,6.6,729,45,No
Madurai,Jul,Loamy,107,23,101,7.4,1254,56,No
Thanjavur,Oct,Sandy Loam,81,25,44,6.1,737,41,No
Erode,Aug,Clay,96,72,35,7.9,777,75,No
Cuddalore,Nov,Black Soil,92,21,94,4.8,570,56,No
Dindigul,Jan,Loamy,46,71,70,7.3,1006,86,No
Cuddalore,Sep,Red Soil,78,65,109,7.5,635,77,No
Erode,Dec,Clay,92,41,74,6.6,606,50,No
Dharmapuri,Sep,Loamy,86,44,57,6.4,799,40,No
Dharmapuri,Sep,Sandy Loam,122,22,68,6.9,408,70,No
Salem,Dec,Black Soil,38,59,97,4.5,823,54,No
Tirunelveli,Oct,Clay,87,50,58,8.4,759,66,No
Trichy,Jun,Red Soil,101,27,127,6.1,1265,57,No
Salem,Apr,Red Soil,37,72,79,8.3,1132,52,No
Madurai,Mar,Loamy,101,50,99,7.0,428,51,No
Trichy,Dec,Loamy,84,21,124,7.4,1291,65,No
Madurai,May,Clay,38,48,85,8.0,464,53,No
Cuddalore,Feb,Red Soil,50,56,95,6.7,928,74,No
Thoothukudi,Oct,Loamy,102,74,118,4.9,1226,74,No
Cuddalore,Mar,Black Soil,75,40,36,5.9,518,44,No
Erode,Nov,Sandy Loam,80,26,103,6.8,771,89,No
Trichy,Feb,Red Soil,108,66,106,6.3,799,70,No
Karur,Aug,Sandy Loam,47,57,65,6.1,1174,71,No
Tirunelveli,Mar,Loamy,55,32,75,7.2,853,64,No
Erode,Apr,Loamy,36,35,120,6.2,847,78,No
Salem,Jan,Black Soil,64,49,73,7.1,596,87,No
Erode,Dec,Loamy,69,51,65,6.2,753,44,No
Dharmapuri,Dec,Red Soil,76,32,102,7.9,476,44,No
Salem,Nov,Sandy Loam,83,46,48,7.7,407,66,No
Tirunelveli,Oct,Sandy Loam,66,79,103,6.6,1278,64,No
Erode,May,Loamy,40,48,116,7.1,664,51,No
Thanjavur,Jun,Black Soil,110,34,67,7.8,566,85,No
Krishnagiri,Feb,Loamy,52,62,73,5.3,479,84,No
Villupuram,Aug,Loamy,54,77,114,7.9,1208,79,No
Villupuram,Jan,Clay,93,64,108,8.4,583,64,No
Karur,Feb,Clay,66,54,98,7.2,659,83,No
Trichy,Oct,Black Soil,91,54,87,6.3,1190,54,No
Dharmapuri,Dec,Loamy,122,35,48,6.5,927,60,No
Salem,Oct,Black Soil,33,49,47,6.7,638,47,No
Trichy,May,Sandy Loam,115,76,54,7.6,512,57,No
Krishnagiri,Aug,Sandy Loam,54,57,79,8.1,1161,42,No
Coimbatore,Jan,Clay,64,34,105,5.8,1037,47,No
Villupuram,Dec,Red Soil,43,51,58,7.6,1028,61,No
Dharmapuri,Jul,Loamy,68,47,71,5.9,1102,62,No
Tirunelveli,Dec,Loamy,108,45,77,6.4,1051,61,No
Namakkal,Jan,Red Soil,35,28,54,5.4,1266,79,No
Salem,Jun,Loamy,82,78,98,7.7,752,63,No
Cuddalore,Dec,Loamy,41,33,41,6.2,770,84,No
Thoothukudi,Jul,Loamy,34,41,96,7.8,1121,45,No
Thoothukudi,Dec,Loamy,117,49,48,7.9,991,68,No
Dindigul,Apr,Red Soil,45,61,83,8.3,818,41,No
Dindigul,Sep,Sandy Loam,65,59,32,5.2,1200,74,No
Cuddalore,Sep,Clay,42,66,85,7.8,619,43,No
Thoothukudi,Jul,Sandy Loam,34,39,58,7.5,404,80,No
Thoothukudi,Mar,Loamy,123,47,75,5.0,457,70,No
Karur,Jan,Sandy Loam,91,32,54,4.6,1069,46,No
Trichy,Apr,Clay,66,41,123,5.5,858,44,No
Madurai,Jan,Red Soil,126,34,98,6.4,622,73,No
Thoothukudi,Jan,Clay,48,77,66,8.1,433,43,No
Erode,Oct,Clay,67,47,67,5.7,983,42,No
Erode,Aug,Clay,48,27,98,7.5,1271,45,No
Coimbatore,Dec,Sandy Loam,66,60,90,8.3,1082,72,No
Madurai,Dec,Black Soil,109,64,66,4.7,418,81,No
Krishnagiri,Dec,Loamy,113,48,98,6.2,1040,83,No
Dharmapuri,Nov,Loamy,125,34,67,7.2,1002,65,No
Trichy,Aug,Clay,76,38,73,7.2,691,81,No
Cuddalore,Aug,Red Soil,116,66,110,6.8,1114,68,No
Tirunelveli,Jul,Red Soil,92,56,47,7.3,766,86,No
Tirunelveli,Aug,Red Soil,93,36,115,5.2,493,63,No
Villupuram,Oct,Black Soil,82,69,53,7.4,479,49,No
Dharmapuri,Jul,Loamy,96,59,62,8.2,1210,77,No
Erode,May,Black Soil,57,44,75,6.9,998,86,No
Cuddalore,Feb,Loamy,37,48,96,6.5,801,63,No
Namakkal,Jun,Red Soil,105,63,74,8.1,669,76,No
Erode,Jan,Black Soil,122,15,39,7.6,732,73,No
Thanjavur,Aug,Clay,102,32,51,7.1,807,48,No
Cuddalore,Oct,Red Soil,37,17,46,6.6,420,55,No
Thoothukudi,Apr,Clay,76,40,51,7.9,782,77,No
Coimbatore,Mar,Red Soil,43,66,41,5.2,724,70,No
Salem,Jul,Black Soil,69,43,67,6.2,695,74,No
Krishnagiri,Aug,Sandy Loam,119,25,114,8.3,415,79,No
Dindigul,Sep,Clay,42,21,44,5.2,454,65,No
Villupuram,Dec,Sandy Loam,68,46,105,7.6,1231,47,No
Salem,Jan,Clay,51,75,57,7.8,653,66,No
Karur,Dec,Black Soil,100,35,122,7.9,1146,40,No
Madurai,Jan,Sandy Loam,63,22,33,7.1,1123,58,No
Madurai,Jul,Black Soil,83,65,79,4.7,610,61,No
Erode,Jul,Red Soil,83,20,78,6.4,477,55,No
Krishnagiri,May,Black Soil,81,35,49,6.7,1070,41,No
Coimbatore,Jun,Sandy Loam,93,18,41,5.7,626,62,No
Trichy,Nov,Loamy,71,72,118,6.6,701,42,No
Thoothukudi,Apr,Clay,47,65,124,5.9,514,73,No
Krishnagiri,Jun,Red Soil,56,59,94,6.6,647,89,No
Coimbatore,Jan,Sandy Loam,51,66,92,5.0,493,40,No
Dharmapuri,Nov,Red Soil,86,69,75,5.3,424,68,No
Cuddalore,Oct,Red Soil,103,76,54,6.2,1202,42,No
Madurai,Jun,Black Soil,66,54,37,8.0,1020,57,No
Krishnagiri,Jan,Red Soil,71,60,56,7.0,1038,69,No
Dindigul,Dec,Red Soil,36,30,98,7.2,570,44,No
Salem,Aug,Black Soil,76,58,104,5.4,623,42,No
Karur,Apr,Sandy Loam,82,44,98,5.0,574,42,No
Dindigul,May,Loamy,116,64,43,6.9,1076,68,No
Thoothukudi,Nov,Red Soil,32,63,108,5.6,979,88,No
Coimbatore,May,Red Soil,55,42,98,6.9,524,58,No
Thanjavur,Apr,Clay,106,66,61,5.7,518,52,No
Karur,Dec,Clay,68,37,52,6.3,1119,78,No
Salem,Oct,Sandy Loam,80,53,58,5.2,938,43,No
Villupuram,Oct,Red Soil,71,35,91,7.2,739,74,No
Krishnagiri,Mar,Red Soil,47,61,91,5.9,683,52,No
Karur,Apr,Sandy Loam,67,42,90,5.8,427,47,No
Villupuram,Jul,Sandy Loam,127,76,34,8.3,1169,52,No
Coimbatore,Aug,Loamy,72,48,105,6.7,1227,51,No
Namakkal,Dec,Black Soil,118,73,81,7.3,906,66,No
Tirunelveli,Oct,Loamy,41,27,75,6.1,1127,71,No
Coimbatore,Jul,Sandy Loam,51,55,32,4.6,1091,87,No
Salem,Jan,Clay,58,49,81,5.1,1199,54,No
Tirunelveli,Jan,Red Soil,119,17,50,7.6,1002,78,No
Karur,Dec,Loamy,127,64,121,5.4,1256,70,No
Salem,Feb,Sandy Loam,48,50,79,5.4,774,81,No
Thanjavur,Oct,Red Soil,42,40,125,7.1,957,87,No
Erode,Nov,Black Soil,127,66,113,6.9,947,54,No
Trichy,Feb,Sandy Loam,72,18,102,5.2,635,88,No
Thanjavur,Apr,Clay,116,50,52,8.0,679,59,No
Karur,Jan,Black Soil,100,16,42,5.0,547,77,No
Krishnagiri,Sep,Black Soil,78,60,69,7.7,837,48,No
Erode,Dec,Red Soil,51,20,58,6.5,1091,50,No
Coimbatore,May,Clay,88,29,62,6.7,586,43,No
Dindigul,Dec,Loamy,52,19,87,6.9,775,53,No
Coimbatore,Oct,Red Soil,125,23,94,7.2,622,79,No
Thoothukudi,Oct,Black Soil,111,32,43,5.2,951,40,No
Madurai,Mar,Black Soil,73,38,127,5.4,859,60,No
Madurai,Jul,Sandy Loam,101,42,116,6.6,1186,65,No
Tirunelveli,Oct,Red Soil,41,46,111,4.8,964,68,No
Coimbatore,Sep,Black Soil,104,31,111,4.9,930,58,No
Thoothukudi,Apr,Sandy Loam,59,17,63,8.3,784,49,No
Coimbatore,Jul,Clay,126,23,91,7.4,1231,76,No
Salem,Aug,Loamy,103,68,34,5.9,567,74,No
Dharmapuri,Dec,Black Soil,122,44,39,7.1,1016,69,No
Tirunelveli,Jul,Clay,43,49,53,6.3,680,58,No
Villupuram,Jun,Loamy,39,41,60,6.7,551,88,No
Thoothukudi,Jan,Red Soil,110,67,50,7.0,897,70,No
Cuddalore,Jun,Sandy Loam,43,61,91,4.9,1093,50,No
Dharmapuri,Aug,Sandy Loam,115,58,96,7.5,1119,66,No
Erode,Aug,Red Soil,60,41,107,5.6,761,40,No
Krishnagiri,Apr,Loamy,47,20,45,5.0,1127,69,No
Dindigul,Nov,Red Soil,92,63,107,4.9,626,77,No
Namakkal,Oct,Sandy Loam,125,34,70,7.3,1100,74,No
Trichy,Sep,Red Soil,110,79,92,7.3,826,50,No
Dindigul,Jul,Red Soil,77,15,64,7.1,605,61,No
Dharmapuri,May,Loamy,96,33,128,6.1,474,42,No
Salem,Jun,Sandy Loam,49,56,75,5.0,510,50,No
Krishnagiri,Feb,Clay,69,52,50,4.6,850,63,No
Madurai,Mar,Red Soil,60,22,31,7.3,1202,61,No
Dindigul,Aug,Black Soil,107,42,96,8.1,1171,50,No
Thoothukudi,Oct,Clay,30,41,31,8.4,717,63,No
Erode,Aug,Red Soil,43,78,43,6.0,446,55,No
Salem,Jul,Clay,118,76,112,5.0,491,74,No
Cuddalore,Jun,Black Soil,125,78,91,4.7,1022,78,No
Krishnagiri,Dec,Sandy Loam,38,22,51,5.4,562,60,No
Thoothukudi,Dec,Red Soil,50,25,67,7.0,1024,85,No
Namakkal,Aug,Clay,115,76,67,4.9,1136,41,No
Dindigul,Oct,Clay,103,74,49,6.8,458,66,No
Coimbatore,Dec,Loamy,111,27,78,6.8,830,49,No
Madurai,Aug,Black Soil,68,47,96,7.9,1249,70,No
Dharmapuri,Feb,Sandy Loam,69,68,77,7.0,502,47,No
Karur,Jul,Clay,96,68,83,8.2,762,49,No
Erode,Sep,Loamy,58,68,119,8.1,638,77,No
Dharmapuri,Nov,Black Soil,65,47,129,6.0,488,62,No
Karur,Jul,Clay,100,64,124,8.0,435,44,No
Tirunelveli,May,Loamy,75,78,52,5.1,676,41,No
Erode,Nov,Sandy Loam,83,39,127,5.0,678,78,No
Thoothukudi,Feb,Clay,52,45,42,5.5,586,73,No
Thoothukudi,Dec,Clay,78,23,95,7.6,449,60,No
Trichy,Feb,Sandy Loam,68,51,103,5.5,882,46,No
Coimbatore,May,Red Soil,89,22,40,4.7,1222,42,No
Coimbatore,Jan,Clay,32,29,124,7.6,642,87,No
Erode,Dec,Sandy Loam,115,55,61,6.6,446,58,No
Tirunelveli,May,Black Soil,95,42,98,5.3,1275,49,No
Namakkal,Jul,Sandy Loam,97,29,44,5.5,654,64,No
Cuddalore,May,Clay,68,58,88,7.4,586,68,No
Namakkal,May,Loamy,95,68,32,8.3,786,44,No
Coimbatore,Aug,Loamy,103,23,85,8.3,1017,44,No
Trichy,Jul,Black Soil,34,36,87,4.7,771,85,No
Salem,Dec,Black Soil,71,72,95,4.6,1154,80,No
Coimbatore,Sep,Sandy Loam,64,46,41,8.5,541,54,No
Salem,Aug,Clay,56,60,30,6.4,475,58,No
Madurai,Sep,Clay,121,55,33,7.9,491,57,No
Erode,Jun,Clay,73,71,54,5.2,1176,68,No
Thoothukudi,Oct,Black Soil,68,59,74,5.0,592,59,No
Villupuram,Jul,Clay,115,31,95,6.6,471,78,No
Villupuram,Nov,Red Soil,110,59,44,7.3,1011,68,No
Salem,Jul,Loamy,106,66,38,5.2,734,59,No
Tirunelveli,Jan,Red Soil,46,18,63,8.5,1058,85,No
Erode,Jun,Black Soil,71,35,92,4.8,1136,54,No
Dindigul,Oct,Red Soil,33,37,81,6.0,911,41,No
Villupuram,Jun,Sandy Loam,101,71,67,5.9,1201,64,No
Dindigul,Jul,Red Soil,117,72,100,5.0,1078,65,No
Erode,Feb,Black Soil,119,28,47,5.5,908,44,No
Erode,Mar,Sandy Loam,123,17,125,5.9,1172,58,No
Cuddalore,May,Black Soil,38,71,33,6.5,959,67,No
Thanjavur,Mar,Loamy,37,61,86,7.7,1236,44,No
Villupuram,Jul,Sandy Loam,42,23,103,5.3,1036,73,No
Namakkal,Apr,Black Soil,67,53,70,6.5,1034,47,No
Dharmapuri,Apr,Red Soil,54,37,128,5.2,778,49,No
Thanjavur,Oct,Black Soil,38,59,103,6.3,472,50,No
Thoothukudi,Aug,Black Soil,31,53,109,6.7,1014,86,No
Karur,Dec,Sandy Loam,90,60,33,8.2,567,85,No
Trichy,Dec,Black Soil,93,70,41,4.7,773,58,No
Tirunelveli,May,Red Soil,111,75,47,7.1,989,59,No
Tirunelveli,Feb,Loamy,70,77,99,4.6,478,57,No
Erode,Nov,Clay,109,76,31,5.1,889,69,No
Dindigul,Jan,Sandy Loam,49,41,86,5.5,1072,82,No
Dharmapuri,Oct,Red Soil,94,74,69,4.6,1215,45,No
Dindigul,Dec,Black Soil,55,28,102,6.3,970,51,No
Madurai,Sep,Loamy,68,34,61,7.3,1023,82,No
Madurai,Mar,Sandy Loam,34,35,49,6.5,933,48,No
Tirunelveli,Jun,Red Soil,77,76,92,7.9,940,80,No
Trichy,Mar,Clay,96,58,43,6.9,855,69,No
Dindigul,Oct,Clay,72,38,129,5.9,1005,85,No
Krishnagiri,Aug,Sandy Loam,123,69,104,6.8,1187,85,No
Namakkal,Feb,Clay,107,31,87,7.0,1154,63,No
Dharmapuri,May,Red Soil,103,23,61,7.9,993,70,No
Thanjavur,Dec,Loamy,100,43,93,8.1,879,60,No
Salem,May,Clay,79,19,96,4.8,1055,71,No
Dindigul,Sep,Black Soil,59,36,30,6.5,469,72,No
Villupuram,Oct,Black Soil,33,20,39,4.8,1278,62,No
Villupuram,Nov,Clay,58,15,114,5.1,1082,43,No
Tirunelveli,Dec,Loamy,127,31,85,5.7,1069,73,No
Namakkal,Jun,Black Soil,73,45,81,6.9,866,89,No
Salem,Aug,Red Soil,78,70,105,6.1,982,52,No
Thoothukudi,Jan,Sandy Loam,126,28,115,4.6,1133,64,No
Trichy,May,Clay,44,64,109,5.0,1092,65,No
Salem,Jan,Sandy Loam,98,50,30,4.6,984,55,No
Thanjavur,Aug,Clay,107,47,37,8.0,503,60,No
Salem,Nov,Sandy Loam,65,46,91,6.2,849,51,No
Tirunelveli,Dec,Red Soil,117,22,111,7.0,502,51,No
Salem,Dec,Sandy Loam,38,74,61,7.1,689,48,No
Thanjavur,Sep,Black Soil,71,26,96,5.5,1241,47,No
Salem,Dec,Red Soil,73,66,31,7.0,1082,49,No
Madurai,Jul,Sandy Loam,122,22,45,5.6,1238,86,No
Namakkal,Sep,Sandy Loam,60,29,109,6.7,628,67,No
Erode,Nov,Loamy,50,38,111,8.2,1123,45,No
Karur,Sep,Clay,77,24,42,4.6,604,41,No
Coimbatore,May,Sandy Loam,124,49,86,5.1,623,88,No
Dharmapuri,Apr,Sandy Loam,100,22,68,5.1,1137,47,No
Thanjavur,Dec,Loamy,116,29,35,6.7,754,45,No
Dharmapuri,Dec,Black Soil,78,77,45,6.7,747,82,No
Tirunelveli,Jun,Clay,32,48,118,7.0,644,44,No
Cuddalore,Dec,Red Soil,67,66,78,6.0,807,71,No
Tirunelveli,Aug,Sandy Loam,106,18,120,7.1,1143,74,No
Thoothukudi,Jun,Sandy Loam,125,18,95,7.4,785,61,No
Madurai,Nov,Black Soil,121,16,78,8.2,674,48,No
Dindigul,Jun,Black Soil,86,53,45,5.8,565,89,No
Cuddalore,Aug,Loamy,90,42,107,4.6,1090,87,No
Thanjavur,May,Red Soil,101,74,94,8.3,765,76,No
Villupuram,Sep,Loamy,87,50,100,5.8,982,43,No
Cuddalore,Feb,Clay,122,79,85,6.1,658,71,No
Madurai,Dec,Sandy Loam,58,20,37,6.7,605,67,No
Trichy,Jan,Red Soil,124,33,118,5.7,1191,70,No
Tirunelveli,Feb,Red Soil,75,34,79,7.1,623,78,No
Madurai,Feb,Sandy Loam,62,47,120,5.3,1107,63,No
Dharmapuri,Apr,Black Soil,76,17,108,4.6,1159,78,No
Madurai,Nov,Black Soil,103,65,89,5.0,1094,82,No
Madurai,Feb,Black Soil,49,53,104,7.1,484,50,No
Erode,May,Sandy Loam,105,56,59,6.9,1092,85,No
Coimbatore,Mar,Black Soil,30,30,106,5.0,488,85,No
Madurai,Sep,Black Soil,95,45,54,5.6,656,66,No
Madurai,Dec,Black Soil,70,50,126,8.0,1296,76,No
Dindigul,May,Black Soil,97,70,34,7.4,1074,83,No
Madurai,May,Clay,126,50,49,5.8,527,77,No
Salem,May,Black Soil,73,76,78,7.9,1287,76,No
Erode,Jul,Black Soil,49,22,40,5.2,1116,45,No
Erode,Aug,Loamy,70,30,84,6.4,762,58,Yes
Thoothukudi,Nov,Clay,73,57,64,7.3,1276,59,No
Karur,Feb,Sandy Loam,30,25,106,6.6,1233,61,No
Madurai,Nov,Sandy Loam,124,17,76,5.4,811,49,No
Tirunelveli,Mar,Red Soil,127,47,104,7.7,951,79,No
Villupuram,Jul,Clay,111,16,38,6.4,1298,48,No
Dindigul,Jan,Red Soil,110,73,99,7.6,1117,48,No
Cuddalore,Jul,Sandy Loam,76,56,101,8.3,1220,81,No
Salem,Jul,Red Soil,128,26,121,4.9,628,88,No
Dindigul,Jun,Black Soil,67,38,127,6.4,1261,53,No
Villupuram,Feb,Red Soil,94,35,118,5.8,1175,40,No
Dharmapuri,Jun,Black Soil,100,71,129,5.5,785,45,No
Madurai,Jun,Clay,102,16,59,5.1,1256,43,No
Trichy,Sep,Black Soil,32,44,46,8.3,1072,51,No
Tirunelveli,Apr,Black Soil,101,15,58,8.2,433,84,No
Dindigul,Dec,Red Soil,32,19,76,8.2,1261,76,No
Dharmapuri,Jan,Red Soil,47,68,69,7.8,1101,70,No
Dharmapuri,Aug,Red Soil,113,60,126,7.4,513,78,No
Dharmapuri,Aug,Clay,38,60,123,4.8,788,58,No
Krishnagiri,Nov,Clay,100,41,115,8.0,790,78,No
Madurai,Jun,Sandy Loam,126,76,77,4.7,1201,83,No
Namakkal,Nov,Sandy Loam,102,59,90,8.1,777,45,No
Namakkal,Jan,Red Soil,119,15,98,7.9,876,44,No
Krishnagiri,Jan,Loamy,89,77,78,7.9,811,53,No
Dharmapuri,Nov,Loamy,32,46,96,4.9,1227,72,No
Erode,Jun,Loamy,38,51,94,7.5,1001,68,No
Krishnagiri,Sep,Black Soil,52,69,121,4.8,980,40,No
Madurai,Feb,Loamy,65,43,80,8.3,534,84,No
Namakkal,May,Black Soil,129,62,112,6.7,1023,52,No
Trichy,Jan,Clay,105,47,113,6.5,502,50,No
Karur,Jun,Black Soil,39,22,87,6.8,434,51,No
Villupuram,Sep,Red Soil,109,79,127,5.4,798,87,No
Thanjavur,Nov,Black Soil,47,70,41,8.3,1134,77,No
Salem,Feb,Red Soil,123,35,115,5.8,1270,76,No
Karur,Sep,Clay,99,48,54,4.8,919,77,No
Tirunelveli,Jun,Clay,41,61,73,6.1,798,62,No
Erode,May,Red Soil,49,58,120,4.7,461,42,No
Coimbatore,Sep,Sandy Loam,86,18,124,7.2,494,72,No
Thanjavur,Jun,Black Soil,51,58,93,5.5,907,49,No
Madurai,Aug,Loamy,63,45,30,5.7,552,80,No
Tirunelveli,Nov,Loamy,88,22,129,8.3,855,46,No
Salem,Feb,Sandy Loam,74,48,94,7.2,495,53,No
Tirunelveli,Nov,Sandy Loam,98,40,62,4.8,784,76,No
Krishnagiri,Jan,Black Soil,119,45,92,8.3,823,59,No
Thoothukudi,Jun,Black Soil,127,79,80,5.1,677,62,No
Karur,Jan,Red Soil,108,74,129,5.1,661,81,No
Erode,Apr,Loamy,43,62,71,8.3,840,71,No
Namakkal,Dec,Sandy Loam,37,31,112,5.5,592,75,No
Thanjavur,Nov,Sandy Loam,31,62,126,6.5,1063,70,No
Madurai,Mar,Red Soil,117,68,72,7.6,1035,84,No
Krishnagiri,May,Red Soil,48,79,126,5.7,813,53,No
Madurai,Oct,Loamy,53,16,101,7.2,557,52,No
Trichy,Apr,Black Soil,113,39,105,7.2,1032,70,No
Tirunelveli,Jul,Red Soil,117,44,63,5.9,821,61,No
Krishnagiri,Jun,Loamy,91,71,64,5.3,1142,54,No
Tirunelveli,Sep,Loamy,129,73,36,7.8,533,55,No
Erode,Jun,Clay,46,76,128,8.3,1234,71,No
Karur,Apr,Loamy,48,23,87,7.4,688,48,No
Villupuram,Apr,Black Soil,45,67,56,7.4,871,69,No
Thoothukudi,Mar,Red Soil,95,31,110,8.3,509,42,No
Madurai,Jun,Clay,99,24,39,5.2,1135,56,No
Karur,Sep,Black Soil,104,31,89,6.0,863,56,No
Erode,Nov,Black Soil,55,20,62,6.2,786,87,No
Namakkal,Mar,Black Soil,44,48,129,5.6,466,57,No
Thanjavur,Jul,Clay,58,29,101,6.7,1076,67,No
Erode,Oct,Clay,30,29,67,8.5,972,57,No
Cuddalore,Jun,Black Soil,50,54,53,7.3,722,72,No
Madurai,Oct,Black Soil,56,50,42,4.9,1109,65,No
Coimbatore,Nov,Red Soil,119,53,67,7.7,758,78,No
Dharmapuri,Aug,Clay,92,76,101,4.7,1226,71,No
Trichy,Jun,Loamy,102,47,79,7.8,487,83,No
Krishnagiri,Dec,Clay,120,25,115,6.6,1162,72,No
Cuddalore,Jun,Loamy,93,41,74,8.4,1143,55,No
Thoothukudi,Feb,Black Soil,42,36,59,8.1,1253,73,No
Karur,Sep,Red Soil,34,18,44,7.7,442,82,No
Salem,Dec,Clay,102,36,78,6.2,501,50,No
Dharmapuri,May,Loamy,44,78,51,8.2,973,70,No
Krishnagiri,Aug,Sandy Loam,59,58,54,6.7,818,75,No
Erode,Jan,Clay,32,49,60,7.5,407,62,No
Cuddalore,May,Loamy,111,53,111,8.0,1192,81,No
Namakkal,Aug,Red Soil,73,58,58,8.3,1034,56,No
Cuddalore,Nov,Loamy,101,61,97,7.4,723,67,No
Erode,Dec,Sandy Loam,62,28,80,7.4,832,68,No
Villupuram,May,Clay,105,39,55,6.6,724,67,No
Cuddalore,May,Sandy Loam,83,29,38,8.4,802,52,No
Thoothukudi,Sep,Black Soil,102,28,126,4.6,860,71,No
Namakkal,Apr,Loamy,60,20,85,4.6,1048,53,No
Coimbatore,Apr,Clay,71,53,122,7.2,595,45,No
Tirunelveli,Jul,Red Soil,42,68,34,7.7,1225,69,No
Tirunelveli,Apr,Sandy Loam,48,67,52,8.4,869,54,No
Erode,Sep,Black Soil,54,55,108,7.6,1269,67,No
Madurai,Oct,Clay,123,36,49,7.3,533,65,No
Madurai,Jan,Loamy,58,74,68,7.1,1078,49,No
Thanjavur,Aug,Red Soil,121,48,108,5.4,982,63,No
Dharmapuri,Oct,Black Soil,92,19,106,6.4,957,66,No
Krishnagiri,Feb,Black Soil,81,58,45,6.9,1028,82,No
Cuddalore,Oct,Clay,85,63,58,7.1,786,73,No
Krishnagiri,Apr,Red Soil,68,44,112,5.9,1208,78,No
Namakkal,Aug,Clay,64,69,62,6.3,978,61,No
Salem,Nov,Red Soil,86,61,53,8.1,558,60,No
Karur,Jun,Black Soil,54,46,64,7.6,913,63,No
Tirunelveli,Jul,Red Soil,41,36,108,7.8,556,41,No
Namakkal,Nov,Loamy,60,23,33,5.4,961,63,No
Trichy,May,Black Soil,30,38,85,7.6,1042,64,No
Namakkal,Oct,Black Soil,47,66,39,7.3,576,43,No
Dindigul,May,Loamy,99,25,40,5.6,1224,53,No
Karur,May,Red Soil,80,63,33,8.2,530,80,No
Madurai,Jan,Sandy Loam,65,65,37,5.6,1126,44,No
Thanjavur,Sep,Red Soil,63,17,92,6.8,947,74,No
Trichy,Jun,Clay,125,56,49,6.6,970,67,No
Tirunelveli,Feb,Loamy,50,70,96,4.7,1028,64,No
Villupuram,Jan,Red Soil,129,36,124,7.2,578,86,No
Dindigul,Jan,Clay,85,36,45,6.6,1131,42,No
Namakkal,Feb,Black Soil,72,75,56,5.1,1082,85,No
Thoothukudi,Apr,Black Soil,36,78,42,7.3,1109,80,No
Karur,Oct,Loamy,41,46,114,5.0,1092,41,No
Salem,Feb,Clay,68,67,112,7.1,1103,85,No
Madurai,Aug,Sandy Loam,51,38,63,6.0,983,74,No
Villupuram,Jun,Sandy Loam,31,64,109,4.9,838,65,No
Madurai,Sep,Black Soil,97,31,44,8.3,1085,75,No
Trichy,Aug,Red Soil,70,65,45,6.2,956,75,No
Salem,Nov,Loamy,77,70,40,5.2,562,73,No
Coimbatore,Jan,Loamy,73,78,96,5.1,829,70,No
Namakkal,Aug,Clay,116,53,64,6.5,990,40,No
Thanjavur,Feb,Loamy,108,58,92,6.8,505,50,No
Salem,Mar,Loamy,81,70,76,4.8,814,49,No
Dharmapuri,Sep,Sandy Loam,89,33,105,6.4,806,78,Yes
Villupuram,Oct,Loamy,37,17,41,5.6,577,51,No
Coimbatore,Dec,Clay,38,67,49,7.0,700,50,No
Trichy,Sep,Sandy Loam,68,43,57,5.9,735,77,Yes
Tirunelveli,Jul,Red Soil,87,46,66,4.5,600,88,No
Karur,Apr,Red Soil,104,76,43,6.8,800,68,No
Thoothukudi,Aug,Clay,74,36,78,6.0,536,53,No
Karur,Apr,Sandy Loam,31,47,74,6.7,819,57,No
Krishnagiri,Apr,Clay,99,37,59,7.0,875,69,No
Thanjavur,Oct,Sandy Loam,69,32,90,5.0,718,84,No
Salem,May,Black Soil,113,73,35,7.7,1015,41,No
Krishnagiri,Aug,Red Soil,32,36,80,8.5,1123,54,No
Tirunelveli,Apr,Clay,78,18,77,8.1,511,47,No
Thoothukudi,May,Loamy,84,19,85,5.4,729,49,No
Thoothukudi,Feb,Clay,58,46,93,6.0,947,55,No
Salem,Aug,Clay,109,32,33,5.7,696,41,No
Krishnagiri,Jan,Black Soil,48,41,42,6.6,877,89,No
Cuddalore,Apr,Sandy Loam,123,40,49,5.1,701,61,No
Trichy,May,Clay,129,32,37,4.7,1181,45,No
Coimbatore,Aug,Clay,87,55,108,5.5,838,57,No
Coimbatore,Sep,Black Soil,125,26,44,7.5,1002,44,No
Coimbatore,May,Sandy Loam,61,28,30,5.6,736,75,No
Madurai,Nov,Black Soil,66,19,85,5.7,436,85,No
Erode,Nov,Loamy,114,21,120,7.4,809,81,No
Karur,Nov,Sandy Loam,65,31,110,6.8,1003,77,Yes
Salem,May,Black Soil,32,65,122,4.9,469,72,No
Karur,Dec,Black Soil,83,15,110,5.0,1242,88,No
Villupuram,May,Sandy Loam,128,44,108,5.9,660,64,No
Madurai,Aug,Loamy,41,62,126,6.8,1168,43,No
Madurai,Mar,Clay,55,59,32,8.0,1055,55,No
Dindigul,Sep,Clay,39,73,107,5.3,720,81,No
Coimbatore,Sep,Black Soil,33,25,119,6.2,1183,46,No
Villupuram,Oct,Black Soil,75,71,124,4.9,719,66,No
Madurai,Dec,Clay,80,77,100,5.4,696,67,No
Krishnagiri,Nov,Sandy Loam,31,19,122,6.4,853,52,No
Dindigul,Sep,Black Soil,30,39,122,5.8,747,73,No
Thoothukudi,Jul,Loamy,61,39,68,5.4,855,64,No
Thanjavur,Sep,Clay,46,32,94,6.0,650,49,No
Cuddalore,Apr,Sandy Loam,46,76,70,6.5,500,55,No
Coimbatore,Aug,Clay,121,50,58,5.0,1227,53,No
Dharmapuri,Oct,Red Soil,128,39,119,8.0,726,58,No
Salem,May,Red Soil,39,50,72,6.5,1198,81,No
Erode,Apr,Sandy Loam,90,65,112,5.2,878,74,No
Villupuram,Jul,Black Soil,95,33,98,7.6,757,63,No
Coimbatore,May,Black Soil,71,34,33,5.1,894,81,No
Thanjavur,May,Black Soil,71,56,45,7.9,499,49,No
Coimbatore,Oct,Sandy Loam,40,62,75,5.4,792,50,No
Villupuram,Oct,Loamy,109,33,41,6.1,791,54,No
Thanjavur,Mar,Black Soil,120,78,48,7.6,769,64,No
Karur,Jul,Loamy,39,50,73,6.4,564,80,No
Coimbatore,Dec,Loamy,79,32,45,4.9,709,78,No
Salem,Aug,Sandy Loam,52,31,102,7.9,576,45,No
Trichy,Jul,Clay,107,75,118,5.6,414,40,No
Trichy,Nov,Clay,38,35,69,5.9,799,41,No
Thoothukudi,Aug,Black Soil,114,64,99,5.7,922,83,No
Villupuram,Jul,Red Soil,107,19,35,8.1,971,69,No
Madurai,Jul,Black Soil,125,50,108,6.3,1202,47,No
Madurai,Dec,Black Soil,47,38,41,8.2,667,53,No
Dharmapuri,Aug,Sandy Loam,65,69,48,5.3,935,84,No
Thoothukudi,Dec,Clay,113,22,93,7.4,576,42,No
Thoothukudi,Aug,Clay,77,48,60,5.4,873,47,No
Cuddalore,Apr,Clay,122,19,124,5.7,740,45,No
Tirunelveli,Jul,Black Soil,50,21,67,7.1,727,44,No
Cuddalore,Dec,Black Soil,98,21,73,7.9,670,81,No
Tirunelveli,Jan,Clay,125,46,105,4.7,746,41,No
Madurai,Feb,Loamy,111,76,124,7.8,1181,43,No
Coimbatore,Feb,Black Soil,37,60,76,6.7,899,73,No
Trichy,Jul,Clay,121,78,127,5.4,994,49,No
Thoothukudi,May,Red Soil,58,54,93,7.4,594,77,No
Thoothukudi,Sep,Red Soil,88,78,47,5.7,714,54,No
Tirunelveli,Jun,Clay,72,50,86,7.0,432,73,No
Madurai,Nov,Black Soil,108,77,124,8.5,493,86,No
Salem,Nov,Black Soil,41,56,35,4.9,1263,70,No
Erode,Mar,Black Soil,113,18,58,5.5,800,63,No
Coimbatore,Apr,Red Soil,84,33,58,6.9,1175,66,No
Dindigul,Jun,Sandy Loam,104,65,128,5.7,1199,57,No
Krishnagiri,Nov,Red Soil,67,58,84,8.2,829,68,No
Dharmapuri,Oct,Sandy Loam,51,71,118,7.1,1160,42,No
Dharmapuri,Nov,Sandy Loam,117,17,123,4.6,976,48,No
Thanjavur,Jul,Loamy,129,48,91,8.1,1075,55,No
Dindigul,Mar,Clay,93,44,51,8.3,500,45,No
Krishnagiri,May,Red Soil,75,79,34,8.5,400,84,No
Coimbatore,Mar,Red Soil,101,76,52,7.1,814,55,No
Dindigul,Nov,Loamy,65,74,117,7.9,699,49,No
Thoothukudi,Apr,Black Soil,66,69,59,8.0,937,79,No
Dharmapuri,Oct,Loamy,77,72,73,8.5,478,70,No
Salem,Mar,Clay,48,72,91,5.9,790,48,No
Karur,Oct,Sandy Loam,74,23,63,5.7,555,66,No
Villupuram,Nov,Red Soil,48,79,84,7.2,433,71,No
Dindigul,Dec,Black Soil,67,70,101,4.9,538,87,No
Krishnagiri,Jun,Black Soil,96,68,74,5.6,1146,44,No
Thanjavur,Sep,Red Soil,45,22,50,7.6,470,58,No
Namakkal,Aug,Black Soil,91,79,89,4.8,1147,85,No
Villupuram,May,Black Soil,83,78,124,8.1,888,60,No
Thanjavur,Jan,Red Soil,65,36,116,6.4,468,40,No
Dharmapuri,Mar,Black Soil,91,76,72,5.8,914,63,No
Erode,Dec,Sandy Loam,100,18,54,6.4,1039,87,No
Coimbatore,Jun,Loamy,31,53,97,8.5,641,59,No
Krishnagiri,Feb,Red Soil,90,72,81,7.9,780,59,No
Namakkal,Jan,Sandy Loam,102,33,120,7.2,1091,68,No
Trichy,Sep,Sandy Loam,90,44,85,7.4,952,60,No
Dindigul,Apr,Red Soil,87,66,46,4.6,852,59,No
Dharmapuri,Jul,Red Soil,76,53,108,5.2,1296,88,No
Villupuram,Mar,Clay,66,30,42,7.5,894,87,No
Trichy,Feb,Red Soil,40,46,95,7.7,568,66,No
Karur,Jan,Red Soil,77,51,88,6.5,723,49,No
Dharmapuri,Aug,Clay,89,74,63,4.6,1054,53,No
Salem,Jun,Red Soil,71,66,109,7.4,1215,49,No
Dindigul,Mar,Sandy Loam,100,24,53,6.5,562,89,No
Erode,Mar,Black Soil,92,24,90,7.9,903,79,No
Cuddalore,Mar,Red Soil,128,32,76,4.8,1194,50,No
Namakkal,Aug,Red Soil,93,33,68,7.9,531,71,No
Thanjavur,Dec,Clay,114,34,124,6.1,938,56,No
Villupuram,Dec,Clay,32,33,128,8.2,1223,46,No
Erode,Nov,Red Soil,105,16,118,5.3,684,60,No
Thoothukudi,Oct,Red Soil,48,64,43,6.5,1096,74,No
Krishnagiri,Dec,Clay,97,16,73,7.7,1222,66,No
Namakkal,Apr,Loamy,122,67,120,5.1,1022,77,No
Tirunelveli,Dec,Sandy Loam,63,46,51,5.7,532,44,No
Madurai,Feb,Black Soil,51,69,70,5.9,864,68,No
Dharmapuri,Jan,Clay,65,33,122,6.3,417,80,No
Erode,Dec,Clay,102,33,101,5.2,1275,70,No
Salem,May,Red Soil,48,31,120,6.2,1281,53,No
Erode,Dec,Red Soil,103,44,95,8.5,968,41,No
Tirunelveli,Nov,Black Soil,33,71,128,5.5,523,79,No
Krishnagiri,May,Sandy Loam,73,78,64,7.6,1027,80,No
Trichy,Mar,Red Soil,127,54,34,5.6,461,63,No
Coimbatore,Dec,Sandy Loam,115,44,104,5.3,468,86,No
Cuddalore,Jun,Loamy,60,40,116,4.8,970,58,No
Madurai,Jul,Clay,125,54,94,6.0,931,77,No
Erode,Apr,Red Soil,40,79,115,8.4,640,84,No
Villupuram,Apr,Sandy Loam,53,68,106,7.9,752,57,No
Thoothukudi,Mar,Red Soil,112,31,75,6.5,859,58,No
Karur,Sep,Loamy,31,68,104,6.0,979,89,No
Madurai,Jul,Sandy Loam,63,78,73,6.5,752,51,No
Namakkal,Sep,Sandy Loam,43,59,46,5.1,1228,73,No
Dindigul,Jun,Red Soil,62,21,69,6.3,998,85,No
Coimbatore,Jan,Loamy,35,46,41,6.2,866,51,No
Dharmapuri,Aug,Loamy,70,78,82,8.0,1005,83,No
Trichy,Nov,Loamy,118,71,125,5.2,988,50,No
Trichy,Jun,Red Soil,121,19,114,5.5,988,42,No
Erode,Nov,Clay,123,26,90,6.0,534,53,No
Thoothukudi,Jan,Clay,82,61,87,4.5,1021,50,No
Villupuram,Sep,Black Soil,48,49,51,8.4,1010,65,No
Villupuram,Nov,Loamy,68,42,93,4.5,967,74,No
Salem,Mar,Loamy,79,19,39,8.2,906,72,No
Thoothukudi,Nov,Sandy Loam,39,63,58,7.7,696,80,No
Villupuram,Aug,Black Soil,58,65,126,8.4,783,56,No
Krishnagiri,Sep,Red Soil,30,40,53,6.2,1095,89,No
Krishnagiri,Jul,Sandy Loam,100,36,111,4.6,719,47,No
Thanjavur,Nov,Loamy,39,17,49,5.5,1079,87,No
Dindigul,Mar,Black Soil,93,73,63,5.7,945,51,No
Tirunelveli,Aug,Sandy Loam,98,36,119,6.4,1045,74,No
Dharmapuri,Mar,Red Soil,48,71,92,6.8,836,78,No
Salem,Mar,Loamy,46,55,101,4.7,466,83,No
Coimbatore,Dec,Loamy,64,29,33,7.7,412,82,No
Salem,Jun,Red Soil,38,63,76,8.3,1108,51,No
Erode,Jan,Red Soil,60,64,94,5.5,971,81,No
Salem,Oct,Clay,30,79,37,6.2,702,55,No
Namakkal,Dec,Clay,69,16,40,5.8,567,79,No
Salem,May,Loamy,96,20,70,5.1,917,80,No
Salem,Mar,Loamy,90,69,128,7.0,537,49,No
Coimbatore,Nov,Sandy Loam,83,30,42,7.9,442,71,No
Namakkal,Oct,Sandy Loam,94,46,45,5.4,675,67,No
Karur,May,Clay,105,59,92,6.7,1231,81,No
Namakkal,Jun,Loamy,109,64,125,7.6,1093,85,No
Cuddalore,Feb,Black Soil,107,63,38,8.3,737,58,No
Thoothukudi,Sep,Sandy Loam,129,27,31,5.6,597,67,No
Thanjavur,Jan,Black Soil,68,79,91,8.4,1108,72,No
Karur,Feb,Clay,129,66,124,4.7,1064,64,No
Tirunelveli,Nov,Loamy,107,16,66,7.4,1224,47,No
Villupuram,Mar,Clay,104,46,91,7.9,708,48,No
Trichy,Nov,Sandy Loam,77,57,98,6.2,1179,83,No
Thoothukudi,Oct,Red Soil,32,48,100,6.5,728,71,No
Salem,May,Sandy Loam,96,62,54,4.9,802,51,No
Erode,May,Sandy Loam,69,67,46,8.3,840,54,No
Thanjavur,May,Loamy,44,48,61,5.4,428,62,No
Tirunelveli,Mar,Black Soil,127,60,34,6.2,583,86,No
Coimbatore,Nov,Loamy,76,50,76,6.6,1172,73,No
Thanjavur,Oct,Clay,84,75,95,5.0,488,49,No
Trichy,Jul,Red Soil,78,53,45,7.2,1070,42,No
Tirunelveli,May,Black Soil,47,42,128,5.6,1127,57,No
Villupuram,Jun,Red Soil,109,79,44,7.4,699,46,No
Erode,Oct,Red Soil,119,25,93,5.7,629,60,No
Krishnagiri,Dec,Clay,30,42,100,6.0,715,75,No
Dindigul,Jan,Red Soil,99,31,87,8.2,521,56,No
Karur,Apr,Sandy Loam,109,15,119,6.3,1135,64,No
Karur,Sep,Black Soil,120,31,60,5.1,1166,43,No
Krishnagiri,Jul,Clay,76,62,90,5.6,789,79,No
Krishnagiri,Jul,Red Soil,94,20,59,5.4,1270,55,No
Erode,May,Black Soil,35,49,36,7.0,1177,68,No
Trichy,Aug,Sandy Loam,42,35,61,7.8,497,48,No
Salem,Apr,Sandy Loam,44,21,54,8.0,1078,41,No
Dindigul,Sep,Loamy,44,51,107,6.0,1239,68,No
Trichy,Jul,Red Soil,73,77,129,6.8,649,66,No
Thoothukudi,Jan,Red Soil,101,77,109,5.7,610,67,No
Villupuram,May,Loamy,106,52,94,6.9,1255,64,No
Krishnagiri,Feb,Clay,60,48,127,6.2,668,61,No
Krishnagiri,Feb,Clay,38,29,105,6.6,1059,68,No
Thoothukudi,Nov,Sandy Loam,31,41,100,5.7,952,80,No
Tirunelveli,Feb,Sandy Loam,83,55,49,5.4,743,70,No
Villupuram,Nov,Loamy,60,71,49,7.9,865,63,No
Coimbatore,Dec,Sandy Loam,83,17,68,5.8,511,48,No
Karur,Jun,Clay,71,77,55,5.7,1052,71,No
Villupuram,Feb,Loamy,105,69,126,7.8,1291,74,No
Madurai,Feb,Clay,50,45,103,6.8,1087,53,No
Namakkal,Mar,Clay,87,37,61,6.8,515,87,No
Namakkal,Aug,Clay,115,28,84,6.9,1048,65,No
Erode,Dec,Loamy,103,44,44,7.7,674,82,No
Thanjavur,Feb,Loamy,82,22,34,7.4,582,41,No
Madurai,Feb,Clay,103,78,69,5.9,1109,88,No
Karur,Mar,Clay,63,25,101,7.8,774,65,No
Salem,Jul,Black Soil,90,22,32,6.2,663,61,No
Villupuram,Mar,Sandy Loam,43,34,74,6.8,1133,80,No
Karur,Sep,Black Soil,42,15,84,7.6,702,59,No
Salem,Jul,Sandy Loam,71,36,34,5.0,801,47,No
Erode,Jul,Sandy Loam,75,79,60,6.3,573,45,No
Tirunelveli,Feb,Black Soil,71,66,126,6.4,462,53,No
Villupuram,Aug,Black Soil,37,43,34,6.6,1205,85,No
Thoothukudi,Jun,Sandy Loam,80,70,105,8.5,1115,76,No
Karur,Aug,Black Soil,57,35,129,7.6,1264,45,No
Thoothukudi,Dec,Red Soil,83,34,48,5.0,823,59,No
Thanjavur,Nov,Black Soil,88,46,45,7.7,917,71,No
Madurai,Sep,Red Soil,51,75,123,5.1,1025,64,No
Tirunelveli,Jan,Sandy Loam,93,20,64,6.1,1258,57,No
Thoothukudi,Apr,Loamy,55,41,30,8.4,712,72,No
Erode,Feb,Loamy,103,71,111,5.4,484,64,No
Trichy,May,Sandy Loam,68,71,49,5.5,469,81,No
Salem,Apr,Clay,88,70,62,6.4,1162,42,No
Krishnagiri,Mar,Clay,108,58,48,5.5,405,74,No
Villupuram,Sep,Sandy Loam,94,68,54,7.7,556,87,No
Dindigul,Apr,Clay,42,64,49,7.1,997,66,No
Tirunelveli,Nov,Loamy,31,71,61,6.4,773,72,No
Dharmapuri,Feb,Red Soil,49,32,43,6.7,725,70,No
Thanjavur,Apr,Loamy,111,72,53,4.7,629,55,No
Dharmapuri,Mar,Red Soil,65,71,118,5.3,1215,67,No
Cuddalore,Jun,Loamy,126,59,117,7.7,568,51,No
Thoothukudi,Dec,Clay,60,37,83,8.1,535,51,No
Thoothukudi,Feb,Loamy,124,33,39,7.1,703,71,No
Thoothukudi,Nov,Loamy,109,67,116,7.7,449,77,No
Cuddalore,Nov,Sandy Loam,115,76,120,5.0,1036,43,No
Villupuram,Mar,Sandy Loam,90,27,46,4.7,799,58,No
Erode,Nov,Loamy,110,75,51,5.4,923,61,No
Thanjavur,Sep,Loamy,34,22,57,5.9,469,65,No
Erode,May,Red Soil,43,17,120,5.6,737,82,No
Coimbatore,Nov,Sandy Loam,118,44,84,6.3,610,81,No
Dindigul,Jun,Red Soil,96,36,95,7.4,985,71,No
Madurai,Jun,Sandy Loam,97,58,96,6.7,1296,79,No
Madurai,Jul,Red Soil,48,50,119,8.1,1294,64,No
Thoothukudi,Apr,Black Soil,43,22,78,4.5,1214,43,No
Dharmapuri,Mar,Red Soil,34,42,76,4.5,1102,75,No
Madurai,Nov,Black Soil,82,68,77,5.8,849,50,No
Namakkal,Sep,Clay,111,61,45,5.8,634,61,No
Salem,Jun,Black Soil,117,34,56,8.3,642,53,No
Karur,Sep,Loamy,119,77,117,5.0,867,89,No
Erode,Mar,Clay,49,34,129,6.1,657,40,No
Tirunelveli,Sep,Sandy Loam,72,45,85,5.9,982,61,Yes
Cuddalore,Mar,Loamy,126,59,36,5.3,420,40,No
Karur,Oct,Red Soil,113,28,66,6.2,961,44,No
Dindigul,Feb,Loamy,58,43,108,4.8,545,87,No
Karur,Mar,Sandy Loam,80,73,111,5.8,524,75,No
Erode,Feb,Sandy Loam,50,35,97,4.6,653,89,No
Erode,Mar,Black Soil,109,28,68,7.0,1165,47,No
Cuddalore,Jul,Loamy,39,43,108,6.8,733,58,No
Villupuram,Jun,Loamy,123,21,39,6.0,541,53,No
Erode,Jan,Red Soil,112,33,85,8.1,1114,80,No
Thanjavur,Aug,Sandy Loam,129,41,84,7.3,432,62,No
Erode,Jul,Loamy,88,78,106,6.0,813,45,No
Dindigul,Oct,Black Soil,115,57,84,7.6,1104,64,No
Cuddalore,May,Sandy Loam,103,28,127,7.1,484,74,No
Erode,Mar,Black Soil,34,49,86,4.5,731,40,No
Dindigul,Mar,Black Soil,110,26,68,6.5,440,68,No
Namakkal,Nov,Sandy Loam,99,62,108,6.1,484,70,No
Thoothukudi,Sep,Black Soil,77,45,36,6.7,832,41,No
Tirunelveli,Mar,Sandy Loam,118,26,55,6.9,534,81,No
Cuddalore,Feb,Red Soil,106,64,30,7.6,449,40,No
Dharmapuri,Dec,Sandy Loam,68,44,70,6.1,436,87,No
Coimbatore,Mar,Sandy Loam,94,22,90,8.4,629,67,No
Erode,May,Red Soil,109,34,107,4.6,1029,82,No
Namakkal,Sep,Sandy Loam,116,26,103,7.6,1270,61,No
Erode,Jan,Sandy Loam,69,67,128,7.4,827,70,No
Karur,Mar,Clay,110,16,78,5.5,1243,78,No
Tirunelveli,Apr,Sandy Loam,63,52,53,8.2,783,52,No
Coimbatore,May,Sandy Loam,114,55,94,7.7,565,43,No
Karur,Oct,Red Soil,48,55,84,7.3,1280,67,No
Tirunelveli,Jul,Black Soil,54,67,111,6.1,705,43,No
Coimbatore,Oct,Sandy Loam,103,19,109,6.2,609,85,No
Karur,May,Sandy Loam,106,28,49,5.4,535,51,No
Villupuram,Feb,Black Soil,36,19,71,5.3,562,64,No
Villupuram,Dec,Black Soil,49,34,63,6.5,638,79,No
Villupuram,Dec,Clay,114,71,125,5.8,918,50,No
Namakkal,Sep,Loamy,86,53,104,8.2,563,79,No
Krishnagiri,Oct,Black Soil,101,65,70,5.5,554,73,No
Thoothukudi,Oct,Red Soil,73,59,56,7.6,940,49,No
Thoothukudi,Jan,Black Soil,32,15,34,5.8,812,80,No
Tirunelveli,Aug,Red Soil,102,33,115,8.2,870,59,No
Karur,Aug,Black Soil,61,79,89,6.8,431,71,No
Thanjavur,Nov,Black Soil,122,42,70,5.9,918,41,No
Namakkal,Jan,Loamy,118,49,72,7.4,714,82,No
Madurai,Jan,Black Soil,61,57,42,4.6,1217,42,No
Thoothukudi,Oct,Clay,73,35,69,6.5,761,86,No
Erode,Dec,Sandy Loam,123,42,77,7.5,1296,59,No
Thanjavur,Aug,Black Soil,51,60,51,4.9,1109,60,No
Tirunelveli,Dec,Loamy,121,18,128,5.0,486,65,No
Erode,Jul,Sandy Loam,50,78,70,6.3,693,40,No
Dharmapuri,Feb,Clay,40,33,65,6.9,841,62,No
Cuddalore,Dec,Sandy Loam,46,64,77,7.5,517,87,No
Coimbatore,Sep,Loamy,117,28,69,4.6,499,75,No
Cuddalore,Nov,Clay,55,19,75,4.7,1134,46,No
Cuddalore,Jan,Sandy Loam,90,27,86,5.9,553,86,No
Thoothukudi,Dec,Clay,111,79,87,7.3,1258,42,No
Trichy,Sep,Clay,103,18,127,5.1,641,69,No
Dindigul,Dec,Red Soil,101,53,115,5.6,1025,65,No
Salem,Dec,Black Soil,65,53,106,5.6,990,51,No
Salem,Sep,Red Soil,54,55,111,7.0,1275,56,No
Krishnagiri,Aug,Loamy,62,32,112,7.6,1055,64,No
Villupuram,May,Black Soil,78,24,67,4.8,1145,75,No
Namakkal,May,Loamy,80,61,80,8.1,900,62,No
Dharmapuri,Jul,Sandy Loam,126,24,36,5.1,672,89,No
Madurai,Mar,Black Soil,102,63,93,7.9,968,59,No
Erode,Nov,Red Soil,67,30,86,6.3,1284,56,No
Karur,Jan,Black Soil,90,57,117,7.3,1158,51,No
Coimbatore,Sep,Loamy,84,34,105,7.7,682,66,No
Tirunelveli,Aug,Clay,86,24,94,8.1,780,66,No
Dindigul,Feb,Clay,110,24,69,6.8,979,75,No
Villupuram,Feb,Loamy,40,41,77,7.3,624,81,No
Salem,Dec,Sandy Loam,66,23,85,4.6,709,68,No
Dindigul,Jan,Black Soil,58,70,68,6.5,1220,77,No
Dharmapuri,Apr,Clay,75,56,120,4.6,928,76,No
Cuddalore,Feb,Black Soil,103,76,113,4.7,901,84,No
Villupuram,May,Black Soil,65,53,117,7.0,1097,81,No
Krishnagiri,Feb,Red Soil,35,50,124,4.5,675,58,No
Thanjavur,Jan,Loamy,58,44,78,5.2,774,78,No
Salem,Mar,Black Soil,43,70,120,8.0,836,57,No
Salem,Mar,Red Soil,67,36,118,4.8,762,72,No
Namakkal,Feb,Sandy Loam,68,58,72,5.2,857,47,No
Coimbatore,Aug,Clay,99,29,110,5.2,1138,55,No
Namakkal,Dec,Black Soil,83,48,82,5.3,851,85,No
Villupuram,Jul,Red Soil,99,38,114,4.7,706,42,No
Krishnagiri,Sep,Red Soil,90,69,95,7.4,506,63,No
Villupuram,Jan,Red Soil,102,33,86,5.3,466,85,No
Karur,Jul,Red Soil,55,48,43,7.2,1214,42,No
Erode,Apr,Loamy,30,23,79,6.7,1130,44,No
Dharmapuri,Nov,Sandy Loam,38,21,103,5.9,1261,73,No
Cuddalore,Sep,Black Soil,83,45,110,6.3,558,56,No
Trichy,Aug,Red Soil,84,24,128,5.3,680,85,No
Coimbatore,Mar,Sandy Loam,35,69,110,7.1,1247,67,No
Namakkal,Mar,Black Soil,120,57,124,7.7,776,57,No
Thanjavur,Feb,Loamy,101,30,88,5.1,471,50,No
Cuddalore,May,Red Soil,119,38,85,5.3,950,67,No
Namakkal,Jul,Loamy,113,37,124,5.1,484,48,No
Thoothukudi,Jan,Red Soil,52,51,117,5.3,1072,42,No
Thanjavur,Jul,Sandy Loam,121,28,125,7.2,417,69,No
Krishnagiri,Sep,Sandy Loam,125,22,71,7.3,1005,78,No
Coimbatore,Oct,Clay,120,29,95,6.1,415,57,No
Thanjavur,Aug,Loamy,71,57,51,8.4,845,42,No
Salem,Feb,Loamy,70,37,125,5.6,1260,87,No
Karur,Apr,Black Soil,66,27,113,7.5,707,46,No
Tirunelveli,Sep,Red Soil,103,66,119,4.8,923,75,No
Villupuram,Mar,Loamy,60,72,72,5.5,1065,53,No
Krishnagiri,Apr,Red Soil,100,71,109,7.2,709,43,No
Karur,Oct,Loamy,123,17,54,6.8,483,43,No
Coimbatore,Apr,Loamy,108,29,73,7.1,1232,60,No
Cuddalore,Dec,Black Soil,76,25,121,5.5,1212,62,No
Namakkal,Mar,Red Soil,129,68,72,7.9,1183,53,No
Madurai,Apr,Loamy,38,59,66,6.1,813,50,No
Tirunelveli,Jun,Loamy,104,79,116,6.4,987,61,No
Thoothukudi,Sep,Sandy Loam,51,36,81,8.5,770,70,No
Cuddalore,Nov,Black Soil,110,25,47,5.3,980,59,No
Salem,Feb,Red Soil,50,41,121,5.7,942,79,No
Karur,Feb,Black Soil,118,53,72,6.4,455,76,No
Thoothukudi,Jan,Red Soil,49,21,33,5.9,431,82,No
Coimbatore,Mar,Clay,82,65,77,4.6,664,65,No
Salem,Nov,Loamy,73,23,88,5.4,554,49,No
Krishnagiri,Dec,Red Soil,94,57,44,5.8,714,49,No
Dharmapuri,Jul,Loamy,85,41,39,4.6,1009,62,No
Thanjavur,Mar,Red Soil,97,63,92,5.0,668,50,No
Coimbatore,Dec,Clay,61,18,79,6.5,1259,61,No
Dindigul,Sep,Clay,34,26,46,4.7,616,47,No
Salem,Nov,Red Soil,38,17,108,7.3,1006,78,No
Thanjavur,Jun,Sandy Loam,128,65,72,5.4,756,68,No
Karur,Sep,Sandy Loam,31,72,112,5.7,542,78,No
Namakkal,Jun,Red Soil,89,28,119,6.1,1057,61,No
Dharmapuri,Jul,Sandy Loam,83,71,32,7.9,675,52,No
Madurai,Jun,Clay,48,54,85,6.5,1097,85,No
Coimbatore,Jul,Clay,60,23,128,8.0,1028,48,No
Tirunelveli,Jun,Clay,59,26,45,7.2,751,80,No
Thanjavur,May,Black Soil,46,37,109,8.3,959,50,No
Krishnagiri,Jul,Red Soil,64,38,106,7.5,936,54,No
Thanjavur,Aug,Clay,100,66,97,6.4,821,78,No
Villupuram,Mar,Loamy,92,33,59,8.2,819,77,No
Cuddalore,May,Clay,86,48,119,6.0,694,45,No
Karur,Nov,Black Soil,115,16,101,7.3,895,75,No
Tirunelveli,Oct,Clay,67,65,48,7.0,723,64,No
Dharmapuri,Mar,Red Soil,71,67,112,5.1,1000,64,No
Cuddalore,Aug,Sandy Loam,67,58,75,8.2,1125,65,No
Erode,Dec,Sandy Loam,83,29,91,4.7,1006,41,No
Dharmapuri,Feb,Black Soil,100,50,93,6.6,573,55,No
Salem,Nov,Black Soil,52,40,80,7.1,891,65,No
Coimbatore,Feb,Black Soil,93,67,111,6.6,952,69,No
Dharmapuri,Jan,Sandy Loam,58,52,105,5.6,502,48,No
Villupuram,Jul,Loamy,49,77,114,8.4,728,80,No
Cuddalore,Aug,Black Soil,36,27,83,6.7,462,64,No
Cuddalore,Oct,Loamy,58,31,120,8.3,1073,73,No
Karur,May,Loamy,106,42,49,6.2,431,50,No
Namakkal,Jul,Clay,72,69,80,4.7,1001,67,No
Dharmapuri,Aug,Sandy Loam,81,33,123,7.6,410,74,No
Salem,Aug,Black Soil,80,27,55,5.4,811,82,No
Salem,Jan,Clay,45,27,115,6.2,854,58,No
Tirunelveli,Jul,Clay,70,21,51,5.8,832,44,No
Thoothukudi,Nov,Loamy,85,77,47,7.1,468,66,No
Tirunelveli,Sep,Red Soil,63,31,59,8.3,572,85,No
Salem,Mar,Loamy,89,76,92,4.6,659,60,No
Cuddalore,Dec,Clay,105,48,49,6.6,1285,60,No
Trichy,Jun,Loamy,78,64,48,5.7,1274,59,No
Dharmapuri,Jul,Sandy Loam,70,37,44,6.8,1043,65,No
Salem,Aug,Red Soil,41,75,95,7.0,517,56,No
Karur,Jul,Black Soil,30,48,31,7.2,1099,44,No
Dharmapuri,Jan,Black Soil,54,35,110,5.9,798,80,No
Namakkal,Nov,Red Soil,105,58,120,4.9,463,45,No
Erode,Jul,Red Soil,79,68,110,8.5,1008,76,No
Salem,Dec,Loamy,30,70,96,7.2,878,47,No
Tirunelveli,Oct,Sandy Loam,67,48,64,4.8,646,56,No
Salem,Mar,Black Soil,96,38,54,4.9,1189,66,No
Villupuram,Apr,Red Soil,81,41,60,5.5,1187,67,No
Salem,Apr,Sandy Loam,103,75,30,7.0,1296,47,No
Thanjavur,Sep,Clay,31,35,67,4.8,628,58,No
Krishnagiri,Sep,Clay,37,28,107,7.1,632,70,No
Krishnagiri,Dec,Clay,97,25,81,8.3,1025,85,No
Cuddalore,Dec,Sandy Loam,34,17,63,7.1,633,73,No
Cuddalore,Oct,Sandy Loam,61,69,91,4.8,974,49,No
Erode,Jun,Loamy,49,32,58,5.7,1223,75,No
Thoothukudi,Oct,Clay,104,39,112,5.7,1093,59,No
Dindigul,May,Black Soil,119,78,106,4.9,1285,68,No
Trichy,Mar,Sandy Loam,38,68,80,7.3,766,76,No
Dharmapuri,Mar,Loamy,88,19,37,6.1,719,71,No
Karur,Nov,Black Soil,121,34,76,6.7,535,77,No
Coimbatore,Nov,Black Soil,67,38,105,5.4,876,51,No
Thanjavur,Apr,Sandy Loam,88,34,56,6.0,1023,80,Yes
Thanjavur,May,Red Soil,41,55,60,5.1,426,54,No
Trichy,Feb,Red Soil,106,26,101,5.6,459,48,No
Tirunelveli,Aug,Loamy,121,35,97,7.4,774,80,No
Cuddalore,Aug,Loamy,33,58,53,6.7,497,58,No
Salem,Sep,Loamy,116,59,102,8.5,1167,58,No
Namakkal,Nov,Clay,107,29,68,5.3,1258,62,No
Madurai,Jan,Sandy Loam,86,63,98,7.7,815,47,No
Dharmapuri,May,Black Soil,79,72,55,4.6,421,89,No
Coimbatore,May,Red Soil,37,67,102,6.1,1211,85,No
Salem,Aug,Sandy Loam,45,22,53,7.1,999,44,No
Erode,Mar,Black Soil,120,35,54,7.7,483,54,No
Cuddalore,Sep,Black Soil,36,35,58,4.8,535,71,No
Thoothukudi,Nov,Red Soil,50,71,47,6.3,610,43,No
Coimbatore,Oct,Black Soil,94,77,97,4.9,1224,83,No
Karur,Dec,Sandy Loam,68,59,58,5.0,710,45,No
Erode,May,Clay,75,30,101,7.3,657,68,No
Madurai,May,Black Soil,47,48,127,7.9,1159,50,No
Cuddalore,Aug,Loamy,36,63,59,5.6,567,63,No
Cuddalore,Sep,Sandy Loam,70,18,103,5.0,521,71,No
Coimbatore,Dec,Black Soil,91,38,125,4.6,895,61,No
Thanjavur,Aug,Clay,112,26,33,7.2,1010,80,No
Krishnagiri,Dec,Sandy Loam,48,41,79,8.1,1073,71,No
Namakkal,Jan,Black Soil,105,77,102,5.9,1224,83,No
Trichy,Nov,Red Soil,40,64,54,7.5,579,65,No
Dharmapuri,Nov,Black Soil,118,68,129,6.2,1204,84,No
Dindigul,May,Red Soil,113,26,115,7.8,876,80,No
Thoothukudi,Oct,Clay,44,67,120,7.6,695,40,No
Tirunelveli,Nov,Sandy Loam,81,61,35,6.1,500,69,No
Thoothukudi,Feb,Red Soil,94,71,92,7.4,1074,44,No
Salem,Aug,Loamy,33,30,97,8.5,1111,75,No
Dharmapuri,Aug,Clay,49,24,45,6.8,1198,81,No
Karur,Dec,Sandy Loam,82,75,103,6.9,1222,89,No
Karur,Jul,Clay,77,17,115,8.3,635,86,No
Salem,Jan,Clay,112,22,59,5.3,1245,75,No
Trichy,Jan,Loamy,107,33,118,4.8,1030,56,No
Madurai,Dec,Black Soil,49,16,74,8.5,1130,73,No
Cuddalore,May,Sandy Loam,92,71,66,8.5,705,85,No
Thoothukudi,Dec,Clay,71,76,66,6.5,671,64,No
Namakkal,Oct,Clay,41,50,125,5.6,726,73,No
Thanjavur,Dec,Red Soil,105,63,117,5.2,700,81,No
Tirunelveli,Apr,Loamy,36,41,109,6.9,645,79,No
Krishnagiri,Jul,Loamy,114,42,107,6.7,1217,71,No
Trichy,Aug,Black Soil,31,31,125,5.3,908,61,No
Thoothukudi,Aug,Sandy Loam,105,30,93,6.3,890,78,Yes
Dindigul,Jan,Black Soil,93,40,55,7.2,1153,82,No
Trichy,Apr,Loamy,68,50,35,7.3,1288,50,No
Tirunelveli,Oct,Sandy Loam,90,72,90,7.4,662,60,No
Dharmapuri,Nov,Sandy Loam,31,20,91,6.3,739,70,No
Trichy,Jan,Red Soil,120,70,120,7.7,1057,42,No
Trichy,Sep,Black Soil,55,77,59,6.8,867,76,No
Krishnagiri,May,Black Soil,81,76,84,6.6,1036,42,No
Coimbatore,May,Red Soil,110,25,70,6.5,733,59,No
Krishnagiri,Dec,Clay,105,40,30,7.9,1092,43,No
Madurai,Dec,Red Soil,57,33,76,5.2,824,48,No
Tirunelveli,Feb,Black Soil,78,73,49,6.2,1050,62,No
Thanjavur,Nov,Sandy Loam,32,72,118,5.0,819,85,No
Salem,May,Black Soil,66,18,111,7.7,1264,57,No
Thoothukudi,Jul,Red Soil,88,53,65,6.7,550,47,No
Salem,May,Red Soil,128,47,74,7.9,700,63,No
Erode,May,Black Soil,101,24,51,8.0,520,82,No
Thanjavur,May,Loamy,49,33,80,5.9,436,60,No
Namakkal,Jan,Clay,61,36,106,6.5,863,80,No
Villupuram,Feb,Clay,41,60,109,6.2,443,63,No
Trichy,Jun,Sandy Loam,93,39,113,6.0,850,64,No
Trichy,Nov,Loamy,83,70,32,5.6,1146,54,No
Karur,Jun,Red Soil,104,30,128,6.9,913,86,No
Namakkal,Jun,Black Soil,37,40,118,5.6,1062,79,No
Namakkal,Aug,Clay,100,74,84,5.5,747,60,No
Villupuram,May,Red Soil,115,74,44,6.3,405,74,No
Karur,Nov,Red Soil,101,35,118,5.8,705,46,No
Namakkal,Jun,Loamy,59,36,34,7.7,861,85,No
Madurai,May,Black Soil,78,68,95,5.2,1016,69,No
Thanjavur,Dec,Sandy Loam,62,78,128,8.5,838,86,No
Karur,Jun,Red Soil,103,58,107,7.4,1017,81,No
Thanjavur,Sep,Loamy,127,63,121,6.4,876,55,No
Cuddalore,Jan,Loamy,88,24,53,5.5,1158,73,No
Coimbatore,Dec,Red Soil,38,44,85,5.8,1009,54,No
Erode,Sep,Clay,57,73,126,6.5,948,51,No
Trichy,Oct,Loamy,113,77,85,7.3,908,85,No
Tirunelveli,Jun,Red Soil,30,62,96,5.3,648,71,No
Namakkal,Apr,Red Soil,63,49,55,5.2,1106,63,No
Tirunelveli,Dec,Sandy Loam,67,54,68,6.5,1259,60,No
Salem,Oct,Clay,53,79,49,6.2,649,64,No
Namakkal,Dec,Clay,104,32,129,8.2,462,44,No
Krishnagiri,Nov,Red Soil,39,15,36,4.6,705,57,No
Dharmapuri,Apr,Clay,47,19,111,8.0,1205,75,No
Cuddalore,Dec,Black Soil,119,46,119,4.6,934,61,No
Madurai,Nov,Black Soil,59,39,34,4.8,786,78,No
Erode,May,Black Soil,106,75,118,6.8,612,82,No
Salem,Nov,Red Soil,75,60,51,7.1,1235,41,No
Cuddalore,Dec,Sandy Loam,59,70,43,7.1,1166,53,No
Tirunelveli,Apr,Clay,84,42,83,7.2,616,84,No
Tirunelveli,Aug,Sandy Loam,92,28,127,6.0,496,64,No
Thanjavur,Jan,Sandy Loam,30,34,75,5.7,1077,65,No
Cuddalore,Oct,Sandy Loam,64,76,126,5.8,707,67,No
Coimbatore,Mar,Red Soil,126,30,72,7.3,1129,62,No
Thanjavur,Mar,Clay,44,55,119,6.0,982,87,No
Cuddalore,Aug,Clay,43,68,47,7.5,630,85,No
Trichy,Jan,Sandy Loam,46,74,40,6.2,1189,85,No
Madurai,May,Clay,62,70,54,6.5,513,40,No
Namakkal,Oct,Red Soil,59,24,68,6.1,868,76,No
Erode,Feb,Clay,49,21,51,6.1,589,52,No
Dharmapuri,Apr,Red Soil,122,40,56,6.8,443,54,No
Tirunelveli,Feb,Sandy Loam,34,34,39,7.2,1140,74,No
Thoothukudi,Jul,Loamy,115,16,122,6.5,980,49,No
Salem,Mar,Clay,39,48,100,6.7,714,40,No
Salem,Feb,Loamy,62,23,31,7.8,880,45,No
Dindigul,Nov,Sandy Loam,39,22,74,8.1,834,68,No
Madurai,Jun,Red Soil,113,42,106,6.3,531,87,No
Dharmapuri,Jun,Clay,109,55,107,6.5,772,82,No
Cuddalore,Nov,Clay,93,24,102,8.3,840,40,No
Karur,Nov,Black Soil,96,47,38,6.4,1299,52,No
Trichy,Nov,Loamy,122,53,88,5.1,440,72,No
Thanjavur,Jul,Red Soil,64,20,41,6.4,1179,89,No
Cuddalore,Feb,Clay,35,44,51,7.7,537,53,No
Namakkal,Jul,Loamy,113,31,106,7.3,908,86,No
Karur,Jun,Sandy Loam,37,38,38,6.6,859,66,No
Madurai,Jan,Red Soil,99,53,32,5.4,441,69,No
Thoothukudi,Aug,Clay,126,46,55,5.5,812,66,No
Tirunelveli,Jun,Red Soil,101,72,71,6.1,1222,89,No
Madurai,Jul,Black Soil,125,45,65,7.5,1247,64,No
Trichy,Apr,Clay,85,56,70,8.1,957,65,No
Cuddalore,Jun,Clay,31,74,97,7.5,595,45,No
Karur,Sep,Sandy Loam,56,32,38,8.3,667,44,No
Villupuram,Jun,Sandy Loam,97,26,110,4.6,986,79,No
Dharmapuri,May,Red Soil,106,21,112,7.8,643,51,No
Dindigul,Mar,Red Soil,43,25,108,4.8,1013,60,No
Dharmapuri,Apr,Black Soil,48,46,108,7.5,1043,49,No
Villupuram,Mar,Clay,52,41,64,7.8,564,56,No
Thoothukudi,Apr,Clay,43,72,47,5.1,671,49,No
Trichy,Dec,Red Soil,44,18,118,8.0,1209,76,No
Krishnagiri,Jul,Red Soil,95,23,69,5.6,1254,62,No
Erode,Jan,Red Soil,124,43,104,7.7,802,65,No
Thanjavur,Aug,Sandy Loam,119,21,105,6.5,811,74,No
Madurai,Dec,Loamy,52,59,102,5.3,1111,72,No
Namakkal,Jul,Loamy,52,63,37,6.4,1231,57,No
Karur,Aug,Black Soil,74,22,122,6.2,873,48,No
Thanjavur,Jun,Red Soil,107,49,54,5.8,1153,45,No
Coimbatore,Jul,Clay,94,58,113,7.4,494,45,No
Erode,Nov,Black Soil,72,36,124,6.2,994,47,No
Dindigul,Sep,Sandy Loam,102,78,37,7.4,550,57,No
Erode,Sep,Sandy Loam,99,34,126,6.5,1162,63,No
Salem,Jul,Clay,82,57,56,8.3,592,88,No
Dharmapuri,Jul,Loamy,57,24,49,4.8,561,52,No
Coimbatore,Nov,Red Soil,71,26,56,4.8,487,51,No
Thoothukudi,Jun,Clay,42,64,119,7.9,688,71,No
Karur,Jan,Clay,55,34,54,6.5,737,76,No
Thoothukudi,Oct,Sandy Loam,119,54,112,6.0,645,60,No
Cuddalore,Oct,Clay,106,37,64,5.8,925,77,No
Erode,Dec,Red Soil,73,75,48,5.4,600,73,No
Coimbatore,Jun,Black Soil,119,66,116,6.3,876,74,No
Tirunelveli,Sep,Black Soil,110,25,31,5.9,956,50,No
Dindigul,Dec,Black Soil,103,22,122,7.1,812,51,No
Krishnagiri,Dec,Red Soil,101,55,104,6.0,616,79,No
Karur,Sep,Red Soil,109,76,108,6.5,858,65,No
Salem,Jul,Loamy,37,27,31,8.1,1029,60,No
Madurai,Nov,Red Soil,124,17,77,6.3,497,89,No
Karur,Jun,Loamy,124,32,86,6.5,838,87,No
Coimbatore,Oct,Clay,103,35,89,6.9,1020,61,No
Madurai,Aug,Sandy Loam,102,62,96,8.4,872,43,No
Salem,Jan,Sandy Loam,86,65,33,7.6,455,68,No
Dindigul,Jul,Sandy Loam,81,15,51,7.6,650,43,No
Tirunelveli,May,Sandy Loam,116,35,44,7.6,578,72,No
Trichy,Jun,Black Soil,67,47,57,6.4,634,55,No
Erode,Sep,Sandy Loam,42,40,40,7.9,913,85,No
Krishnagiri,Aug,Clay,43,30,118,5.7,411,89,No
Erode,Feb,Loamy,94,62,96,8.0,472,50,No
Dindigul,Nov,Sandy Loam,108,43,120,5.1,604,43,No
Krishnagiri,Apr,Black Soil,64,35,92,6.6,1176,81,No
Tirunelveli,Dec,Red Soil,127,42,124,4.7,850,44,No
Trichy,Dec,Loamy,122,51,49,6.1,659,68,No
Dindigul,Aug,Red Soil,95,44,36,7.8,970,41,No
Cuddalore,Nov,Red Soil,69,15,116,7.4,1157,42,No
Thanjavur,Apr,Clay,104,36,127,5.4,627,47,No
Villupuram,May,Clay,94,15,97,6.5,994,86,No
Krishnagiri,Jun,Red Soil,116,45,53,6.4,685,73,No
Trichy,May,Black Soil,118,65,36,5.2,533,75,No
Tirunelveli,Nov,Clay,72,78,68,7.6,440,81,No
Salem,Feb,Sandy Loam,105,35,111,6.8,1258,68,No
Dharmapuri,May,Loamy,54,34,97,5.9,871,40,No
Tirunelveli,Jun,Loamy,83,37,74,4.9,966,47,No
Villupuram,Feb,Sandy Loam,69,18,112,8.5,880,83,No
Krishnagiri,Jun,Clay,72,39,46,7.1,678,49,No
Dindigul,Nov,Loamy,104,71,108,6.8,786,82,No
Coimbatore,May,Black Soil,129,46,128,4.6,1234,54,No
Erode,Jun,Clay,45,45,82,4.6,1177,85,No
Thoothukudi,Dec,Sandy Loam,35,52,125,6.0,1051,64,No
Krishnagiri,Jul,Loamy,100,54,65,5.7,1034,63,Yes
Thoothukudi,Aug,Red Soil,50,59,126,7.3,836,74,No
Salem,Feb,Clay,91,34,119,5.5,568,51,No
Salem,Jun,Sandy Loam,39,54,84,4.6,773,44,No
Namakkal,Sep,Loamy,53,79,129,4.9,683,79,No
Villupuram,Jun,Black Soil,34,67,80,7.7,836,41,No
Salem,Apr,Sandy Loam,64,44,54,5.9,613,84,No
Salem,Jun,Sandy Loam,91,29,40,6.6,1111,83,No
Coimbatore,Jul,Clay,105,57,58,6.7,1201,47,No
Coimbatore,Nov,Black Soil,31,47,64,8.1,802,82,No
Thanjavur,Jun,Loamy,79,61,96,8.2,434,73,No
Coimbatore,Mar,Clay,94,66,127,7.2,714,89,No
Dindigul,Jan,Clay,73,38,96,5.9,1242,75,No
Dindigul,Jan,Black Soil,70,51,31,5.4,1107,61,No
Thanjavur,Apr,Loamy,44,32,96,6.3,558,76,No
Coimbatore,Jul,Sandy Loam,81,71,73,8.3,775,85,No
Cuddalore,Feb,Red Soil,69,38,116,6.9,643,88,No
Krishnagiri,Jan,Red Soil,125,42,87,8.0,1104,76,No
Thanjavur,Sep,Clay,52,34,118,6.8,467,75,No
Dindigul,Jun,Red Soil,114,42,46,5.7,851,54,No
Trichy,Oct,Sandy Loam,33,64,70,5.0,1148,79,No
Trichy,Jul,Loamy,57,39,107,7.5,1179,81,No
Salem,May,Clay,129,78,42,8.3,618,78,No
Dindigul,Aug,Red Soil,59,47,120,8.0,1217,76,No
Trichy,Jun,Red Soil,43,26,86,5.3,735,85,No
Trichy,Aug,Clay,127,39,94,7.6,558,87,No
Thoothukudi,Aug,Red Soil,79,21,116,6.6,463,86,No
Thanjavur,Dec,Red Soil,53,18,117,4.7,815,53,No
Dindigul,Nov,Loamy,52,78,101,5.4,821,60,No
Erode,Feb,Black Soil,39,64,49,7.9,567,73,No
Coimbatore,Jul,Clay,95,65,36,7.3,604,45,No
Thanjavur,Mar,Black Soil,86,75,122,5.3,1228,79,No
Thanjavur,Oct,Sandy Loam,121,58,84,5.8,1065,84,No
Thanjavur,Apr,Loamy,128,22,33,5.8,941,47,No
Erode,Oct,Red Soil,128,32,64,7.2,1187,62,No
Tirunelveli,May,Red Soil,79,46,31,5.8,1058,67,No
Coimbatore,Jun,Black Soil,102,58,52,6.6,840,63,No
Tirunelveli,Feb,Clay,65,59,33,7.2,667,52,No
Krishnagiri,Oct,Black Soil,99,62,111,4.6,795,52,No
Tirunelveli,Jan,Sandy Loam,82,19,35,6.9,529,47,No
Cuddalore,Sep,Loamy,40,69,120,5.1,971,85,No
Trichy,Dec,Black Soil,80,38,115,7.7,774,46,No
Thoothukudi,Feb,Clay,41,19,36,6.4,818,58,No
Thoothukudi,May,Sandy Loam,64,29,79,6.9,665,57,No
Dharmapuri,Jun,Sandy Loam,30,16,50,8.4,1212,69,No
Erode,Jun,Loamy,68,37,100,7.9,796,69,No
Madurai,Oct,Loamy,94,45,58,4.8,471,82,No
Erode,Nov,Red Soil,120,29,107,8.0,1288,65,No
Thoothukudi,Jul,Loamy,42,66,124,7.6,452,65,No
Dindigul,Dec,Loamy,104,51,37,7.3,454,53,No
Erode,Jun,Sandy Loam,79,41,31,5.4,893,42,No
Erode,Mar,Red Soil,30,23,97,7.1,533,80,No
Tirunelveli,Apr,Loamy,66,75,36,5.6,565,79,No
Villupuram,May,Clay,87,71,94,6.3,760,60,No
Thoothukudi,Feb,Black Soil,38,78,103,4.9,758,42,No
Thanjavur,Dec,Red Soil,45,61,72,7.5,949,73,No
Karur,Aug,Red Soil,93,67,67,6.0,529,54,No
Namakkal,Jan,Clay,65,56,91,6.8,735,66,No
Tirunelveli,Mar,Clay,94,71,98,6.8,716,44,No
Erode,Sep,Sandy Loam,121,40,77,7.1,1060,77,No
Namakkal,Jul,Clay,61,19,105,4.6,1139,56,No
Madurai,Dec,Black Soil,38,65,108,7.4,1228,53,No
Namakkal,Feb,Black Soil,59,64,107,6.1,432,53,No
Coimbatore,Aug,Sandy Loam,45,15,77,7.2,513,42,No
Thanjavur,Oct,Red Soil,128,40,61,7.4,524,78,No
Thanjavur,Jul,Loamy,88,24,33,6.4,1103,72,No
Thoothukudi,Jun,Clay,115,21,120,5.4,860,42,No
Salem,Sep,Black Soil,84,25,46,5.9,1106,86,No
Namakkal,Nov,Sandy Loam,62,67,111,7.1,1073,46,No
Salem,Feb,Loamy,55,68,58,5.0,562,80,No
Coimbatore,Jan,Sandy Loam,39,74,95,5.5,676,84,No
Karur,Sep,Sandy Loam,60,30,102,8.4,1060,73,No
Thoothukudi,Apr,Loamy,84,15,47,5.3,1085,50,No
Madurai,Sep,Loamy,63,73,111,5.5,1044,63,No
Dindigul,Sep,Black Soil,84,52,110,5.8,777,40,No
Coimbatore,Nov,Clay,84,40,110,5.2,1256,59,No
Tirunelveli,Dec,Red Soil,78,19,122,4.8,1075,69,No
Cuddalore,Feb,Clay,126,36,99,7.7,957,42,No
Krishnagiri,Sep,Black Soil,61,50,67,7.2,1237,65,No
Coimbatore,Jul,Loamy,93,42,52,8.3,631,64,No
Villupuram,Aug,Black Soil,62,25,35,7.6,748,89,No
Thanjavur,Jan,Clay,93,17,92,5.7,1031,75,No
Madurai,Nov,Loamy,54,36,37,7.5,703,67,No
Erode,Jul,Loamy,48,43,42,4.6,612,42,No
Villupuram,Apr,Clay,86,36,120,6.8,488,48,No
Coimbatore,May,Clay,125,45,34,6.2,501,48,No
Coimbatore,Mar,Red Soil,74,73,127,7.4,520,80,No
Salem,May,Black Soil,117,76,98,6.1,928,56,No
Tirunelveli,Jan,Sandy Loam,69,48,43,4.6,812,71,No
Thanjavur,Apr,Sandy Loam,126,16,54,5.1,1002,40,No
Dharmapuri,Aug,Sandy Loam,66,16,81,5.1,914,41,No
Trichy,Mar,Sandy Loam,74,38,44,8.2,573,72,No
Namakkal,Jun,Clay,126,19,31,5.7,1234,55,No
Thanjavur,May,Black Soil,83,78,66,8.2,1170,83,No
Trichy,Feb,Black Soil,78,79,96,5.8,1047,46,No
Dindigul,Aug,Sandy Loam,31,68,79,8.1,534,69,No
Thanjavur,Nov,Red Soil,103,50,61,4.6,497,50,No
Karur,Jul,Loamy,115,41,99,6.7,1218,60,No
Erode,Feb,Red Soil,110,18,50,8.1,1157,69,No
Madurai,Apr,Clay,71,72,128,6.5,966,65,No
Cuddalore,Aug,Sandy Loam,109,60,79,4.7,668,76,No
Dindigul,Nov,Clay,113,48,86,5.0,776,59,No
Salem,Jun,Loamy,71,51,96,6.5,891,54,No
Namakkal,Aug,Black Soil,34,35,55,7.6,432,56,No
Coimbatore,Apr,Red Soil,82,57,105,4.8,838,46,No
Trichy,Feb,Red Soil,72,63,61,7.8,914,76,No
Villupuram,Sep,Black Soil,105,79,109,5.7,1020,84,No
Villupuram,Feb,Red Soil,95,15,92,7.5,813,59,No
Krishnagiri,Jun,Clay,36,26,112,4.8,767,81,No
Dindigul,Nov,Red Soil,89,68,92,4.7,1248,41,No
Krishnagiri,Jul,Red Soil,35,74,101,5.7,958,78,No
Villupuram,Jul,Black Soil,46,47,108,6.1,598,47,No
Dharmapuri,Feb,Loamy,93,34,34,4.7,1086,54,No
Dharmapuri,Nov,Red Soil,40,46,56,7.9,437,72,No
Trichy,Apr,Loamy,120,15,71,6.6,782,41,No
Villupuram,Aug,Red Soil,32,20,67,7.8,1107,40,No
Madurai,Jul,Black Soil,95,17,47,8.3,566,58,No
Erode,Jun,Sandy Loam,113,33,109,7.6,916,77,No
Dharmapuri,Nov,Loamy,50,49,126,8.2,1187,82,No
Namakkal,Jun,Sandy Loam,60,47,56,6.2,617,49,No
Erode,Jun,Sandy Loam,97,17,40,4.9,475,73,No
Villupuram,Jul,Black Soil,47,23,73,5.5,1164,49,No
Thoothukudi,Jul,Red Soil,95,65,92,7.9,1056,49,No
Tirunelveli,Oct,Black Soil,89,67,79,5.6,1190,46,No
Thoothukudi,Mar,Loamy,119,46,63,5.3,407,40,No
Erode,May,Black Soil,84,34,56,4.6,632,87,No
Salem,May,Clay,110,71,56,6.9,490,68,No
Salem,Nov,Sandy Loam,113,34,94,4.6,665,62,No
Namakkal,Aug,Clay,51,58,56,6.8,746,51,No
Namakkal,Jan,Red Soil,61,36,70,8.3,890,48,No
Cuddalore,Jul,Clay,62,29,91,6.4,683,42,No
Madurai,Sep,Clay,117,37,105,6.4,890,52,No
Coimbatore,Jan,Sandy Loam,72,22,82,7.8,693,55,No
Dindigul,Jul,Red Soil,108,52,80,8.0,424,65,No
Dharmapuri,Oct,Sandy Loam,72,64,36,7.3,626,62,No
Madurai,Sep,Clay,34,72,119,4.8,646,64,No
Villupuram,Dec,Black Soil,111,64,75,5.8,949,58,No
Cuddalore,Aug,Sandy Loam,69,53,88,7.2,1066,49,No
Coimbatore,Aug,Black Soil,58,73,62,8.1,912,56,No
Namakkal,Mar,Black Soil,82,68,81,8.3,611,63,No
Salem,Jun,Clay,95,47,115,7.8,987,52,No
Karur,Apr,Sandy Loam,72,36,65,7.7,1114,52,No
Thoothukudi,Mar,Clay,124,76,103,8.2,686,47,No
Trichy,Mar,Sandy Loam,106,28,56,5.0,1291,52,No
Villupuram,Oct,Loamy,87,76,74,5.0,1249,80,No
Villupuram,Nov,Black Soil,57,30,60,7.1,912,83,No
Dindigul,Nov,Sandy Loam,119,30,104,5.7,1186,57,No
Trichy,Mar,Black Soil,125,58,113,6.1,615,62,No
Villupuram,Feb,Clay,59,44,94,7.6,502,70,No
Dharmapuri,May,Sandy Loam,51,42,106,7.5,844,80,No
Thoothukudi,Aug,Red Soil,75,42,121,5.6,946,43,No
Coimbatore,Sep,Loamy,89,44,81,7.4,718,41,No
Namakkal,Sep,Clay,114,65,110,6.3,1271,82,No
Dindigul,Sep,Sandy Loam,41,56,128,5.5,1124,84,No
Salem,Mar,Clay,70,40,78,8.3,1063,62,No
Thanjavur,Jul,Red Soil,85,40,39,4.8,502,47,No
Karur,Aug,Sandy Loam,105,57,109,7.6,1164,83,No
Dindigul,Jun,Loamy,106,75,77,8.1,673,46,No
Namakkal,Jul,Clay,48,77,50,5.0,918,79,No
Krishnagiri,Jan,Clay,52,78,38,5.6,619,65,No
Erode,Feb,Clay,86,64,90,8.3,688,62,No
Thoothukudi,Nov,Sandy Loam,51,73,39,5.7,810,89,No
Villupuram,Jan,Clay,49,54,108,7.8,1021,41,No
Trichy,Aug,Black Soil,37,68,73,5.6,474,72,No
Erode,Mar,Sandy Loam,49,56,78,6.1,426,56,No
Coimbatore,May,Red Soil,60,56,72,4.7,984,56,No
Thanjavur,Apr,Clay,58,75,43,6.4,1197,65,No
Villupuram,Sep,Sandy Loam,68,31,53,5.3,814,68,No
Coimbatore,Feb,Sandy Loam,115,36,55,5.7,1023,75,No
Villupuram,Aug,Red Soil,48,74,31,8.0,1158,41,No
Madurai,Jun,Loamy,55,34,51,6.7,590,59,No
Trichy,Sep,Sandy Loam,125,25,109,6.9,659,58,No
Madurai,Mar,Clay,42,69,85,6.3,1289,85,No
Namakkal,Dec,Black Soil,54,38,31,5.6,796,59,No
Salem,Dec,Loamy,55,37,105,6.1,739,59,No
Villupuram,Feb,Loamy,49,75,96,5.7,740,68,No
Salem,Jan,Clay,125,73,34,5.7,1076,40,No
Dindigul,Apr,Sandy Loam,36,68,76,6.7,1279,86,No
Madurai,Dec,Clay,45,27,124,8.4,736,53,No
Madurai,Mar,Red Soil,73,18,70,7.0,437,40,No
Trichy,May,Red Soil,52,67,37,5.2,1297,78,No
Villupuram,Dec,Red Soil,42,72,111,5.6,648,48,No
Cuddalore,Jan,Sandy Loam,42,43,111,6.7,942,40,No
Trichy,Jun,Sandy Loam,119,46,47,8.4,510,63,No
Coimbatore,Jan,Red Soil,99,53,64,5.4,583,50,No
Dindigul,Oct,Sandy Loam,126,25,51,6.7,883,69,No
Namakkal,Mar,Black Soil,48,33,34,8.0,910,53,No
Cuddalore,Mar,Clay,32,21,70,8.1,1009,72,No
Tirunelveli,Dec,Sandy Loam,55,56,76,4.7,453,65,No
Krishnagiri,Jun,Sandy Loam,91,51,93,7.1,559,76,No
Namakkal,Sep,Clay,64,67,91,7.7,511,55,No
Salem,Mar,Sandy Loam,54,45,30,5.7,478,67,No
Salem,May,Red Soil,115,76,94,4.8,1100,66,No
Cuddalore,Jul,Black Soil,69,27,108,7.3,986,77,No
Namakkal,Apr,Clay,31,55,100,7.4,1214,63,No
Villupuram,Aug,Loamy,34,40,68,7.5,971,49,No
Tirunelveli,Jan,Red Soil,68,54,92,5.9,887,70,No
Trichy,Nov,Loamy,51,43,69,8.1,1198,51,No
Thoothukudi,Mar,Loamy,101,54,55,6.7,1148,75,No
Trichy,Apr,Loamy,68,36,91,6.0,606,83,No
Karur,Sep,Loamy,119,33,100,7.0,574,50,No
Karur,Feb,Clay,48,17,65,6.0,928,58,No
Dindigul,May,Black Soil,89,70,39,5.2,1213,43,No
Villupuram,Aug,Sandy Loam,81,19,128,4.6,620,40,No
Villupuram,Mar,Clay,111,75,85,5.8,1102,86,No
Krishnagiri,Aug,Black Soil,43,36,80,4.7,590,51,No
Tirunelveli,Sep,Clay,118,60,61,8.2,408,72,No
Madurai,Feb,Black Soil,74,56,72,6.7,1026,43,No
Salem,Oct,Loamy,47,72,89,5.1,1127,52,No
Trichy,Oct,Red Soil,52,23,70,6.2,760,45,No
Thoothukudi,Apr,Loamy,56,29,105,5.7,404,49,No
Villupuram,Apr,Black Soil,122,23,57,8.1,998,51,No
Krishnagiri,Jan,Sandy Loam,91,27,127,4.8,1267,73,No
Karur,Jan,Red Soil,95,36,91,8.3,1248,60,No
Krishnagiri,May,Black Soil,74,40,86,5.5,900,57,No
Erode,Mar,Loamy,82,27,45,7.2,538,84,No
Tirunelveli,Sep,Red Soil,80,28,101,6.5,988,51,No
Dindigul,Jan,Red Soil,106,72,50,7.9,1247,56,No
Thoothukudi,Jan,Black Soil,100,72,52,5.1,1054,89,No
Karur,Jan,Loamy,54,15,74,7.7,1027,49,No
Cuddalore,Sep,Loamy,68,57,119,7.3,715,80,No
Thanjavur,Oct,Red Soil,106,78,92,5.7,1275,57,No
Dharmapuri,Apr,Clay,44,16,104,5.8,599,83,No
Villupuram,Jul,Sandy Loam,65,39,129,6.7,889,72,No
Trichy,Feb,Red Soil,112,19,67,5.4,1013,55,No
Madurai,May,Loamy,43,24,105,4.9,744,55,No
Namakkal,Nov,Red Soil,109,30,104,6.0,1116,48,No
Villupuram,Sep,Clay,47,19,73,6.1,962,44,No
Tirunelveli,Apr,Sandy Loam,93,43,93,7.5,1103,68,No
Thoothukudi,Apr,Black Soil,64,51,66,6.8,1009,82,No
Trichy,Jul,Loamy,106,69,87,5.2,903,57,No
Villupuram,Aug,Red Soil,59,65,45,4.7,777,80,No
Dharmapuri,Jul,Loamy,88,56,95,4.7,718,78,No
Thoothukudi,Dec,Red Soil,69,52,111,6.0,542,84,No
Karur,Jan,Red Soil,73,62,79,7.8,866,71,No
Madurai,Jan,Sandy Loam,46,50,106,5.3,749,77,No
Madurai,Sep,Clay,43,72,116,5.7,1151,80,No
Trichy,Feb,Sandy Loam,52,39,53,7.0,415,76,No
Coimbatore,May,Red Soil,120,26,102,8.1,1232,84,No
Erode,May,Black Soil,108,57,34,5.6,1294,73,No
Krishnagiri,Nov,Sandy Loam,38,45,79,5.2,1208,83,No
Coimbatore,Nov,Black Soil,35,69,44,5.5,1019,46,No
Tirunelveli,Aug,Sandy Loam,74,41,97,8.3,610,40,No
Coimbatore,Oct,Loamy,32,58,76,4.9,468,84,No
Salem,Jul,Loamy,115,32,68,5.3,1236,89,No
Dharmapuri,Jun,Sandy Loam,30,74,81,5.2,599,54,No
Namakkal,Apr,Loamy,61,32,42,5.2,1227,64,No
Coimbatore,May,Clay,64,39,89,5.8,919,44,No
Dindigul,Dec,Loamy,85,50,103,7.1,505,46,No
Salem,Nov,Sandy Loam,63,16,34,7.4,426,44,No
Erode,Apr,Red Soil,112,75,110,7.4,1006,71,No
Dharmapuri,Nov,Black Soil,31,71,30,6.3,689,45,No
Salem,Jul,Black Soil,114,19,46,6.7,685,86,No
Coimbatore,Jun,Clay,36,65,116,6.3,541,81,No
Dharmapuri,Jan,Clay,43,17,46,7.2,451,59,No
Thoothukudi,Dec,Sandy Loam,74,22,59,5.5,1288,70,No
Cuddalore,Oct,Sandy Loam,38,29,100,8.0,1020,75,No
Coimbatore,Aug,Loamy,85,32,74,6.4,1240,84,No
Cuddalore,Mar,Sandy Loam,108,25,42,7.4,851,44,No
Tirunelveli,Jul,Red Soil,128,18,41,4.7,752,64,No
Salem,Nov,Red Soil,111,30,62,8.4,728,71,No
Thanjavur,May,Black Soil,119,27,112,4.6,441,52,No
Cuddalore,Jul,Red Soil,34,43,80,4.6,504,82,No
Thoothukudi,Aug,Black Soil,64,24,51,5.6,656,53,No
Namakkal,Jun,Loamy,102,57,107,8.0,865,50,No
Trichy,Mar,Black Soil,31,68,82,5.0,1271,82,No
Tirunelveli,Aug,Sandy Loam,119,37,60,8.0,936,85,No
Thanjavur,Sep,Red Soil,96,18,71,6.3,653,74,No
Dindigul,Sep,Loamy,81,49,71,5.0,771,86,No
Cuddalore,May,Loamy,101,45,46,7.1,796,68,No
Karur,Mar,Black Soil,112,74,92,6.0,621,56,No
Madurai,Oct,Black Soil,96,58,69,5.1,531,61,No
Madurai,Nov,Black Soil,112,68,51,6.0,797,45,No
Thoothukudi,Nov,Loamy,68,33,102,8.3,814,80,No
Salem,Oct,Red Soil,42,61,119,5.0,1057,70,No
Karur,Oct,Clay,57,60,113,8.4,1144,44,No
Karur,Dec,Red Soil,76,28,108,6.7,886,41,No
Dindigul,Dec,Clay,105,35,43,6.2,1113,62,No
Tirunelveli,Nov,Black Soil,81,44,65,5.4,1257,81,No
Krishnagiri,Jan,Red Soil,88,75,42,6.5,1156,88,No
Cuddalore,Nov,Red Soil,97,75,105,6.5,948,43,No
Coimbatore,Feb,Black Soil,88,67,84,5.4,674,50,No
Thanjavur,Dec,Clay,70,20,54,4.5,692,73,No
Krishnagiri,Jan,Sandy Loam,100,20,42,7.5,598,56,No
Dharmapuri,Nov,Black Soil,37,19,53,7.4,1159,42,No
Trichy,Dec,Red Soil,63,29,77,6.0,992,63,No
Thoothukudi,May,Sandy Loam,75,16,111,4.8,1278,88,No
Karur,Mar,Clay,123,77,116,7.5,899,64,No
Tirunelveli,Nov,Red Soil,125,17,63,8.3,699,67,No
Trichy,Jan,Red Soil,71,16,123,7.1,1217,46,No
Trichy,Jan,Sandy Loam,49,46,91,7.1,574,47,No
Dindigul,Nov,Sandy Loam,30,35,46,7.4,647,44,No
Salem,Dec,Black Soil,102,53,54,7.8,1045,52,No
Tirunelveli,Feb,Red Soil,51,35,64,5.1,471,59,No
Thoothukudi,Jul,Clay,44,36,105,5.2,1025,51,No
Villupuram,Aug,Loamy,71,46,37,7.7,1264,59,No
Dindigul,Aug,Black Soil,112,58,67,7.9,717,60,No
Salem,Sep,Clay,50,27,72,5.5,440,43,No
Namakkal,Aug,Red Soil,108,48,99,7.0,658,77,No
Dindigul,May,Sandy Loam,59,55,77,6.9,1138,74,No
Coimbatore,Dec,Loamy,46,73,99,8.0,1297,75,No
Karur,Oct,Red Soil,63,49,107,7.9,846,47,No
Madurai,Nov,Loamy,45,18,71,7.9,1167,42,No
Trichy,Dec,Red Soil,117,44,55,6.6,1140,84,No
Villupuram,May,Red Soil,122,57,109,4.9,779,45,No
Villupuram,Jul,Loamy,103,43,62,8.0,1022,75,No
Coimbatore,Aug,Sandy Loam,78,61,89,6.7,578,47,No
Dindigul,Feb,Loamy,118,54,61,7.3,539,65,No
Tirunelveli,Sep,Clay,112,45,108,8.4,1190,88,No
Villupuram,Jan,Clay,64,51,55,5.3,1044,40,No
Tirunelveli,Aug,Clay,103,19,65,6.8,885,44,No
Salem,Jul,Loamy,52,78,76,5.1,582,85,No
Karur,Jun,Red Soil,55,73,95,7.7,1063,66,No
Cuddalore,Jan,Red Soil,80,17,82,6.2,499,80,No
Villupuram,Dec,Clay,99,42,89,5.2,574,70,No
Krishnagiri,Dec,Red Soil,87,43,103,7.2,1218,86,No
Madurai,Mar,Sandy Loam,92,23,105,4.9,540,51,No
Trichy,Apr,Loamy,88,77,54,5.8,1205,64,No
Madurai,Sep,Black Soil,36,76,116,5.5,1040,85,No
Trichy,Oct,Red Soil,98,36,115,5.4,1131,42,No
Salem,Sep,Sandy Loam,126,36,81,5.1,1199,50,No
Krishnagiri,Jun,Black Soil,125,52,92,6.6,762,55,No
Thoothukudi,Nov,Black Soil,49,71,64,6.8,802,86,No
Dindigul,Feb,Sandy Loam,79,38,73,6.9,947,85,No
Thanjavur,Jan,Sandy Loam,82,71,71,7.6,598,51,No
Salem,May,Red Soil,108,76,112,8.0,1269,76,No
Karur,Aug,Sandy Loam,120,43,97,7.6,455,65,No
Thanjavur,Feb,Clay,72,56,38,6.8,1077,42,No
Coimbatore,Feb,Black Soil,43,36,48,5.0,1064,64,No
Salem,Mar,Black Soil,43,58,91,6.7,1037,64,No
Karur,Nov,Black Soil,104,78,117,6.3,1002,48,No
Krishnagiri,Feb,Loamy,96,39,111,7.1,740,85,No
Villupuram,Aug,Red Soil,94,55,102,5.1,1039,86,No
Krishnagiri,Nov,Red Soil,76,46,57,6.2,683,49,No
Dindigul,Aug,Red Soil,80,58,122,5.7,475,72,No
Dindigul,Nov,Loamy,72,42,72,7.5,702,40,No
Salem,Jun,Black Soil,107,46,90,6.9,831,59,No
Krishnagiri,Apr,Red Soil,101,42,98,6.5,527,68,No
Coimbatore,Aug,Black Soil,101,71,43,6.0,434,84,No
Krishnagiri,Dec,Black Soil,61,58,40,6.9,475,67,No
Salem,Apr,Red Soil,106,18,33,4.9,764,63,No
Thoothukudi,Aug,Clay,71,49,58,4.9,893,40,No
Cuddalore,Jun,Loamy,55,68,45,5.6,1016,85,No
Erode,Feb,Black Soil,45,77,66,6.4,1269,75,No
Cuddalore,Sep,Red Soil,55,17,60,4.5,1153,56,No
Namakkal,Feb,Clay,100,48,54,4.8,1216,65,No
Thoothukudi,Apr,Black Soil,84,68,32,5.6,512,86,No
Madurai,Dec,Black Soil,96,17,43,6.8,1174,43,No
Madurai,Oct,Clay,104,71,101,8.4,875,86,No
Villupuram,Aug,Red Soil,65,79,100,7.9,539,78,No
Cuddalore,Jun,Red Soil,42,21,86,8.0,482,49,No
Dharmapuri,Jul,Red Soil,109,32,65,5.7,616,76,No
Tirunelveli,Aug,Loamy,123,32,109,7.5,893,85,No
Coimbatore,Mar,Loamy,72,65,85,8.0,752,61,No
Erode,Feb,Clay,31,44,92,5.9,1050,65,No
Villupuram,Jan,Clay,108,52,36,7.0,1090,72,No
Salem,Mar,Sandy Loam,64,17,117,6.6,692,46,No
Erode,Oct,Red Soil,96,62,32,4.7,1055,55,No
Krishnagiri,Jan,Sandy Loam,121,28,120,7.3,642,82,No
Coimbatore,Nov,Red Soil,105,57,93,6.4,1183,83,No
Karur,Dec,Loamy,108,63,39,7.0,906,49,No
Cuddalore,Dec,Loamy,79,77,57,6.1,454,58,No
Thoothukudi,Apr,Red Soil,84,20,99,4.9,846,65,No
Salem,Feb,Loamy,118,31,85,5.1,1058,68,No
Coimbatore,Nov,Black Soil,69,78,118,6.4,408,83,No
Thoothukudi,Jun,Black Soil,72,30,101,7.8,830,80,No
Dharmapuri,Oct,Black Soil,95,45,55,5.0,543,50,No
Cuddalore,Jun,Sandy Loam,65,38,94,4.9,976,48,No
Dharmapuri,Mar,Sandy Loam,57,75,95,5.5,587,72,No
Namakkal,Jan,Sandy Loam,45,52,34,5.6,1163,48,No
Coimbatore,Sep,Sandy Loam,54,40,72,5.6,490,74,No
Coimbatore,Aug,Clay,123,53,33,6.1,1085,83,No
Thanjavur,Feb,Sandy Loam,128,78,66,7.7,1058,46,No
Thoothukudi,Oct,Loamy,34,72,126,5.3,1212,51,No
Karur,Feb,Sandy Loam,103,73,124,6.1,802,86,No
Dindigul,Jul,Sandy Loam,40,72,98,7.9,1086,58,No
Thoothukudi,Jul,Black Soil,71,59,33,5.1,821,66,No
Thanjavur,Jul,Clay,71,32,90,6.3,578,88,No
Trichy,May,Red Soil,96,26,39,6.5,448,67,No
Krishnagiri,Jun,Clay,51,70,85,6.8,1279,86,No
Trichy,Nov,Sandy Loam,92,33,46,4.5,1140,40,No
Thoothukudi,Feb,Clay,34,71,79,5.8,878,69,No
Cuddalore,Jul,Red Soil,80,50,33,6.5,1039,59,No
Thanjavur,Dec,Loamy,104,56,92,7.7,1052,50,No
Villupuram,Apr,Loamy,65,37,82,7.8,698,51,No
Trichy,Jun,Black Soil,71,70,69,8.0,1209,75,No
Coimbatore,Jan,Sandy Loam,123,20,32,8.1,1010,63,No
Madurai,May,Loamy,30,19,70,5.3,1140,43,No
Coimbatore,Feb,Sandy Loam,44,40,86,6.3,589,53,No
Tirunelveli,Nov,Black Soil,71,77,36,4.7,1246,63,No
Thoothukudi,Aug,Sandy Loam,123,41,119,7.4,664,77,No
Coimbatore,Apr,Sandy Loam,118,61,56,4.9,1134,84,No
Krishnagiri,Oct,Loamy,79,73,108,8.2,651,48,No
Dindigul,Feb,Red Soil,90,74,41,4.8,894,42,No
Karur,Oct,Loamy,94,54,108,5.4,1018,70,No
Karur,Nov,Black Soil,117,74,66,8.5,1029,63,No
Thanjavur,Sep,Black Soil,35,20,103,5.3,870,41,No
Erode,Aug,Sandy Loam,104,67,78,5.6,534,41,No
Dindigul,Jan,Black Soil,107,18,30,7.9,451,62,No
Namakkal,Dec,Sandy Loam,124,57,75,7.3,1129,89,No
Namakkal,Dec,Clay,91,24,85,7.8,1202,57,No
Dharmapuri,Mar,Sandy Loam,99,25,84,6.4,1040,71,Yes
Salem,May,Black Soil,70,19,85,8.5,1266,78,No
Trichy,Feb,Loamy,41,42,115,8.3,858,86,No
Thanjavur,Oct,Red Soil,91,50,75,4.6,412,41,No
Thoothukudi,Jul,Black Soil,98,36,41,4.9,547,83,No
Dindigul,Jun,Red Soil,109,46,90,6.3,1298,46,No
Karur,May,Black Soil,65,30,79,6.7,564,48,No
Villupuram,Nov,Sandy Loam,46,31,35,7.7,779,59,No
Cuddalore,Jun,Black Soil,100,50,120,7.3,880,72,No
Cuddalore,Mar,Clay,39,58,123,7.4,1297,78,No
Salem,Nov,Sandy Loam,67,60,54,6.3,812,79,Yes
Krishnagiri,May,Red Soil,115,69,59,6.9,1169,51,No
Namakkal,Feb,Sandy Loam,98,16,32,7.0,1244,88,No
Thoothukudi,Nov,Red Soil,84,60,69,6.5,988,88,No
Cuddalore,Jan,Black Soil,56,57,71,5.8,964,71,No
Namakkal,Sep,Black Soil,109,21,64,8.3,853,80,No
Salem,Sep,Black Soil,83,72,125,6.8,665,68,No
Karur,Jul,Clay,59,64,59,6.4,894,73,No
Madurai,Mar,Loamy,97,28,76,6.4,799,56,Yes
Villupuram,Apr,Clay,124,78,40,5.9,1041,81,No
Tirunelveli,Jul,Red Soil,41,45,84,5.7,820,59,No
Dindigul,Oct,Red Soil,118,63,64,5.1,949,55,No
Thoothukudi,Jul,Loamy,57,21,61,8.5,942,47,No
Namakkal,May,Black Soil,68,51,70,8.0,765,75,No
Salem,Mar,Black Soil,123,33,95,6.0,1002,57,No
Krishnagiri,Dec,Sandy Loam,105,28,55,4.5,491,47,No
Salem,Jan,Sandy Loam,87,75,123,5.5,1167,51,No
Salem,May,Clay,30,64,65,5.1,693,61,No
Cuddalore,Jul,Clay,67,64,53,5.9,596,80,No
Villupuram,Jul,Clay,60,59,98,6.5,1242,58,No
Madurai,May,Clay,66,15,96,7.2,671,58,No
Dindigul,Oct,Black Soil,65,46,62,4.8,541,54,No
Dindigul,Dec,Loamy,30,20,74,8.5,1028,42,No
Tirunelveli,Nov,Black Soil,88,51,35,5.5,1067,73,No
Salem,Dec,Black Soil,82,44,106,5.5,703,71,No
Karur,Aug,Loamy,76,34,105,6.7,482,71,No
Namakkal,Nov,Clay,74,25,37,7.7,954,63,No
Erode,May,Sandy Loam,77,68,71,4.8,679,60,No
Madurai,Sep,Loamy,115,18,110,7.7,1019,76,No
Krishnagiri,Dec,Red Soil,54,50,120,8.2,1006,54,No
Coimbatore,Sep,Loamy,116,61,52,6.9,912,51,No
Madurai,Aug,Red Soil,68,41,79,6.0,700,81,No
Cuddalore,Apr,Sandy Loam,52,26,104,8.0,1231,52,No
Thoothukudi,Jan,Black Soil,54,39,46,5.1,1283,72,No
Trichy,Jul,Clay,65,42,68,6.6,1103,65,No
Salem,Feb,Sandy Loam,90,50,80,4.8,1299,53,No
Madurai,Nov,Red Soil,119,65,127,4.6,1291,61,No
Erode,Mar,Red Soil,30,19,36,8.2,651,75,No
Dindigul,Oct,Clay,33,22,79,4.6,545,60,No
Madurai,Aug,Black Soil,97,17,60,6.2,1158,88,No
Cuddalore,Feb,Loamy,80,54,79,8.3,1234,41,No
Trichy,Sep,Black Soil,42,51,32,6.9,1015,73,No
Dindigul,May,Loamy,83,17,79,6.2,859,64,No
Cuddalore,Feb,Loamy,69,61,103,7.9,729,76,No
Madurai,Jun,Sandy Loam,122,56,49,7.0,476,79,No
Salem,Jul,Red Soil,100,64,127,5.8,700,75,No
Dharmapuri,Jul,Sandy Loam,77,25,111,7.5,1191,45,No
Salem,Feb,Sandy Loam,73,75,39,5.9,897,46,No
Coimbatore,May,Sandy Loam,109,79,90,4.7,479,41,No
Salem,Jun,Clay,119,18,92,5.9,915,71,No
Krishnagiri,Oct,Loamy,52,74,44,8.2,1197,41,No
Coimbatore,Feb,Loamy,66,49,112,6.6,461,84,No
Trichy,Jun,Sandy Loam,37,37,50,7.9,558,60,No
Salem,Feb,Black Soil,68,29,88,5.2,1230,65,No
Coimbatore,Mar,Clay,30,16,57,4.9,1097,84,No
Erode,Sep,Loamy,115,40,110,6.6,1121,49,No
Tirunelveli,Sep,Black Soil,108,30,56,6.1,481,50,No
Tirunelveli,Sep,Black Soil,78,72,116,8.5,627,53,No
Namakkal,May,Black Soil,97,58,35,5.0,729,77,No
Villupuram,May,Loamy,57,26,98,5.8,635,66,No
Cuddalore,Dec,Red Soil,77,46,60,4.8,787,49,No
Dharmapuri,Nov,Black Soil,105,29,95,7.5,964,88,No
Dharmapuri,Apr,Red Soil,108,70,47,6.3,1243,65,No
Karur,Feb,Loamy,114,41,50,7.5,586,73,No
Namakkal,May,Red Soil,124,27,56,5.8,1006,54,No
Thanjavur,Jun,Sandy Loam,87,64,68,5.6,883,73,No
Dindigul,Feb,Black Soil,91,41,63,5.7,431,41,No
Namakkal,Mar,Red Soil,122,42,116,7.4,1237,82,No
Thanjavur,Nov,Loamy,48,40,54,5.0,698,57,No
Trichy,Mar,Sandy Loam,91,20,98,6.5,931,71,No
Karur,Sep,Black Soil,120,20,96,8.3,1129,88,No
Salem,Jun,Red Soil,42,25,30,7.8,627,68,No
Coimbatore,Oct,Clay,76,34,61,6.0,876,85,No
Villupuram,May,Red Soil,31,48,36,4.9,673,73,No
Trichy,Dec,Clay,79,49,118,4.7,978,54,No
Krishnagiri,Dec,Sandy Loam,57,62,63,7.0,1228,54,No
Erode,Jun,Sandy Loam,56,38,78,7.9,650,86,No
