disease_name,cause,natural_pesticide
brown spot,Poor soil fertility,Buttermilk spray
bacterial panicle blight,Burkholderia bacteria,Garlic + Chili extract
bacterial panicle blight,High temperature,Panchagavya
normal,Healthy crop,Maintain field hygiene
bacterial leaf blight,Infected seeds,Pseudomonas Fluorescens
downy mildew,Cool humid weather,Milk spray
brown spot,Fungal infection,Vermicompost tea
bacterial leaf streak,Warm humid weather,Neem Oil
brown spot,Poor soil fertility,Seaweed extract
bacterial leaf blight,Poor field drainage,Cow urine solution
blast,Magnaporthe oryzae fungus,Baking soda spray
bacterial leaf blight,Xanthomonas oryzae bacteria,Neem Oil Spray
dead heart,Poor pest management,Neem seed kernel extract
bacterial panicle blight,Burkholderia bacteria,Garlic + Chili extract
normal,Good crop condition,No pesticide required
normal,Healthy crop,Use organic fertilizer
bacterial leaf blight,Xanthomonas oryzae bacteria,Neem Oil Spray
downy mildew,Water stagnation,Baking soda spray
normal,Good crop condition,No pesticide required
bacterial leaf blight,High humidity and rain,Garlic Extract Spray
brown spot,Drought stress,Seaweed extract
blast,Excess nitrogen,Baking soda spray
normal,Healthy crop,Maintain field hygiene
brown spot,Fungal infection,Buttermilk spray
brown spot,Drought stress,Buttermilk spray
tungro,Vector transmission,Neem Oil
bacterial panicle blight,High temperature,Trichoderma spray
hispa,Rice hispa insect,Neem Oil
brown spot,Nutrient deficiency,Seaweed extract
brown spot,Drought stress,Vermicompost tea
blast,High humidity,Baking soda spray
dead heart,Poor pest management,Neem seed kernel extract
dead heart,Insect larvae attack,Pheromone traps
normal,Healthy crop,Maintain field hygiene
bacterial leaf blight,High humidity and rain,Garlic Extract Spray
dead heart,Stem borer insect,Neem Oil
normal,No infection,Use organic fertilizer
dead heart,Poor pest management,Neem Oil
tungro,Rice tungro virus,Garlic spray
brown spot,Nutrient deficiency,Vermicompost tea
downy mildew,Cool humid weather,Neem oil spray
dead heart,Stem borer insect,Neem Oil
blast,Excess nitrogen,Compost tea
hispa,Leaf scraping insects,Chili garlic spray
blast,High humidity,Baking soda spray
blast,Excess nitrogen,Baking soda spray
brown spot,Fungal infection,Seaweed extract
blast,Excess nitrogen,Trichoderma viride
tungro,Rice tungro virus,Yellow sticky traps
downy mildew,Water stagnation,Milk spray
downy mildew,Water stagnation,Baking soda spray
tungro,Vector transmission,Yellow sticky traps
brown spot,Nutrient deficiency,Vermicompost tea
downy mildew,Water stagnation,Garlic extract
normal,No infection,Maintain field hygiene
blast,High humidity,Neem Oil
dead heart,Insect larvae attack,Light traps
downy mildew,Water stagnation,Garlic extract
bacterial panicle blight,High temperature,Panchagavya
bacterial panicle blight,Dense planting,Panchagavya
hispa,Dry weather,Soap water spray
bacterial leaf streak,Bacterial infection,Biocontrol bacteria
downy mildew,Water stagnation,Milk spray
normal,Good crop condition,No pesticide required
blast,Magnaporthe oryzae fungus,Baking soda spray
bacterial leaf blight,Poor field drainage,Pseudomonas Fluorescens
blast,High humidity,Trichoderma viride
hispa,Leaf scraping insects,Soap water spray
blast,Magnaporthe oryzae fungus,Compost tea
normal,No infection,No pesticide required
downy mildew,Fungal infection,Neem oil spray
hispa,Dry weather,Chili garlic spray
dead heart,Poor pest management,Neem Oil
hispa,Rice hispa insect,Soap water spray
normal,No infection,Use organic fertilizer
tungro,Green leafhopper,Garlic spray
downy mildew,Water stagnation,Milk spray
blast,Cold night temperature,Compost tea
hispa,Rice hispa insect,Soap water spray
downy mildew,Water stagnation,Neem oil spray
downy mildew,Water stagnation,Neem oil spray
bacterial leaf blight,High humidity and rain,Cow urine solution
bacterial panicle blight,High temperature,Trichoderma spray
tungro,Green leafhopper,Neem Oil
hispa,Rice hispa insect,Chili garlic spray
hispa,Leaf scraping insects,Neem seed extract
downy mildew,Cool humid weather,Neem oil spray
brown spot,Drought stress,Buttermilk spray
tungro,Rice tungro virus,Neem Oil
brown spot,Drought stress,Vermicompost tea
normal,No infection,Use organic fertilizer
bacterial leaf streak,Contaminated irrigation water,Buttermilk spray
brown spot,Fungal infection,Buttermilk spray
hispa,Leaf scraping insects,Soap water spray
bacterial panicle blight,Burkholderia bacteria,Panchagavya
downy mildew,Fungal infection,Baking soda spray
bacterial panicle blight,Dense planting,Panchagavya
blast,Magnaporthe oryzae fungus,Trichoderma viride
downy mildew,Water stagnation,Milk spray
brown spot,Drought stress,Neem Oil
dead heart,Poor pest management,Neem seed kernel extract
bacterial panicle blight,Burkholderia bacteria,Garlic + Chili extract
downy mildew,Water stagnation,Milk spray
downy mildew,Cool humid weather,Garlic extract
tungro,Rice tungro virus,Neem seed extract
blast,High humidity,Trichoderma viride
bacterial leaf blight,High humidity and rain,Garlic Extract Spray
bacterial leaf blight,Xanthomonas oryzae bacteria,Cow urine solution
tungro,Vector transmission,Neem Oil
tungro,Rice tungro virus,Neem seed extract
downy mildew,Cool humid weather,Baking soda spray
bacterial panicle blight,High temperature,Neem Oil Spray
normal,No infection,Maintain field hygiene
tungro,Green leafhopper,Garlic spray
brown spot,Fungal infection,Neem Oil
hispa,Leaf scraping insects,Neem seed extract
bacterial panicle blight,High humidity,Trichoderma spray
bacterial panicle blight,Dense planting,Trichoderma spray
bacterial leaf blight,Xanthomonas oryzae bacteria,Cow urine solution
brown spot,Drought stress,Neem Oil
downy mildew,Fungal infection,Milk spray
brown spot,Poor soil fertility,Seaweed extract
bacterial leaf streak,Warm humid weather,Biocontrol bacteria
normal,Healthy crop,Use organic fertilizer
tungro,Vector transmission,Yellow sticky traps
normal,Healthy crop,No pesticide required
bacterial leaf streak,Infected crop residues,Turmeric extract
hispa,Dry weather,Neem seed extract
normal,No infection,Maintain field hygiene
blast,Magnaporthe oryzae fungus,Neem Oil
brown spot,Nutrient deficiency,Neem Oil
tungro,Rice tungro virus,Garlic spray
normal,Good crop condition,No pesticide required
tungro,Vector transmission,Neem Oil
blast,Magnaporthe oryzae fungus,Neem Oil
brown spot,Drought stress,Vermicompost tea
dead heart,Stem borer insect,Pheromone traps
normal,No infection,No pesticide required
hispa,Leaf scraping insects,Neem Oil
dead heart,Poor pest management,Neem Oil
bacterial leaf streak,Infected crop residues,Turmeric extract
hispa,Dry weather,Neem Oil
bacterial panicle blight,High temperature,Neem Oil Spray
dead heart,Insect larvae attack,Neem Oil
tungro,Vector transmission,Yellow sticky traps
tungro,Green leafhopper,Neem seed extract
blast,Excess nitrogen,Compost tea
bacterial leaf streak,Bacterial infection,Biocontrol bacteria
hispa,Dry weather,Neem seed extract
tungro,Rice tungro virus,Yellow sticky traps
tungro,Vector transmission,Yellow sticky traps
blast,High humidity,Compost tea
normal,Healthy crop,No pesticide required
hispa,Rice hispa insect,Neem seed extract
downy mildew,Fungal infection,Milk spray
normal,Good crop condition,Use organic fertilizer
tungro,Rice tungro virus,Garlic spray
normal,Good crop condition,No pesticide required
downy mildew,Water stagnation,Baking soda spray
blast,Magnaporthe oryzae fungus,Compost tea
bacterial leaf streak,Contaminated irrigation water,Buttermilk spray
dead heart,Insect larvae attack,Light traps
hispa,Leaf scraping insects,Neem seed extract
blast,Cold night temperature,Neem Oil
tungro,Rice tungro virus,Neem Oil
downy mildew,Water stagnation,Garlic extract
normal,Good crop condition,Maintain field hygiene
bacterial leaf streak,Infected crop residues,Neem Oil
bacterial leaf blight,Infected seeds,Cow urine solution
blast,Excess nitrogen,Compost tea
dead heart,Poor pest management,Neem Oil
bacterial panicle blight,Dense planting,Neem Oil Spray
bacterial leaf blight,Xanthomonas oryzae bacteria,Garlic Extract Spray
tungro,Green leafhopper,Neem Oil
tungro,Rice tungro virus,Neem Oil
bacterial leaf streak,Bacterial infection,Neem Oil
bacterial leaf streak,Bacterial infection,Neem Oil
normal,Healthy crop,Maintain field hygiene
normal,Healthy crop,Maintain field hygiene
bacterial leaf blight,High humidity and rain,Pseudomonas Fluorescens
bacterial leaf streak,Infected crop residues,Neem Oil
normal,No infection,Use organic fertilizer
hispa,Leaf scraping insects,Chili garlic spray
tungro,Vector transmission,Garlic spray
tungro,Green leafhopper,Neem seed extract
blast,High humidity,Baking soda spray
bacterial panicle blight,High humidity,Panchagavya
hispa,Rice hispa insect,Neem seed extract
bacterial leaf blight,Poor field drainage,Cow urine solution
bacterial panicle blight,Dense planting,Neem Oil Spray
normal,No infection,No pesticide required
brown spot,Fungal infection,Neem Oil
blast,High humidity,Neem Oil
bacterial leaf blight,Poor field drainage,Neem Oil Spray
normal,No infection,No pesticide required
bacterial leaf streak,Contaminated irrigation water,Buttermilk spray
tungro,Vector transmission,Neem Oil
dead heart,Stem borer insect,Neem seed kernel extract
dead heart,Insect larvae attack,Light traps
downy mildew,Fungal infection,Milk spray
brown spot,Poor soil fertility,Neem Oil
downy mildew,Fungal infection,Neem oil spray
brown spot,Drought stress,Neem Oil
hispa,Leaf scraping insects,Neem Oil
dead heart,Insect larvae attack,Neem seed kernel extract
blast,Excess nitrogen,Compost tea
hispa,Dry weather,Soap water spray
brown spot,Drought stress,Vermicompost tea
bacterial panicle blight,High humidity,Panchagavya
bacterial leaf blight,High humidity and rain,Garlic Extract Spray
bacterial panicle blight,Dense planting,Trichoderma spray
bacterial leaf streak,Contaminated irrigation water,Buttermilk spray
bacterial leaf streak,Infected crop residues,Neem Oil
dead heart,Stem borer insect,Neem Oil
bacterial panicle blight,High temperature,Garlic + Chili extract
dead heart,Stem borer insect,Neem Oil
dead heart,Stem borer insect,Light traps
tungro,Rice tungro virus,Garlic spray
bacterial leaf streak,Infected crop residues,Biocontrol bacteria
bacterial leaf streak,Contaminated irrigation water,Buttermilk spray
blast,Magnaporthe oryzae fungus,Compost tea
hispa,Rice hispa insect,Soap water spray
bacterial leaf blight,High humidity and rain,Cow urine solution
dead heart,Insect larvae attack,Pheromone traps
brown spot,Nutrient deficiency,Seaweed extract
brown spot,Poor soil fertility,Neem Oil
downy mildew,Cool humid weather,Garlic extract
dead heart,Insect larvae attack,Neem seed kernel extract
bacterial panicle blight,Burkholderia bacteria,Neem Oil Spray
bacterial leaf streak,Infected crop residues,Neem Oil
dead heart,Poor pest management,Neem seed kernel extract
downy mildew,Fungal infection,Garlic extract
hispa,Rice hispa insect,Soap water spray
bacterial leaf blight,Xanthomonas oryzae bacteria,Cow urine solution
dead heart,Poor pest management,Pheromone traps
normal,Good crop condition,No pesticide required
bacterial panicle blight,High temperature,Neem Oil Spray
bacterial panicle blight,Burkholderia bacteria,Neem Oil Spray
blast,Excess nitrogen,Baking soda spray
normal,No infection,No pesticide required
hispa,Dry weather,Neem seed extract
bacterial leaf blight,High humidity and rain,Garlic Extract Spray
blast,Magnaporthe oryzae fungus,Trichoderma viride
brown spot,Drought stress,Buttermilk spray
hispa,Dry weather,Neem Oil
blast,Excess nitrogen,Baking soda spray
bacterial panicle blight,High temperature,Panchagavya
tungro,Rice tungro virus,Neem Oil
downy mildew,Fungal infection,Baking soda spray
tungro,Rice tungro virus,Garlic spray
normal,Healthy crop,No pesticide required
hispa,Dry weather,Neem Oil
bacterial panicle blight,High temperature,Trichoderma spray
bacterial leaf streak,Bacterial infection,Biocontrol bacteria
dead heart,Poor pest management,Neem Oil
blast,Magnaporthe oryzae fungus,Neem Oil
bacterial panicle blight,High temperature,Garlic + Chili extract
downy mildew,Fungal infection,Milk spray
bacterial leaf streak,Contaminated irrigation water,Buttermilk spray
bacterial panicle blight,Dense planting,Trichoderma spray
downy mildew,Water stagnation,Neem oil spray
blast,Magnaporthe oryzae fungus,Baking soda spray
bacterial leaf streak,Infected crop residues,Biocontrol bacteria
bacterial leaf streak,Bacterial infection,Buttermilk spray
hispa,Rice hispa insect,Soap water spray
normal,Good crop condition,Maintain field hygiene
downy mildew,Water stagnation,Milk spray
blast,Excess nitrogen,Trichoderma viride
dead heart,Poor pest management,Neem Oil
downy mildew,Fungal infection,Milk spray
brown spot,Fungal infection,Seaweed extract
dead heart,Poor pest management,Light traps
dead heart,Insect larvae attack,Pheromone traps
normal,Good crop condition,Use organic fertilizer
brown spot,Poor soil fertility,Buttermilk spray
brown spot,Fungal infection,Neem Oil
hispa,Rice hispa insect,Chili garlic spray
bacterial leaf blight,Poor field drainage,Pseudomonas Fluorescens
bacterial leaf blight,Poor field drainage,Garlic Extract Spray
bacterial panicle blight,Dense planting,Panchagavya
bacterial leaf streak,Contaminated irrigation water,Turmeric extract
normal,Healthy crop,Maintain field hygiene
dead heart,Stem borer insect,Light traps
blast,Cold night temperature,Trichoderma viride
bacterial leaf streak,Bacterial infection,Biocontrol bacteria
bacterial leaf blight,High humidity and rain,Garlic Extract Spray
downy mildew,Fungal infection,Milk spray
bacterial leaf blight,Infected seeds,Pseudomonas Fluorescens
bacterial panicle blight,High temperature,Panchagavya
normal,Good crop condition,No pesticide required
normal,No infection,Maintain field hygiene
blast,High humidity,Trichoderma viride
bacterial leaf blight,Infected seeds,Pseudomonas Fluorescens
bacterial panicle blight,Dense planting,Panchagavya
brown spot,Poor soil fertility,Neem Oil
blast,High humidity,Neem Oil
blast,Magnaporthe oryzae fungus,Trichoderma viride
hispa,Rice hispa insect,Soap water spray
blast,Cold night temperature,Neem Oil
normal,No infection,Use organic fertilizer
hispa,Dry weather,Soap water spray
downy mildew,Cool humid weather,Neem oil spray
hispa,Leaf scraping insects,Chili garlic spray
brown spot,Drought stress,Seaweed extract
bacterial leaf streak,Bacterial infection,Buttermilk spray
bacterial leaf blight,High humidity and rain,Cow urine solution
bacterial leaf streak,Contaminated irrigation water,Biocontrol bacteria
tungro,Vector transmission,Neem Oil
blast,Cold night temperature,Compost tea
downy mildew,Cool humid weather,Garlic extract
brown spot,Fungal infection,Seaweed extract
tungro,Green leafhopper,Yellow sticky traps
dead heart,Insect larvae attack,Pheromone traps
downy mildew,Cool humid weather,Neem oil spray
brown spot,Poor soil fertility,Neem Oil
brown spot,Nutrient deficiency,Vermicompost tea
tungro,Vector transmission,Yellow sticky traps
dead heart,Stem borer insect,Light traps
bacterial leaf blight,Poor field drainage,Garlic Extract Spray
bacterial panicle blight,Burkholderia bacteria,Panchagavya
bacterial leaf blight,Poor field drainage,Neem Oil Spray
normal,Healthy crop,Use organic fertilizer
tungro,Rice tungro virus,Yellow sticky traps
bacterial panicle blight,Dense planting,Garlic + Chili extract
brown spot,Poor soil fertility,Seaweed extract
tungro,Green leafhopper,Neem Oil
downy mildew,Cool humid weather,Neem oil spray
bacterial leaf blight,Poor field drainage,Neem Oil Spray
bacterial panicle blight,Dense planting,Panchagavya
blast,Excess nitrogen,Trichoderma viride
normal,Good crop condition,No pesticide required
bacterial leaf streak,Warm humid weather,Biocontrol bacteria
dead heart,Poor pest management,Neem Oil
normal,Healthy crop,Use organic fertilizer
downy mildew,Cool humid weather,Neem oil spray
brown spot,Nutrient deficiency,Seaweed extract
dead heart,Stem borer insect,Light traps
bacterial leaf streak,Infected crop residues,Biocontrol bacteria
bacterial panicle blight,Burkholderia bacteria,Trichoderma spray
dead heart,Poor pest management,Neem seed kernel extract
bacterial leaf blight,High humidity and rain,Garlic Extract Spray
bacterial leaf streak,Bacterial infection,Buttermilk spray
dead heart,Stem borer insect,Light traps
blast,High humidity,Compost tea
bacterial leaf blight,Infected seeds,Pseudomonas Fluorescens
hispa,Dry weather,Chili garlic spray
tungro,Green leafhopper,Garlic spray
bacterial panicle blight,Burkholderia bacteria,Trichoderma spray
normal,Good crop condition,Use organic fertilizer
brown spot,Nutrient deficiency,Seaweed extract
normal,Healthy crop,Maintain field hygiene
dead heart,Insect larvae attack,Light traps
downy mildew,Fungal infection,Baking soda spray
dead heart,Poor pest management,Neem Oil
bacterial panicle blight,High humidity,Trichoderma spray
brown spot,Nutrient deficiency,Neem Oil
normal,Good crop condition,Use organic fertilizer
tungro,Rice tungro virus,Yellow sticky traps
bacterial panicle blight,High humidity,Panchagavya
bacterial leaf blight,Infected seeds,Garlic Extract Spray
blast,Cold night temperature,Baking soda spray
downy mildew,Water stagnation,Garlic extract
normal,Good crop condition,No pesticide required
bacterial leaf streak,Contaminated irrigation water,Buttermilk spray
hispa,Rice hispa insect,Chili garlic spray
blast,Cold night temperature,Baking soda spray
downy mildew,Cool humid weather,Garlic extract
dead heart,Stem borer insect,Neem Oil
downy mildew,Fungal infection,Neem oil spray
tungro,Green leafhopper,Neem Oil
dead heart,Poor pest management,Pheromone traps
normal,Healthy crop,Use organic fertilizer
bacterial leaf blight,High humidity and rain,Neem Oil Spray
hispa,Rice hispa insect,Soap water spray
dead heart,Insect larvae attack,Light traps
dead heart,Stem borer insect,Neem Oil
downy mildew,Water stagnation,Milk spray
downy mildew,Water stagnation,Neem oil spray
brown spot,Nutrient deficiency,Vermicompost tea
bacterial leaf streak,Bacterial infection,Biocontrol bacteria
bacterial panicle blight,Burkholderia bacteria,Neem Oil Spray
hispa,Dry weather,Neem seed extract
downy mildew,Cool humid weather,Garlic extract
bacterial leaf blight,Infected seeds,Cow urine solution
tungro,Green leafhopper,Garlic spray
brown spot,Poor soil fertility,Seaweed extract
blast,High humidity,Baking soda spray
brown spot,Drought stress,Seaweed extract
hispa,Leaf scraping insects,Chili garlic spray
normal,No infection,Use organic fertilizer
hispa,Rice hispa insect,Neem Oil
tungro,Green leafhopper,Neem Oil
tungro,Green leafhopper,Neem seed extract
tungro,Rice tungro virus,Neem seed extract
downy mildew,Fungal infection,Baking soda spray
bacterial leaf streak,Infected crop residues,Neem Oil
hispa,Leaf scraping insects,Neem Oil
downy mildew,Cool humid weather,Neem oil spray
downy mildew,Water stagnation,Milk spray
dead heart,Poor pest management,Neem Oil
bacterial panicle blight,Dense planting,Trichoderma spray
tungro,Green leafhopper,Neem Oil
tungro,Rice tungro virus,Neem seed extract
bacterial panicle blight,Burkholderia bacteria,Garlic + Chili extract
brown spot,Nutrient deficiency,Buttermilk spray
bacterial panicle blight,High humidity,Panchagavya
blast,Cold night temperature,Compost tea
hispa,Dry weather,Chili garlic spray
bacterial leaf blight,Xanthomonas oryzae bacteria,Garlic Extract Spray
bacterial leaf blight,Xanthomonas oryzae bacteria,Garlic Extract Spray
normal,Healthy crop,No pesticide required
bacterial leaf blight,High humidity and rain,Garlic Extract Spray
downy mildew,Cool humid weather,Baking soda spray
bacterial leaf blight,Infected seeds,Pseudomonas Fluorescens
brown spot,Nutrient deficiency,Vermicompost tea
tungro,Rice tungro virus,Neem Oil
bacterial leaf blight,Infected seeds,Cow urine solution
dead heart,Poor pest management,Neem Oil
downy mildew,Cool humid weather,Baking soda spray
brown spot,Drought stress,Seaweed extract
downy mildew,Fungal infection,Neem oil spray
hispa,Dry weather,Neem Oil
normal,Good crop condition,Maintain field hygiene
bacterial leaf streak,Infected crop residues,Neem Oil
normal,No infection,Maintain field hygiene
bacterial panicle blight,High temperature,Neem Oil Spray
hispa,Dry weather,Neem seed extract
bacterial panicle blight,High humidity,Panchagavya
dead heart,Insect larvae attack,Light traps
downy mildew,Water stagnation,Baking soda spray
blast,Magnaporthe oryzae fungus,Neem Oil
bacterial leaf streak,Bacterial infection,Turmeric extract
dead heart,Insect larvae attack,Neem seed kernel extract
dead heart,Stem borer insect,Light traps
blast,High humidity,Trichoderma viride
bacterial leaf streak,Infected crop residues,Buttermilk spray
bacterial leaf blight,Poor field drainage,Garlic Extract Spray
hispa,Dry weather,Neem Oil
bacterial leaf blight,Xanthomonas oryzae bacteria,Garlic Extract Spray
brown spot,Nutrient deficiency,Buttermilk spray
bacterial panicle blight,High temperature,Garlic + Chili extract
blast,Magnaporthe oryzae fungus,Neem Oil
brown spot,Poor soil fertility,Neem Oil
blast,Cold night temperature,Neem Oil
hispa,Dry weather,Soap water spray
normal,No infection,Use organic fertilizer
brown spot,Poor soil fertility,Vermicompost tea
bacterial leaf blight,Xanthomonas oryzae bacteria,Garlic Extract Spray
hispa,Leaf scraping insects,Neem seed extract
dead heart,Stem borer insect,Light traps
tungro,Vector transmission,Neem Oil
tungro,Rice tungro virus,Yellow sticky traps
dead heart,Poor pest management,Light traps
bacterial leaf blight,Xanthomonas oryzae bacteria,Cow urine solution
dead heart,Poor pest management,Light traps
bacterial panicle blight,Dense planting,Neem Oil Spray
dead heart,Poor pest management,Neem seed kernel extract
bacterial leaf blight,Poor field drainage,Pseudomonas Fluorescens
bacterial panicle blight,High humidity,Trichoderma spray
tungro,Vector transmission,Neem Oil
normal,Good crop condition,No pesticide required
blast,High humidity,Neem Oil
normal,No infection,Use organic fertilizer
bacterial leaf streak,Infected crop residues,Neem Oil
brown spot,Fungal infection,Seaweed extract
bacterial leaf blight,High humidity and rain,Cow urine solution
bacterial panicle blight,High humidity,Panchagavya
bacterial leaf blight,Poor field drainage,Garlic Extract Spray
normal,Good crop condition,No pesticide required
bacterial leaf streak,Contaminated irrigation water,Turmeric extract
downy mildew,Fungal infection,Baking soda spray
tungro,Green leafhopper,Garlic spray
brown spot,Drought stress,Seaweed extract
blast,Cold night temperature,Baking soda spray
dead heart,Stem borer insect,Pheromone traps
brown spot,Fungal infection,Vermicompost tea
tungro,Rice tungro virus,Yellow sticky traps
tungro,Green leafhopper,Yellow sticky traps
bacterial leaf streak,Contaminated irrigation water,Buttermilk spray
normal,Good crop condition,Maintain field hygiene
bacterial leaf streak,Contaminated irrigation water,Neem Oil
bacterial panicle blight,High humidity,Trichoderma spray
hispa,Rice hispa insect,Neem seed extract
dead heart,Insect larvae attack,Neem seed kernel extract
bacterial panicle blight,High humidity,Panchagavya
bacterial leaf streak,Infected crop residues,Neem Oil
downy mildew,Cool humid weather,Milk spray
bacterial panicle blight,High humidity,Garlic + Chili extract
dead heart,Poor pest management,Pheromone traps
normal,Healthy crop,No pesticide required
blast,Excess nitrogen,Trichoderma viride
bacterial leaf streak,Bacterial infection,Buttermilk spray
hispa,Rice hispa insect,Neem seed extract
bacterial leaf streak,Warm humid weather,Buttermilk spray
bacterial leaf streak,Bacterial infection,Turmeric extract
bacterial leaf streak,Warm humid weather,Neem Oil
brown spot,Nutrient deficiency,Buttermilk spray
normal,Good crop condition,No pesticide required
brown spot,Nutrient deficiency,Neem Oil
bacterial leaf blight,Poor field drainage,Pseudomonas Fluorescens
bacterial panicle blight,Burkholderia bacteria,Trichoderma spray
bacterial leaf streak,Warm humid weather,Buttermilk spray
dead heart,Poor pest management,Pheromone traps
hispa,Leaf scraping insects,Neem seed extract
tungro,Rice tungro virus,Garlic spray
normal,No infection,Use organic fertilizer
dead heart,Stem borer insect,Neem seed kernel extract
downy mildew,Fungal infection,Neem oil spray
bacterial leaf blight,Infected seeds,Cow urine solution
hispa,Leaf scraping insects,Neem seed extract
hispa,Rice hispa insect,Chili garlic spray
dead heart,Insect larvae attack,Neem Oil
downy mildew,Water stagnation,Milk spray
downy mildew,Water stagnation,Baking soda spray
downy mildew,Water stagnation,Baking soda spray
blast,Excess nitrogen,Compost tea
downy mildew,Cool humid weather,Baking soda spray
bacterial leaf streak,Contaminated irrigation water,Neem Oil
tungro,Vector transmission,Garlic spray
bacterial leaf streak,Contaminated irrigation water,Neem Oil
brown spot,Fungal infection,Neem Oil
tungro,Vector transmission,Neem Oil
normal,Good crop condition,No pesticide required
hispa,Leaf scraping insects,Chili garlic spray
bacterial leaf blight,High humidity and rain,Neem Oil Spray
brown spot,Nutrient deficiency,Buttermilk spray
bacterial panicle blight,High humidity,Panchagavya
bacterial leaf blight,Infected seeds,Garlic Extract Spray
tungro,Vector transmission,Neem Oil
bacterial panicle blight,High humidity,Garlic + Chili extract
tungro,Vector transmission,Neem seed extract
bacterial leaf blight,Xanthomonas oryzae bacteria,Pseudomonas Fluorescens
downy mildew,Water stagnation,Neem oil spray
bacterial leaf blight,Poor field drainage,Pseudomonas Fluorescens
downy mildew,Cool humid weather,Garlic extract
tungro,Rice tungro virus,Garlic spray
brown spot,Nutrient deficiency,Vermicompost tea
dead heart,Insect larvae attack,Neem Oil
tungro,Green leafhopper,Neem Oil
bacterial leaf blight,High humidity and rain,Cow urine solution
bacterial panicle blight,High temperature,Neem Oil Spray
dead heart,Poor pest management,Light traps
hispa,Rice hispa insect,Chili garlic spray
normal,Healthy crop,Use organic fertilizer
hispa,Leaf scraping insects,Neem seed extract
bacterial leaf streak,Contaminated irrigation water,Buttermilk spray
downy mildew,Water stagnation,Baking soda spray
dead heart,Stem borer insect,Neem seed kernel extract
tungro,Green leafhopper,Neem Oil
bacterial leaf streak,Warm humid weather,Buttermilk spray
bacterial panicle blight,High humidity,Garlic + Chili extract
brown spot,Drought stress,Neem Oil
dead heart,Stem borer insect,Neem seed kernel extract
hispa,Rice hispa insect,Neem seed extract
tungro,Green leafhopper,Garlic spray
bacterial leaf blight,Poor field drainage,Cow urine solution
downy mildew,Cool humid weather,Milk spray
brown spot,Nutrient deficiency,Seaweed extract
bacterial panicle blight,Burkholderia bacteria,Panchagavya
hispa,Rice hispa insect,Soap water spray
downy mildew,Cool humid weather,Garlic extract
tungro,Green leafhopper,Yellow sticky traps
bacterial leaf blight,Poor field drainage,Neem Oil Spray
bacterial leaf blight,High humidity and rain,Neem Oil Spray
brown spot,Drought stress,Seaweed extract
downy mildew,Cool humid weather,Neem oil spray
normal,No infection,Maintain field hygiene
normal,Good crop condition,No pesticide required
bacterial panicle blight,High temperature,Neem Oil Spray
blast,Excess nitrogen,Baking soda spray
hispa,Leaf scraping insects,Neem Oil
bacterial leaf blight,High humidity and rain,Pseudomonas Fluorescens
hispa,Rice hispa insect,Soap water spray
bacterial leaf blight,Poor field drainage,Pseudomonas Fluorescens
tungro,Green leafhopper,Neem seed extract
downy mildew,Water stagnation,Baking soda spray
downy mildew,Cool humid weather,Milk spray
normal,Good crop condition,No pesticide required
blast,Magnaporthe oryzae fungus,Compost tea
brown spot,Fungal infection,Buttermilk spray
blast,High humidity,Compost tea
bacterial leaf blight,Xanthomonas oryzae bacteria,Garlic Extract Spray
normal,Good crop condition,Use organic fertilizer
bacterial leaf streak,Infected crop residues,Buttermilk spray
bacterial panicle blight,High temperature,Panchagavya
dead heart,Stem borer insect,Pheromone traps
brown spot,Drought stress,Vermicompost tea
blast,Magnaporthe oryzae fungus,Trichoderma viride
blast,Magnaporthe oryzae fungus,Neem Oil
tungro,Green leafhopper,Neem Oil
blast,Cold night temperature,Baking soda spray
hispa,Dry weather,Chili garlic spray
bacterial leaf blight,Poor field drainage,Garlic Extract Spray
downy mildew,Fungal infection,Baking soda spray
normal,Healthy crop,Maintain field hygiene
tungro,Green leafhopper,Neem Oil
hispa,Dry weather,Neem Oil
tungro,Green leafhopper,Yellow sticky traps
hispa,Dry weather,Soap water spray
tungro,Green leafhopper,Yellow sticky traps
blast,Cold night temperature,Baking soda spray
bacterial panicle blight,High temperature,Garlic + Chili extract
blast,Excess nitrogen,Trichoderma viride
blast,Magnaporthe oryzae fungus,Baking soda spray
bacterial panicle blight,Burkholderia bacteria,Neem Oil Spray
tungro,Vector transmission,Yellow sticky traps
normal,Healthy crop,Use organic fertilizer
bacterial leaf blight,Infected seeds,Cow urine solution
tungro,Rice tungro virus,Garlic spray
bacterial leaf streak,Infected crop residues,Biocontrol bacteria
brown spot,Drought stress,Seaweed extract
tungro,Vector transmission,Neem Oil
blast,Excess nitrogen,Compost tea
tungro,Vector transmission,Yellow sticky traps
normal,Good crop condition,No pesticide required
bacterial panicle blight,Dense planting,Panchagavya
normal,Good crop condition,Use organic fertilizer
hispa,Leaf scraping insects,Chili garlic spray
hispa,Dry weather,Soap water spray
bacterial panicle blight,High humidity,Garlic + Chili extract
dead heart,Stem borer insect,Light traps
downy mildew,Water stagnation,Baking soda spray
bacterial panicle blight,High humidity,Trichoderma spray
tungro,Vector transmission,Neem Oil
hispa,Dry weather,Chili garlic spray
tungro,Green leafhopper,Neem Oil
dead heart,Stem borer insect,Neem seed kernel extract
bacterial leaf blight,Poor field drainage,Pseudomonas Fluorescens
brown spot,Fungal infection,Vermicompost tea
blast,Cold night temperature,Baking soda spray
bacterial leaf streak,Warm humid weather,Neem Oil
bacterial leaf blight,Xanthomonas oryzae bacteria,Garlic Extract Spray
dead heart,Poor pest management,Neem Oil
brown spot,Drought stress,Buttermilk spray
bacterial panicle blight,Dense planting,Neem Oil Spray
bacterial leaf streak,Infected crop residues,Buttermilk spray
normal,Healthy crop,Use organic fertilizer
brown spot,Poor soil fertility,Buttermilk spray
bacterial leaf streak,Infected crop residues,Buttermilk spray
hispa,Dry weather,Chili garlic spray
tungro,Green leafhopper,Neem Oil
downy mildew,Cool humid weather,Garlic extract
dead heart,Insect larvae attack,Neem Oil
hispa,Rice hispa insect,Chili garlic spray
tungro,Vector transmission,Neem seed extract
brown spot,Nutrient deficiency,Neem Oil
downy mildew,Fungal infection,Garlic extract
bacterial leaf blight,Infected seeds,Neem Oil Spray
brown spot,Poor soil fertility,Vermicompost tea
downy mildew,Fungal infection,Garlic extract
dead heart,Stem borer insect,Neem seed kernel extract
normal,Good crop condition,Maintain field hygiene
tungro,Rice tungro virus,Yellow sticky traps
blast,High humidity,Trichoderma viride
bacterial leaf streak,Bacterial infection,Turmeric extract
blast,High humidity,Compost tea
blast,Excess nitrogen,Neem Oil
dead heart,Poor pest management,Light traps
bacterial panicle blight,Dense planting,Panchagavya
normal,Healthy crop,No pesticide required
downy mildew,Fungal infection,Baking soda spray
dead heart,Insect larvae attack,Neem seed kernel extract
bacterial leaf blight,Xanthomonas oryzae bacteria,Neem Oil Spray
bacterial leaf blight,Poor field drainage,Pseudomonas Fluorescens
bacterial panicle blight,High temperature,Garlic + Chili extract
bacterial leaf blight,Poor field drainage,Garlic Extract Spray
bacterial leaf blight,Infected seeds,Neem Oil Spray
dead heart,Insect larvae attack,Neem seed kernel extract
brown spot,Drought stress,Seaweed extract
dead heart,Stem borer insect,Light traps
brown spot,Fungal infection,Seaweed extract
tungro,Vector transmission,Neem seed extract
blast,High humidity,Neem Oil
downy mildew,Fungal infection,Milk spray
downy mildew,Fungal infection,Garlic extract
blast,Cold night temperature,Compost tea
bacterial panicle blight,High humidity,Panchagavya
downy mildew,Water stagnation,Neem oil spray
bacterial leaf streak,Warm humid weather,Biocontrol bacteria
normal,Good crop condition,Maintain field hygiene
bacterial panicle blight,Burkholderia bacteria,Neem Oil Spray
normal,Healthy crop,Maintain field hygiene
tungro,Vector transmission,Garlic spray
bacterial leaf blight,Xanthomonas oryzae bacteria,Garlic Extract Spray
dead heart,Poor pest management,Pheromone traps
bacterial leaf streak,Infected crop residues,Turmeric extract
hispa,Rice hispa insect,Neem seed extract
dead heart,Poor pest management,Pheromone traps
hispa,Dry weather,Neem seed extract
bacterial leaf streak,Warm humid weather,Buttermilk spray
bacterial leaf blight,Xanthomonas oryzae bacteria,Cow urine solution
dead heart,Poor pest management,Pheromone traps
hispa,Leaf scraping insects,Chili garlic spray
hispa,Dry weather,Soap water spray
normal,Healthy crop,Maintain field hygiene
brown spot,Poor soil fertility,Vermicompost tea
hispa,Dry weather,Neem seed extract
bacterial panicle blight,High temperature,Garlic + Chili extract
brown spot,Nutrient deficiency,Seaweed extract
downy mildew,Cool humid weather,Milk spray
downy mildew,Cool humid weather,Baking soda spray
tungro,Rice tungro virus,Neem Oil
dead heart,Poor pest management,Neem Oil
normal,Healthy crop,Maintain field hygiene
normal,No infection,Maintain field hygiene
dead heart,Insect larvae attack,Neem Oil
bacterial leaf streak,Infected crop residues,Turmeric extract
dead heart,Stem borer insect,Neem seed kernel extract
tungro,Rice tungro virus,Garlic spray
bacterial panicle blight,High humidity,Garlic + Chili extract
normal,Healthy crop,No pesticide required
tungro,Vector transmission,Yellow sticky traps
bacterial leaf streak,Infected crop residues,Turmeric extract
bacterial leaf streak,Warm humid weather,Buttermilk spray
tungro,Green leafhopper,Neem Oil
brown spot,Nutrient deficiency,Neem Oil
bacterial leaf blight,Xanthomonas oryzae bacteria,Garlic Extract Spray
blast,Magnaporthe oryzae fungus,Trichoderma viride
blast,Magnaporthe oryzae fungus,Compost tea
normal,No infection,Use organic fertilizer
hispa,Rice hispa insect,Soap water spray
blast,Excess nitrogen,Baking soda spray
bacterial leaf blight,High humidity and rain,Cow urine solution
dead heart,Poor pest management,Neem Oil
normal,Healthy crop,Maintain field hygiene
blast,Excess nitrogen,Neem Oil
blast,Excess nitrogen,Compost tea
brown spot,Nutrient deficiency,Buttermilk spray
tungro,Rice tungro virus,Garlic spray
bacterial panicle blight,High temperature,Garlic + Chili extract
downy mildew,Fungal infection,Neem oil spray
brown spot,Nutrient deficiency,Vermicompost tea
normal,Good crop condition,Maintain field hygiene
blast,Excess nitrogen,Neem Oil
blast,Excess nitrogen,Baking soda spray
normal,Healthy crop,No pesticide required
normal,No infection,Maintain field hygiene
brown spot,Fungal infection,Vermicompost tea
bacterial leaf streak,Contaminated irrigation water,Neem Oil
bacterial leaf streak,Bacterial infection,Turmeric extract
downy mildew,Fungal infection,Garlic extract
dead heart,Poor pest management,Neem Oil
bacterial leaf blight,Xanthomonas oryzae bacteria,Pseudomonas Fluorescens
bacterial leaf blight,Poor field drainage,Garlic Extract Spray
bacterial leaf blight,High humidity and rain,Cow urine solution
bacterial leaf blight,Poor field drainage,Pseudomonas Fluorescens
blast,High humidity,Trichoderma viride
normal,Healthy crop,Maintain field hygiene
hispa,Dry weather,Soap water spray
bacterial panicle blight,High temperature,Neem Oil Spray
normal,Good crop condition,Use organic fertilizer
bacterial leaf blight,Infected seeds,Neem Oil Spray
dead heart,Poor pest management,Neem Oil
tungro,Vector transmission,Neem Oil
tungro,Vector transmission,Garlic spray
blast,High humidity,Trichoderma viride
dead heart,Insect larvae attack,Neem Oil
blast,Excess nitrogen,Compost tea
tungro,Green leafhopper,Neem seed extract
blast,Magnaporthe oryzae fungus,Compost tea
brown spot,Nutrient deficiency,Neem Oil
hispa,Leaf scraping insects,Neem Oil
brown spot,Nutrient deficiency,Neem Oil
hispa,Leaf scraping insects,Soap water spray
bacterial leaf blight,Infected seeds,Neem Oil Spray
brown spot,Drought stress,Vermicompost tea
bacterial panicle blight,Burkholderia bacteria,Neem Oil Spray
hispa,Leaf scraping insects,Chili garlic spray
hispa,Rice hispa insect,Soap water spray
brown spot,Fungal infection,Seaweed extract
blast,Magnaporthe oryzae fungus,Compost tea
bacterial leaf streak,Bacterial infection,Buttermilk spray
normal,Good crop condition,Maintain field hygiene
hispa,Leaf scraping insects,Chili garlic spray
brown spot,Drought stress,Neem Oil
brown spot,Poor soil fertility,Buttermilk spray
dead heart,Poor pest management,Pheromone traps
brown spot,Poor soil fertility,Seaweed extract
brown spot,Nutrient deficiency,Neem Oil
blast,High humidity,Baking soda spray
hispa,Dry weather,Chili garlic spray
brown spot,Poor soil fertility,Neem Oil
bacterial leaf blight,Xanthomonas oryzae bacteria,Pseudomonas Fluorescens
dead heart,Poor pest management,Neem seed kernel extract
normal,Good crop condition,Maintain field hygiene
blast,Excess nitrogen,Compost tea
brown spot,Poor soil fertility,Buttermilk spray
tungro,Vector transmission,Garlic spray
normal,Good crop condition,Maintain field hygiene
brown spot,Nutrient deficiency,Buttermilk spray
normal,Good crop condition,No pesticide required
bacterial leaf blight,Infected seeds,Cow urine solution
normal,Healthy crop,Maintain field hygiene
downy mildew,Cool humid weather,Garlic extract
normal,No infection,Use organic fertilizer
bacterial leaf blight,High humidity and rain,Pseudomonas Fluorescens
bacterial leaf streak,Bacterial infection,Buttermilk spray
normal,Healthy crop,Use organic fertilizer
brown spot,Nutrient deficiency,Neem Oil
bacterial panicle blight,High temperature,Trichoderma spray
hispa,Dry weather,Neem seed extract
brown spot,Drought stress,Seaweed extract
dead heart,Poor pest management,Light traps
bacterial leaf streak,Bacterial infection,Biocontrol bacteria
bacterial leaf blight,High humidity and rain,Garlic Extract Spray
brown spot,Fungal infection,Neem Oil
brown spot,Drought stress,Seaweed extract
normal,Healthy crop,Use organic fertilizer
brown spot,Fungal infection,Vermicompost tea
bacterial leaf blight,High humidity and rain,Pseudomonas Fluorescens
bacterial leaf streak,Bacterial infection,Neem Oil
bacterial panicle blight,Burkholderia bacteria,Trichoderma spray
downy mildew,Water stagnation,Baking soda spray
downy mildew,Cool humid weather,Baking soda spray
bacterial leaf streak,Bacterial infection,Biocontrol bacteria
brown spot,Fungal infection,Vermicompost tea
hispa,Dry weather,Soap water spray
brown spot,Drought stress,Vermicompost tea
bacterial leaf blight,Poor field drainage,Garlic Extract Spray
hispa,Rice hispa insect,Neem Oil
bacterial leaf blight,Poor field drainage,Neem Oil Spray
bacterial leaf blight,Infected seeds,Pseudomonas Fluorescens
brown spot,Poor soil fertility,Buttermilk spray
bacterial leaf streak,Contaminated irrigation water,Biocontrol bacteria
tungro,Green leafhopper,Garlic spray
brown spot,Poor soil fertility,Neem Oil
downy mildew,Fungal infection,Garlic extract
bacterial leaf blight,Infected seeds,Pseudomonas Fluorescens
tungro,Rice tungro virus,Garlic spray
brown spot,Drought stress,Seaweed extract
bacterial leaf streak,Contaminated irrigation water,Turmeric extract
hispa,Dry weather,Neem seed extract
tungro,Green leafhopper,Garlic spray
bacterial leaf blight,High humidity and rain,Garlic Extract Spray
dead heart,Insect larvae attack,Pheromone traps
normal,No infection,Use organic fertilizer
downy mildew,Cool humid weather,Baking soda spray
downy mildew,Cool humid weather,Garlic extract
downy mildew,Cool humid weather,Garlic extract
blast,Cold night temperature,Compost tea
brown spot,Drought stress,Neem Oil
dead heart,Poor pest management,Neem Oil
brown spot,Drought stress,Vermicompost tea
brown spot,Fungal infection,Seaweed extract
bacterial leaf streak,Bacterial infection,Buttermilk spray
bacterial panicle blight,Dense planting,Garlic + Chili extract
hispa,Dry weather,Soap water spray
bacterial leaf streak,Bacterial infection,Biocontrol bacteria
hispa,Leaf scraping insects,Neem Oil
bacterial panicle blight,High humidity,Trichoderma spray
bacterial panicle blight,Burkholderia bacteria,Panchagavya
bacterial panicle blight,Burkholderia bacteria,Trichoderma spray
bacterial panicle blight,High temperature,Trichoderma spray
hispa,Dry weather,Neem Oil
bacterial leaf blight,Xanthomonas oryzae bacteria,Pseudomonas Fluorescens
dead heart,Stem borer insect,Light traps
dead heart,Poor pest management,Pheromone traps
normal,Healthy crop,Maintain field hygiene
normal,Healthy crop,Maintain field hygiene
hispa,Dry weather,Neem seed extract
dead heart,Insect larvae attack,Neem Oil
dead heart,Insect larvae attack,Neem seed kernel extract
bacterial leaf streak,Warm humid weather,Neem Oil
dead heart,Poor pest management,Neem Oil
normal,Good crop condition,Use organic fertilizer
blast,Cold night temperature,Trichoderma viride
tungro,Green leafhopper,Neem seed extract
hispa,Dry weather,Soap water spray
downy mildew,Fungal infection,Garlic extract
brown spot,Poor soil fertility,Neem Oil
bacterial leaf streak,Warm humid weather,Turmeric extract
dead heart,Insect larvae attack,Light traps
blast,Magnaporthe oryzae fungus,Trichoderma viride
downy mildew,Water stagnation,Garlic extract
tungro,Vector transmission,Yellow sticky traps
bacterial panicle blight,Burkholderia bacteria,Panchagavya
tungro,Rice tungro virus,Yellow sticky traps
dead heart,Poor pest management,Pheromone traps
hispa,Rice hispa insect,Chili garlic spray
blast,Magnaporthe oryzae fungus,Compost tea
bacterial leaf streak,Bacterial infection,Turmeric extract
downy mildew,Fungal infection,Milk spray
tungro,Green leafhopper,Garlic spray
dead heart,Stem borer insect,Neem Oil
dead heart,Insect larvae attack,Light traps
blast,High humidity,Baking soda spray
brown spot,Poor soil fertility,Neem Oil
bacterial leaf blight,Infected seeds,Neem Oil Spray
downy mildew,Fungal infection,Neem oil spray
bacterial panicle blight,High humidity,Garlic + Chili extract
blast,Cold night temperature,Trichoderma viride
bacterial leaf blight,Poor field drainage,Neem Oil Spray
normal,Good crop condition,No pesticide required
downy mildew,Fungal infection,Baking soda spray
bacterial leaf blight,Infected seeds,Garlic Extract Spray
downy mildew,Water stagnation,Neem oil spray
bacterial leaf blight,Poor field drainage,Cow urine solution
dead heart,Poor pest management,Pheromone traps
tungro,Green leafhopper,Garlic spray
hispa,Leaf scraping insects,Soap water spray
bacterial leaf blight,Xanthomonas oryzae bacteria,Pseudomonas Fluorescens
hispa,Leaf scraping insects,Neem seed extract
bacterial leaf streak,Infected crop residues,Biocontrol bacteria
brown spot,Poor soil fertility,Vermicompost tea
dead heart,Insect larvae attack,Pheromone traps
hispa,Leaf scraping insects,Neem Oil
dead heart,Poor pest management,Light traps
tungro,Vector transmission,Neem Oil
bacterial leaf blight,Xanthomonas oryzae bacteria,Neem Oil Spray
brown spot,Drought stress,Vermicompost tea
bacterial leaf blight,Xanthomonas oryzae bacteria,Neem Oil Spray
normal,Healthy crop,Use organic fertilizer
downy mildew,Water stagnation,Neem oil spray
dead heart,Poor pest management,Neem Oil
downy mildew,Water stagnation,Baking soda spray
bacterial panicle blight,Burkholderia bacteria,Neem Oil Spray
blast,Excess nitrogen,Baking soda spray
normal,Good crop condition,Use organic fertilizer
blast,Excess nitrogen,Trichoderma viride
bacterial leaf blight,Infected seeds,Garlic Extract Spray
brown spot,Drought stress,Vermicompost tea
normal,Healthy crop,Use organic fertilizer
tungro,Rice tungro virus,Yellow sticky traps
downy mildew,Fungal infection,Milk spray
bacterial leaf streak,Contaminated irrigation water,Buttermilk spray
bacterial leaf streak,Bacterial infection,Biocontrol bacteria
bacterial leaf blight,Infected seeds,Cow urine solution
bacterial leaf streak,Bacterial infection,Turmeric extract
bacterial panicle blight,Burkholderia bacteria,Neem Oil Spray
bacterial panicle blight,High humidity,Panchagavya
bacterial panicle blight,Burkholderia bacteria,Neem Oil Spray
brown spot,Poor soil fertility,Vermicompost tea
bacterial panicle blight,Dense planting,Panchagavya
bacterial leaf blight,Infected seeds,Cow urine solution
bacterial leaf streak,Infected crop residues,Neem Oil
bacterial leaf blight,Poor field drainage,Cow urine solution
downy mildew,Fungal infection,Garlic extract
brown spot,Fungal infection,Vermicompost tea
blast,High humidity,Trichoderma viride
brown spot,Fungal infection,Neem Oil
dead heart,Stem borer insect,Pheromone traps
bacterial panicle blight,Burkholderia bacteria,Trichoderma spray
blast,Cold night temperature,Baking soda spray
brown spot,Nutrient deficiency,Buttermilk spray
blast,High humidity,Compost tea
bacterial leaf blight,Poor field drainage,Pseudomonas Fluorescens
bacterial leaf blight,Xanthomonas oryzae bacteria,Pseudomonas Fluorescens
downy mildew,Cool humid weather,Garlic extract
brown spot,Poor soil fertility,Vermicompost tea
bacterial panicle blight,Burkholderia bacteria,Trichoderma spray
brown spot,Drought stress,Buttermilk spray
bacterial leaf blight,Poor field drainage,Pseudomonas Fluorescens
downy mildew,Water stagnation,Baking soda spray
bacterial leaf blight,High humidity and rain,Neem Oil Spray
bacterial leaf blight,Poor field drainage,Neem Oil Spray
downy mildew,Water stagnation,Neem oil spray
normal,Good crop condition,Maintain field hygiene
bacterial panicle blight,Dense planting,Neem Oil Spray
bacterial leaf streak,Bacterial infection,Turmeric extract
bacterial panicle blight,Burkholderia bacteria,Panchagavya
brown spot,Nutrient deficiency,Seaweed extract
blast,Cold night temperature,Trichoderma viride
tungro,Rice tungro virus,Neem Oil
tungro,Vector transmission,Garlic spray
dead heart,Poor pest management,Neem Oil
bacterial leaf streak,Bacterial infection,Turmeric extract
blast,Excess nitrogen,Trichoderma viride
hispa,Rice hispa insect,Chili garlic spray
hispa,Leaf scraping insects,Soap water spray
brown spot,Nutrient deficiency,Vermicompost tea
normal,No infection,No pesticide required
bacterial leaf blight,Poor field drainage,Garlic Extract Spray
normal,Healthy crop,No pesticide required
bacterial leaf streak,Contaminated irrigation water,Neem Oil
blast,Magnaporthe oryzae fungus,Neem Oil
dead heart,Insect larvae attack,Neem seed kernel extract
tungro,Rice tungro virus,Yellow sticky traps
tungro,Rice tungro virus,Yellow sticky traps
downy mildew,Cool humid weather,Garlic extract
brown spot,Fungal infection,Seaweed extract
brown spot,Drought stress,Neem Oil
tungro,Vector transmission,Garlic spray
brown spot,Poor soil fertility,Vermicompost tea
bacterial leaf blight,Poor field drainage,Pseudomonas Fluorescens
normal,Healthy crop,No pesticide required
downy mildew,Water stagnation,Milk spray
bacterial leaf blight,Poor field drainage,Neem Oil Spray
bacterial panicle blight,High temperature,Garlic + Chili extract
normal,No infection,No pesticide required
blast,Cold night temperature,Baking soda spray
downy mildew,Water stagnation,Baking soda spray
dead heart,Insect larvae attack,Pheromone traps
tungro,Vector transmission,Yellow sticky traps
downy mildew,Water stagnation,Baking soda spray
brown spot,Nutrient deficiency,Neem Oil
bacterial leaf blight,High humidity and rain,Garlic Extract Spray
bacterial panicle blight,Burkholderia bacteria,Neem Oil Spray
tungro,Vector transmission,Neem Oil
blast,High humidity,Trichoderma viride
normal,No infection,Use organic fertilizer
hispa,Leaf scraping insects,Neem seed extract
bacterial leaf streak,Infected crop residues,Turmeric extract
dead heart,Insect larvae attack,Neem seed kernel extract
tungro,Rice tungro virus,Neem Oil
dead heart,Stem borer insect,Neem Oil
downy mildew,Water stagnation,Garlic extract
normal,Good crop condition,Maintain field hygiene
normal,No infection,No pesticide required
bacterial leaf streak,Contaminated irrigation water,Buttermilk spray
bacterial panicle blight,High temperature,Trichoderma spray
normal,Healthy crop,Maintain field hygiene
blast,Excess nitrogen,Baking soda spray
dead heart,Stem borer insect,Pheromone traps
tungro,Vector transmission,Neem Oil
bacterial panicle blight,High humidity,Garlic + Chili extract
downy mildew,Water stagnation,Neem oil spray
downy mildew,Fungal infection,Neem oil spray
downy mildew,Fungal infection,Garlic extract
blast,High humidity,Neem Oil
bacterial leaf streak,Bacterial infection,Biocontrol bacteria
tungro,Vector transmission,Garlic spray
bacterial panicle blight,High humidity,Trichoderma spray
dead heart,Poor pest management,Neem Oil
bacterial leaf blight,Infected seeds,Garlic Extract Spray
blast,High humidity,Compost tea
hispa,Leaf scraping insects,Neem seed extract
dead heart,Insect larvae attack,Pheromone traps
tungro,Vector transmission,Neem seed extract
brown spot,Fungal infection,Neem Oil
hispa,Leaf scraping insects,Neem seed extract
dead heart,Insect larvae attack,Light traps
blast,Magnaporthe oryzae fungus,Trichoderma viride
hispa,Dry weather,Neem Oil
bacterial leaf streak,Bacterial infection,Biocontrol bacteria
bacterial leaf blight,Xanthomonas oryzae bacteria,Cow urine solution
hispa,Rice hispa insect,Chili garlic spray
downy mildew,Cool humid weather,Garlic extract
hispa,Rice hispa insect,Chili garlic spray
hispa,Rice hispa insect,Neem seed extract
bacterial panicle blight,High temperature,Trichoderma spray
blast,Magnaporthe oryzae fungus,Neem Oil
bacterial leaf streak,Bacterial infection,Biocontrol bacteria
normal,No infection,Use organic fertilizer
normal,Good crop condition,No pesticide required
blast,Excess nitrogen,Compost tea
hispa,Rice hispa insect,Neem Oil
bacterial leaf blight,High humidity and rain,Neem Oil Spray
dead heart,Insect larvae attack,Pheromone traps
hispa,Leaf scraping insects,Neem Oil
tungro,Green leafhopper,Yellow sticky traps
dead heart,Stem borer insect,Light traps
brown spot,Poor soil fertility,Vermicompost tea
normal,No infection,No pesticide required
downy mildew,Fungal infection,Baking soda spray
hispa,Rice hispa insect,Chili garlic spray
tungro,Vector transmission,Yellow sticky traps
bacterial leaf blight,Xanthomonas oryzae bacteria,Pseudomonas Fluorescens
blast,Magnaporthe oryzae fungus,Trichoderma viride
downy mildew,Water stagnation,Neem oil spray
normal,No infection,Use organic fertilizer
bacterial panicle blight,High temperature,Garlic + Chili extract
bacterial leaf streak,Bacterial infection,Biocontrol bacteria
downy mildew,Cool humid weather,Neem oil spray
brown spot,Drought stress,Neem Oil
bacterial panicle blight,High temperature,Panchagavya
bacterial leaf streak,Warm humid weather,Buttermilk spray
bacterial panicle blight,High temperature,Neem Oil Spray
downy mildew,Fungal infection,Milk spray
bacterial panicle blight,Burkholderia bacteria,Garlic + Chili extract
downy mildew,Fungal infection,Neem oil spray
bacterial leaf streak,Infected crop residues,Biocontrol bacteria
bacterial leaf streak,Warm humid weather,Buttermilk spray
dead heart,Poor pest management,Neem Oil
tungro,Rice tungro virus,Garlic spray
hispa,Leaf scraping insects,Neem seed extract
bacterial leaf streak,Contaminated irrigation water,Neem Oil
dead heart,Poor pest management,Neem Oil
bacterial leaf streak,Contaminated irrigation water,Turmeric extract
normal,Good crop condition,Use organic fertilizer
bacterial leaf streak,Contaminated irrigation water,Biocontrol bacteria
dead heart,Insect larvae attack,Neem seed kernel extract
downy mildew,Water stagnation,Baking soda spray
bacterial leaf streak,Bacterial infection,Neem Oil
downy mildew,Cool humid weather,Milk spray
brown spot,Drought stress,Neem Oil
bacterial panicle blight,Dense planting,Neem Oil Spray
dead heart,Stem borer insect,Neem Oil
normal,No infection,Maintain field hygiene
dead heart,Insect larvae attack,Pheromone traps
bacterial panicle blight,High temperature,Neem Oil Spray
bacterial leaf streak,Warm humid weather,Biocontrol bacteria
normal,No infection,No pesticide required
tungro,Green leafhopper,Garlic spray
hispa,Rice hispa insect,Chili garlic spray
bacterial leaf blight,Xanthomonas oryzae bacteria,Garlic Extract Spray
bacterial panicle blight,High humidity,Garlic + Chili extract
normal,Healthy crop,Use organic fertilizer
downy mildew,Fungal infection,Neem oil spray
bacterial leaf blight,Infected seeds,Pseudomonas Fluorescens
bacterial panicle blight,Dense planting,Neem Oil Spray
normal,Good crop condition,No pesticide required
bacterial leaf streak,Infected crop residues,Neem Oil
hispa,Rice hispa insect,Neem seed extract
bacterial panicle blight,High humidity,Trichoderma spray
tungro,Green leafhopper,Neem seed extract
hispa,Dry weather,Neem Oil
bacterial panicle blight,High humidity,Panchagavya
tungro,Vector transmission,Yellow sticky traps
bacterial panicle blight,High humidity,Trichoderma spray
hispa,Rice hispa insect,Soap water spray
bacterial leaf streak,Bacterial infection,Buttermilk spray
brown spot,Poor soil fertility,Buttermilk spray
downy mildew,Cool humid weather,Milk spray
tungro,Rice tungro virus,Garlic spray
bacterial leaf blight,Xanthomonas oryzae bacteria,Cow urine solution
downy mildew,Fungal infection,Baking soda spray
hispa,Dry weather,Chili garlic spray
tungro,Vector transmission,Yellow sticky traps
hispa,Leaf scraping insects,Chili garlic spray
hispa,Dry weather,Neem Oil
brown spot,Poor soil fertility,Vermicompost tea
downy mildew,Water stagnation,Neem oil spray
dead heart,Insect larvae attack,Light traps
bacterial leaf streak,Contaminated irrigation water,Neem Oil
blast,High humidity,Baking soda spray
downy mildew,Water stagnation,Garlic extract
normal,Healthy crop,Maintain field hygiene
normal,No infection,No pesticide required
bacterial leaf streak,Warm humid weather,Biocontrol bacteria
brown spot,Poor soil fertility,Neem Oil
bacterial panicle blight,Dense planting,Neem Oil Spray
bacterial panicle blight,Dense planting,Trichoderma spray
bacterial leaf streak,Bacterial infection,Biocontrol bacteria
bacterial leaf blight,High humidity and rain,Garlic Extract Spray
bacterial leaf blight,Xanthomonas oryzae bacteria,Garlic Extract Spray
bacterial panicle blight,High humidity,Panchagavya
bacterial panicle blight,High humidity,Trichoderma spray
bacterial panicle blight,High temperature,Neem Oil Spray
tungro,Vector transmission,Neem Oil
bacterial panicle blight,Dense planting,Trichoderma spray
hispa,Leaf scraping insects,Neem Oil
tungro,Rice tungro virus,Neem seed extract
tungro,Green leafhopper,Neem Oil
dead heart,Stem borer insect,Light traps
brown spot,Nutrient deficiency,Buttermilk spray
bacterial panicle blight,High humidity,Neem Oil Spray
hispa,Rice hispa insect,Soap water spray
tungro,Vector transmission,Neem seed extract
tungro,Green leafhopper,Garlic spray
bacterial leaf blight,Infected seeds,Cow urine solution
bacterial leaf streak,Contaminated irrigation water,Buttermilk spray
downy mildew,Cool humid weather,Milk spray
brown spot,Poor soil fertility,Neem Oil
tungro,Vector transmission,Garlic spray
hispa,Leaf scraping insects,Soap water spray
bacterial leaf streak,Bacterial infection,Turmeric extract
tungro,Vector transmission,Yellow sticky traps
hispa,Leaf scraping insects,Neem Oil
bacterial leaf blight,Xanthomonas oryzae bacteria,Garlic Extract Spray
bacterial leaf blight,Infected seeds,Garlic Extract Spray
brown spot,Fungal infection,Vermicompost tea
bacterial leaf streak,Warm humid weather,Buttermilk spray
dead heart,Insect larvae attack,Pheromone traps
dead heart,Insect larvae attack,Pheromone traps
bacterial leaf blight,High humidity and rain,Neem Oil Spray
normal,Healthy crop,Maintain field hygiene
tungro,Green leafhopper,Yellow sticky traps
normal,Good crop condition,Use organic fertilizer
tungro,Vector transmission,Neem Oil
brown spot,Poor soil fertility,Vermicompost tea
tungro,Green leafhopper,Garlic spray
brown spot,Nutrient deficiency,Buttermilk spray
downy mildew,Fungal infection,Garlic extract
bacterial panicle blight,Dense planting,Garlic + Chili extract
dead heart,Insect larvae attack,Neem seed kernel extract
tungro,Vector transmission,Neem seed extract
bacterial panicle blight,Dense planting,Panchagavya
normal,No infection,Use organic fertilizer
blast,Magnaporthe oryzae fungus,Compost tea
bacterial leaf blight,Xanthomonas oryzae bacteria,Cow urine solution
tungro,Vector transmission,Yellow sticky traps
bacterial leaf blight,Xanthomonas oryzae bacteria,Garlic Extract Spray
bacterial panicle blight,Burkholderia bacteria,Trichoderma spray
dead heart,Insect larvae attack,Pheromone traps
bacterial leaf blight,Infected seeds,Cow urine solution
normal,No infection,Maintain field hygiene
tungro,Green leafhopper,Garlic spray
dead heart,Stem borer insect,Pheromone traps
bacterial leaf streak,Contaminated irrigation water,Buttermilk spray
dead heart,Poor pest management,Neem Oil
dead heart,Insect larvae attack,Light traps
blast,High humidity,Baking soda spray
downy mildew,Water stagnation,Garlic extract
blast,Magnaporthe oryzae fungus,Trichoderma viride
blast,Excess nitrogen,Neem Oil
bacterial leaf streak,Warm humid weather,Turmeric extract
tungro,Rice tungro virus,Neem seed extract
dead heart,Poor pest management,Light traps
blast,Excess nitrogen,Compost tea
bacterial panicle blight,High humidity,Panchagavya
hispa,Dry weather,Neem seed extract
bacterial leaf blight,Xanthomonas oryzae bacteria,Cow urine solution
brown spot,Nutrient deficiency,Buttermilk spray
normal,Good crop condition,Maintain field hygiene
hispa,Rice hispa insect,Soap water spray
downy mildew,Cool humid weather,Milk spray
bacterial leaf blight,Poor field drainage,Garlic Extract Spray
blast,Magnaporthe oryzae fungus,Baking soda spray
blast,High humidity,Neem Oil
tungro,Green leafhopper,Yellow sticky traps
blast,Excess nitrogen,Trichoderma viride
tungro,Rice tungro virus,Yellow sticky traps
hispa,Dry weather,Neem seed extract
blast,Cold night temperature,Baking soda spray
bacterial leaf streak,Warm humid weather,Buttermilk spray
hispa,Dry weather,Chili garlic spray
bacterial leaf streak,Infected crop residues,Turmeric extract
normal,No infection,No pesticide required
brown spot,Fungal infection,Neem Oil
bacterial panicle blight,High temperature,Neem Oil Spray
bacterial leaf streak,Bacterial infection,Buttermilk spray
downy mildew,Cool humid weather,Garlic extract
tungro,Rice tungro virus,Neem seed extract
brown spot,Poor soil fertility,Seaweed extract
blast,High humidity,Baking soda spray
blast,High humidity,Compost tea
bacterial panicle blight,High temperature,Garlic + Chili extract
tungro,Vector transmission,Neem seed extract
hispa,Leaf scraping insects,Neem seed extract
dead heart,Insect larvae attack,Neem Oil
blast,Cold night temperature,Compost tea
bacterial panicle blight,Dense planting,Neem Oil Spray
normal,Good crop condition,No pesticide required
brown spot,Poor soil fertility,Buttermilk spray
hispa,Rice hispa insect,Neem Oil
normal,No infection,Use organic fertilizer
bacterial panicle blight,High humidity,Garlic + Chili extract
normal,No infection,Use organic fertilizer
dead heart,Stem borer insect,Pheromone traps
dead heart,Stem borer insect,Neem seed kernel extract
hispa,Dry weather,Neem seed extract
tungro,Green leafhopper,Yellow sticky traps
normal,Healthy crop,Maintain field hygiene
brown spot,Drought stress,Seaweed extract
hispa,Dry weather,Soap water spray
bacterial panicle blight,Dense planting,Neem Oil Spray
tungro,Vector transmission,Neem seed extract
tungro,Rice tungro virus,Garlic spray
bacterial leaf blight,High humidity and rain,Cow urine solution
blast,Cold night temperature,Neem Oil
brown spot,Nutrient deficiency,Vermicompost tea
normal,No infection,Maintain field hygiene
tungro,Rice tungro virus,Neem Oil
bacterial panicle blight,High temperature,Garlic + Chili extract
downy mildew,Water stagnation,Neem oil spray
bacterial panicle blight,Burkholderia bacteria,Panchagavya
hispa,Dry weather,Soap water spray
bacterial panicle blight,High humidity,Garlic + Chili extract
bacterial leaf blight,Infected seeds,Cow urine solution
bacterial leaf streak,Bacterial infection,Turmeric extract
brown spot,Fungal infection,Buttermilk spray
bacterial leaf streak,Infected crop residues,Buttermilk spray
tungro,Vector transmission,Yellow sticky traps
tungro,Green leafhopper,Neem seed extract
bacterial leaf blight,Poor field drainage,Neem Oil Spray
dead heart,Insect larvae attack,Neem Oil
brown spot,Drought stress,Neem Oil
normal,Good crop condition,Maintain field hygiene
bacterial panicle blight,Dense planting,Panchagavya
bacterial leaf blight,Infected seeds,Neem Oil Spray
bacterial leaf blight,Poor field drainage,Pseudomonas Fluorescens
bacterial leaf streak,Warm humid weather,Turmeric extract
brown spot,Poor soil fertility,Buttermilk spray
bacterial leaf streak,Infected crop residues,Turmeric extract
dead heart,Poor pest management,Neem Oil
downy mildew,Cool humid weather,Baking soda spray
hispa,Dry weather,Neem Oil
bacterial panicle blight,Dense planting,Garlic + Chili extract
brown spot,Drought stress,Neem Oil
bacterial leaf streak,Contaminated irrigation water,Buttermilk spray
normal,No infection,Maintain field hygiene
bacterial leaf blight,Infected seeds,Pseudomonas Fluorescens
brown spot,Poor soil fertility,Buttermilk spray
tungro,Green leafhopper,Neem Oil
normal,Healthy crop,No pesticide required
bacterial panicle blight,High temperature,Neem Oil Spray
bacterial leaf streak,Infected crop residues,Biocontrol bacteria
bacterial leaf streak,Contaminated irrigation water,Buttermilk spray
dead heart,Stem borer insect,Light traps
bacterial leaf streak,Contaminated irrigation water,Neem Oil
downy mildew,Fungal infection,Baking soda spray
tungro,Rice tungro virus,Neem Oil
tungro,Vector transmission,Neem seed extract
bacterial panicle blight,High temperature,Garlic + Chili extract
brown spot,Drought stress,Vermicompost tea
bacterial panicle blight,High humidity,Neem Oil Spray
bacterial leaf blight,Infected seeds,Neem Oil Spray
downy mildew,Water stagnation,Neem oil spray
downy mildew,Cool humid weather,Milk spray
bacterial panicle blight,Burkholderia bacteria,Neem Oil Spray
bacterial leaf blight,Poor field drainage,Cow urine solution
hispa,Dry weather,Soap water spray
hispa,Leaf scraping insects,Neem Oil
normal,Healthy crop,Maintain field hygiene
tungro,Green leafhopper,Neem seed extract
dead heart,Poor pest management,Neem seed kernel extract
downy mildew,Fungal infection,Garlic extract
bacterial leaf streak,Contaminated irrigation water,Neem Oil
tungro,Rice tungro virus,Yellow sticky traps
bacterial leaf streak,Warm humid weather,Neem Oil
brown spot,Poor soil fertility,Vermicompost tea
bacterial leaf streak,Warm humid weather,Biocontrol bacteria
bacterial leaf blight,High humidity and rain,Garlic Extract Spray
hispa,Rice hispa insect,Neem Oil
downy mildew,Water stagnation,Baking soda spray
hispa,Rice hispa insect,Neem Oil
hispa,Dry weather,Chili garlic spray
bacterial leaf blight,Poor field drainage,Garlic Extract Spray
tungro,Green leafhopper,Yellow sticky traps
normal,No infection,Use organic fertilizer
hispa,Rice hispa insect,Chili garlic spray
brown spot,Drought stress,Vermicompost tea
bacterial leaf streak,Bacterial infection,Biocontrol bacteria
hispa,Rice hispa insect,Neem Oil
hispa,Leaf scraping insects,Chili garlic spray
normal,Healthy crop,No pesticide required
hispa,Rice hispa insect,Neem Oil
bacterial panicle blight,High humidity,Neem Oil Spray
bacterial leaf blight,Xanthomonas oryzae bacteria,Pseudomonas Fluorescens
downy mildew,Fungal infection,Baking soda spray
brown spot,Drought stress,Neem Oil
normal,No infection,Use organic fertilizer
brown spot,Nutrient deficiency,Neem Oil
brown spot,Poor soil fertility,Buttermilk spray
hispa,Rice hispa insect,Neem seed extract
normal,No infection,Use organic fertilizer
hispa,Leaf scraping insects,Neem Oil
brown spot,Drought stress,Vermicompost tea
bacterial leaf blight,High humidity and rain,Cow urine solution
downy mildew,Water stagnation,Neem oil spray
downy mildew,Water stagnation,Neem oil spray
bacterial leaf blight,Infected seeds,Garlic Extract Spray
bacterial leaf blight,Xanthomonas oryzae bacteria,Cow urine solution
downy mildew,Water stagnation,Neem oil spray
bacterial leaf blight,Infected seeds,Neem Oil Spray
normal,Healthy crop,Maintain field hygiene
normal,No infection,No pesticide required
normal,No infection,No pesticide required
tungro,Green leafhopper,Neem Oil
downy mildew,Water stagnation,Neem oil spray
bacterial leaf blight,High humidity and rain,Garlic Extract Spray
brown spot,Fungal infection,Neem Oil
tungro,Green leafhopper,Neem seed extract
hispa,Leaf scraping insects,Neem seed extract
hispa,Dry weather,Soap water spray
blast,Cold night temperature,Compost tea
normal,Good crop condition,Maintain field hygiene
bacterial leaf streak,Warm humid weather,Biocontrol bacteria
tungro,Green leafhopper,Yellow sticky traps
downy mildew,Cool humid weather,Garlic extract
downy mildew,Cool humid weather,Baking soda spray
bacterial leaf blight,High humidity and rain,Neem Oil Spray
downy mildew,Cool humid weather,Garlic extract
bacterial leaf blight,Infected seeds,Neem Oil Spray
bacterial leaf streak,Warm humid weather,Turmeric extract
downy mildew,Fungal infection,Garlic extract
bacterial leaf blight,Infected seeds,Pseudomonas Fluorescens
blast,Magnaporthe oryzae fungus,Baking soda spray
brown spot,Fungal infection,Neem Oil
hispa,Leaf scraping insects,Neem seed extract
tungro,Green leafhopper,Neem Oil
downy mildew,Cool humid weather,Baking soda spray
brown spot,Poor soil fertility,Seaweed extract
tungro,Rice tungro virus,Neem seed extract
downy mildew,Cool humid weather,Milk spray
hispa,Dry weather,Neem Oil
hispa,Rice hispa insect,Neem seed extract
dead heart,Stem borer insect,Neem seed kernel extract
bacterial leaf blight,Poor field drainage,Pseudomonas Fluorescens
tungro,Vector transmission,Yellow sticky traps
blast,Excess nitrogen,Neem Oil
brown spot,Poor soil fertility,Seaweed extract
blast,Excess nitrogen,Trichoderma viride
bacterial leaf blight,Infected seeds,Cow urine solution
blast,Magnaporthe oryzae fungus,Trichoderma viride
tungro,Vector transmission,Garlic spray
blast,High humidity,Trichoderma viride
blast,Excess nitrogen,Baking soda spray
hispa,Leaf scraping insects,Neem seed extract
brown spot,Poor soil fertility,Seaweed extract
bacterial leaf blight,Xanthomonas oryzae bacteria,Neem Oil Spray
blast,Cold night temperature,Baking soda spray
bacterial leaf blight,Infected seeds,Neem Oil Spray
tungro,Vector transmission,Garlic spray
hispa,Leaf scraping insects,Soap water spray
bacterial panicle blight,Burkholderia bacteria,Neem Oil Spray
dead heart,Poor pest management,Neem seed kernel extract
downy mildew,Water stagnation,Neem oil spray
hispa,Leaf scraping insects,Neem seed extract
blast,High humidity,Baking soda spray
bacterial leaf streak,Infected crop residues,Buttermilk spray
brown spot,Drought stress,Vermicompost tea
downy mildew,Cool humid weather,Baking soda spray
tungro,Rice tungro virus,Neem Oil
bacterial panicle blight,High humidity,Trichoderma spray
tungro,Vector transmission,Neem seed extract
brown spot,Nutrient deficiency,Seaweed extract
bacterial leaf blight,Poor field drainage,Neem Oil Spray
dead heart,Insect larvae attack,Neem seed kernel extract
bacterial panicle blight,Burkholderia bacteria,Panchagavya
hispa,Rice hispa insect,Neem Oil
bacterial leaf streak,Bacterial infection,Buttermilk spray
blast,Magnaporthe oryzae fungus,Trichoderma viride
hispa,Dry weather,Neem seed extract
blast,Magnaporthe oryzae fungus,Baking soda spray
bacterial leaf blight,High humidity and rain,Pseudomonas Fluorescens
hispa,Dry weather,Chili garlic spray
downy mildew,Water stagnation,Baking soda spray
bacterial leaf blight,High humidity and rain,Neem Oil Spray
bacterial panicle blight,Dense planting,Garlic + Chili extract
downy mildew,Water stagnation,Milk spray
hispa,Rice hispa insect,Neem Oil
dead heart,Poor pest management,Neem seed kernel extract
blast,Magnaporthe oryzae fungus,Compost tea
bacterial leaf blight,Poor field drainage,Neem Oil Spray
downy mildew,Fungal infection,Neem oil spray
bacterial leaf blight,High humidity and rain,Pseudomonas Fluorescens
blast,Cold night temperature,Neem Oil
bacterial leaf blight,Infected seeds,Neem Oil Spray
dead heart,Stem borer insect,Neem Oil
normal,No infection,Maintain field hygiene
bacterial leaf blight,High humidity and rain,Garlic Extract Spray
normal,Good crop condition,No pesticide required
normal,Healthy crop,No pesticide required
tungro,Green leafhopper,Neem Oil
blast,Cold night temperature,Compost tea
bacterial panicle blight,High humidity,Trichoderma spray
blast,Magnaporthe oryzae fungus,Compost tea
bacterial leaf streak,Infected crop residues,Neem Oil
dead heart,Insect larvae attack,Neem Oil
bacterial leaf streak,Contaminated irrigation water,Buttermilk spray
blast,Cold night temperature,Trichoderma viride
tungro,Vector transmission,Neem seed extract
brown spot,Drought stress,Neem Oil
bacterial panicle blight,Dense planting,Trichoderma spray
downy mildew,Fungal infection,Neem oil spray
tungro,Green leafhopper,Garlic spray
bacterial leaf blight,High humidity and rain,Cow urine solution
hispa,Rice hispa insect,Chili garlic spray
tungro,Green leafhopper,Neem Oil
brown spot,Poor soil fertility,Neem Oil
bacterial leaf blight,Infected seeds,Pseudomonas Fluorescens
blast,Excess nitrogen,Compost tea
brown spot,Nutrient deficiency,Vermicompost tea
hispa,Dry weather,Neem Oil
tungro,Rice tungro virus,Neem seed extract
normal,No infection,No pesticide required
blast,Magnaporthe oryzae fungus,Compost tea
bacterial leaf streak,Warm humid weather,Buttermilk spray
bacterial leaf blight,Infected seeds,Pseudomonas Fluorescens
dead heart,Insect larvae attack,Neem Oil
downy mildew,Fungal infection,Garlic extract
hispa,Leaf scraping insects,Neem seed extract
bacterial panicle blight,High temperature,Neem Oil Spray
normal,No infection,Maintain field hygiene
normal,Good crop condition,Use organic fertilizer
tungro,Vector transmission,Neem seed extract
downy mildew,Fungal infection,Milk spray
bacterial panicle blight,High humidity,Panchagavya
dead heart,Poor pest management,Light traps
hispa,Leaf scraping insects,Neem seed extract
hispa,Leaf scraping insects,Soap water spray
bacterial panicle blight,High temperature,Neem Oil Spray
tungro,Vector transmission,Neem Oil
tungro,Green leafhopper,Neem Oil
bacterial panicle blight,Dense planting,Panchagavya
bacterial leaf streak,Bacterial infection,Turmeric extract
downy mildew,Cool humid weather,Baking soda spray
normal,Healthy crop,Use organic fertilizer
hispa,Rice hispa insect,Soap water spray
bacterial panicle blight,Dense planting,Garlic + Chili extract
downy mildew,Water stagnation,Baking soda spray
hispa,Leaf scraping insects,Neem Oil
brown spot,Nutrient deficiency,Vermicompost tea
bacterial panicle blight,Burkholderia bacteria,Trichoderma spray
blast,Excess nitrogen,Neem Oil
dead heart,Stem borer insect,Neem seed kernel extract
bacterial panicle blight,Burkholderia bacteria,Garlic + Chili extract
bacterial panicle blight,High humidity,Trichoderma spray
bacterial panicle blight,Burkholderia bacteria,Garlic + Chili extract
brown spot,Drought stress,Seaweed extract
blast,Magnaporthe oryzae fungus,Compost tea
bacterial leaf streak,Bacterial infection,Neem Oil
hispa,Dry weather,Soap water spray
bacterial panicle blight,Burkholderia bacteria,Panchagavya
normal,Good crop condition,Use organic fertilizer
blast,Cold night temperature,Baking soda spray
bacterial leaf streak,Bacterial infection,Neem Oil
dead heart,Stem borer insect,Neem Oil
hispa,Leaf scraping insects,Chili garlic spray
tungro,Rice tungro virus,Yellow sticky traps
bacterial panicle blight,Burkholderia bacteria,Garlic + Chili extract
tungro,Vector transmission,Yellow sticky traps
dead heart,Poor pest management,Neem seed kernel extract
downy mildew,Fungal infection,Neem oil spray
dead heart,Insect larvae attack,Neem seed kernel extract
tungro,Rice tungro virus,Garlic spray
hispa,Dry weather,Neem Oil
bacterial leaf streak,Warm humid weather,Turmeric extract
tungro,Green leafhopper,Neem Oil
bacterial panicle blight,High humidity,Neem Oil Spray
brown spot,Nutrient deficiency,Neem Oil
downy mildew,Cool humid weather,Neem oil spray
downy mildew,Water stagnation,Baking soda spray
bacterial leaf blight,Poor field drainage,Neem Oil Spray
downy mildew,Fungal infection,Milk spray
downy mildew,Fungal infection,Baking soda spray
bacterial leaf streak,Warm humid weather,Buttermilk spray
bacterial panicle blight,Burkholderia bacteria,Garlic + Chili extract
blast,Excess nitrogen,Baking soda spray
normal,Healthy crop,No pesticide required
brown spot,Drought stress,Neem Oil
hispa,Leaf scraping insects,Soap water spray
bacterial leaf blight,Poor field drainage,Neem Oil Spray
downy mildew,Cool humid weather,Milk spray
bacterial panicle blight,Burkholderia bacteria,Trichoderma spray
tungro,Vector transmission,Neem Oil
dead heart,Poor pest management,Pheromone traps
tungro,Rice tungro virus,Garlic spray
normal,Good crop condition,Use organic fertilizer
brown spot,Poor soil fertility,Neem Oil
bacterial leaf blight,Poor field drainage,Neem Oil Spray
bacterial panicle blight,High humidity,Neem Oil Spray
hispa,Leaf scraping insects,Neem seed extract
bacterial leaf streak,Bacterial infection,Turmeric extract
tungro,Green leafhopper,Neem Oil
bacterial leaf blight,Xanthomonas oryzae bacteria,Pseudomonas Fluorescens
downy mildew,Fungal infection,Garlic extract
blast,Magnaporthe oryzae fungus,Compost tea
normal,No infection,Use organic fertilizer
bacterial leaf blight,High humidity and rain,Pseudomonas Fluorescens
blast,Cold night temperature,Compost tea
bacterial panicle blight,Dense planting,Garlic + Chili extract
blast,Excess nitrogen,Neem Oil
blast,Magnaporthe oryzae fungus,Baking soda spray
bacterial panicle blight,Dense planting,Garlic + Chili extract
brown spot,Drought stress,Neem Oil
bacterial panicle blight,Burkholderia bacteria,Neem Oil Spray
bacterial leaf streak,Bacterial infection,Buttermilk spray
bacterial leaf streak,Contaminated irrigation water,Turmeric extract
bacterial leaf blight,High humidity and rain,Cow urine solution
blast,Magnaporthe oryzae fungus,Neem Oil
bacterial panicle blight,High humidity,Garlic + Chili extract
brown spot,Drought stress,Neem Oil
hispa,Dry weather,Neem Oil
downy mildew,Fungal infection,Neem oil spray
bacterial panicle blight,High temperature,Panchagavya
downy mildew,Cool humid weather,Baking soda spray
dead heart,Poor pest management,Pheromone traps
tungro,Green leafhopper,Garlic spray
normal,No infection,Maintain field hygiene
hispa,Leaf scraping insects,Neem seed extract
brown spot,Poor soil fertility,Vermicompost tea
dead heart,Stem borer insect,Neem Oil
hispa,Dry weather,Neem seed extract
bacterial leaf streak,Bacterial infection,Neem Oil
tungro,Vector transmission,Garlic spray
blast,Cold night temperature,Compost tea
normal,No infection,Maintain field hygiene
bacterial panicle blight,Dense planting,Garlic + Chili extract
hispa,Leaf scraping insects,Chili garlic spray
normal,No infection,No pesticide required
downy mildew,Water stagnation,Milk spray
brown spot,Poor soil fertility,Neem Oil
hispa,Leaf scraping insects,Neem Oil
dead heart,Stem borer insect,Light traps
brown spot,Nutrient deficiency,Seaweed extract
bacterial leaf blight,Xanthomonas oryzae bacteria,Neem Oil Spray
hispa,Rice hispa insect,Chili garlic spray
hispa,Dry weather,Neem Oil
bacterial leaf blight,High humidity and rain,Pseudomonas Fluorescens
bacterial leaf streak,Infected crop residues,Biocontrol bacteria
brown spot,Fungal infection,Vermicompost tea
bacterial leaf blight,Xanthomonas oryzae bacteria,Pseudomonas Fluorescens
tungro,Vector transmission,Neem seed extract
bacterial panicle blight,High temperature,Panchagavya
tungro,Rice tungro virus,Neem seed extract
bacterial leaf blight,Infected seeds,Neem Oil Spray
brown spot,Drought stress,Neem Oil
tungro,Green leafhopper,Garlic spray
bacterial leaf blight,High humidity and rain,Garlic Extract Spray
dead heart,Stem borer insect,Pheromone traps
bacterial panicle blight,Dense planting,Trichoderma spray
bacterial leaf streak,Contaminated irrigation water,Neem Oil
bacterial leaf blight,High humidity and rain,Cow urine solution
bacterial panicle blight,Burkholderia bacteria,Neem Oil Spray
tungro,Rice tungro virus,Garlic spray
tungro,Rice tungro virus,Garlic spray
normal,No infection,No pesticide required
dead heart,Insect larvae attack,Pheromone traps
brown spot,Fungal infection,Vermicompost tea
brown spot,Fungal infection,Neem Oil
bacterial leaf blight,Xanthomonas oryzae bacteria,Pseudomonas Fluorescens
hispa,Leaf scraping insects,Neem Oil
brown spot,Nutrient deficiency,Buttermilk spray
bacterial leaf blight,Xanthomonas oryzae bacteria,Cow urine solution
bacterial leaf streak,Infected crop residues,Biocontrol bacteria
hispa,Rice hispa insect,Neem seed extract
blast,Magnaporthe oryzae fungus,Neem Oil
normal,Good crop condition,Maintain field hygiene
normal,Good crop condition,No pesticide required
brown spot,Poor soil fertility,Seaweed extract
downy mildew,Cool humid weather,Milk spray
hispa,Leaf scraping insects,Soap water spray
bacterial panicle blight,High humidity,Garlic + Chili extract
blast,Cold night temperature,Compost tea
bacterial panicle blight,High humidity,Neem Oil Spray
tungro,Vector transmission,Neem Oil
bacterial panicle blight,Dense planting,Panchagavya
normal,Good crop condition,Use organic fertilizer
bacterial leaf blight,Xanthomonas oryzae bacteria,Cow urine solution
blast,Excess nitrogen,Neem Oil
tungro,Vector transmission,Yellow sticky traps
tungro,Vector transmission,Yellow sticky traps
bacterial panicle blight,High humidity,Neem Oil Spray
bacterial leaf streak,Bacterial infection,Biocontrol bacteria
blast,Excess nitrogen,Trichoderma viride
dead heart,Stem borer insect,Neem seed kernel extract
normal,No infection,Use organic fertilizer
bacterial leaf blight,Infected seeds,Garlic Extract Spray
brown spot,Poor soil fertility,Neem Oil
normal,No infection,Maintain field hygiene
dead heart,Insect larvae attack,Neem seed kernel extract
blast,High humidity,Baking soda spray
brown spot,Fungal infection,Neem Oil
hispa,Dry weather,Neem seed extract
bacterial leaf blight,Infected seeds,Cow urine solution
blast,Excess nitrogen,Trichoderma viride
bacterial panicle blight,Burkholderia bacteria,Garlic + Chili extract
tungro,Vector transmission,Yellow sticky traps
brown spot,Drought stress,Seaweed extract
downy mildew,Water stagnation,Neem oil spray
normal,Good crop condition,No pesticide required
brown spot,Nutrient deficiency,Seaweed extract
tungro,Rice tungro virus,Neem Oil
bacterial leaf streak,Warm humid weather,Buttermilk spray
downy mildew,Fungal infection,Milk spray
hispa,Leaf scraping insects,Neem seed extract
dead heart,Poor pest management,Pheromone traps
bacterial leaf streak,Warm humid weather,Buttermilk spray
downy mildew,Water stagnation,Milk spray
blast,Excess nitrogen,Compost tea
bacterial panicle blight,Burkholderia bacteria,Panchagavya
dead heart,Insect larvae attack,Light traps
normal,Healthy crop,No pesticide required
normal,Good crop condition,Use organic fertilizer
bacterial leaf blight,Poor field drainage,Neem Oil Spray
normal,Healthy crop,Use organic fertilizer
bacterial leaf blight,High humidity and rain,Pseudomonas Fluorescens
bacterial leaf blight,Poor field drainage,Neem Oil Spray
downy mildew,Cool humid weather,Milk spray
normal,No infection,Maintain field hygiene
blast,High humidity,Compost tea
normal,Healthy crop,Maintain field hygiene
normal,Healthy crop,Maintain field hygiene
bacterial leaf blight,High humidity and rain,Pseudomonas Fluorescens
bacterial leaf streak,Bacterial infection,Turmeric extract
bacterial leaf blight,Xanthomonas oryzae bacteria,Pseudomonas Fluorescens
tungro,Vector transmission,Yellow sticky traps
normal,Good crop condition,Maintain field hygiene
downy mildew,Water stagnation,Baking soda spray
bacterial leaf streak,Contaminated irrigation water,Buttermilk spray
bacterial leaf blight,Poor field drainage,Neem Oil Spray
dead heart,Stem borer insect,Neem Oil
downy mildew,Water stagnation,Neem oil spray
tungro,Green leafhopper,Garlic spray
blast,Magnaporthe oryzae fungus,Compost tea
bacterial leaf streak,Warm humid weather,Turmeric extract
tungro,Green leafhopper,Neem Oil
tungro,Rice tungro virus,Neem seed extract
downy mildew,Fungal infection,Garlic extract
bacterial leaf blight,High humidity and rain,Garlic Extract Spray
bacterial panicle blight,High temperature,Trichoderma spray
normal,Healthy crop,No pesticide required
bacterial panicle blight,Dense planting,Panchagavya
normal,Good crop condition,Use organic fertilizer
tungro,Vector transmission,Yellow sticky traps
dead heart,Stem borer insect,Neem seed kernel extract
blast,Cold night temperature,Trichoderma viride
bacterial panicle blight,Dense planting,Neem Oil Spray
bacterial leaf blight,Xanthomonas oryzae bacteria,Neem Oil Spray
bacterial panicle blight,Dense planting,Neem Oil Spray
tungro,Vector transmission,Garlic spray
blast,High humidity,Compost tea
downy mildew,Fungal infection,Baking soda spray
bacterial leaf streak,Contaminated irrigation water,Biocontrol bacteria
dead heart,Poor pest management,Light traps
bacterial leaf blight,High humidity and rain,Neem Oil Spray
blast,Magnaporthe oryzae fungus,Trichoderma viride
bacterial leaf streak,Warm humid weather,Biocontrol bacteria
bacterial leaf streak,Infected crop residues,Buttermilk spray
normal,Healthy crop,Maintain field hygiene
bacterial panicle blight,High temperature,Neem Oil Spray
bacterial panicle blight,High temperature,Neem Oil Spray
blast,Magnaporthe oryzae fungus,Compost tea
blast,Magnaporthe oryzae fungus,Trichoderma viride
tungro,Rice tungro virus,Yellow sticky traps
normal,No infection,Use organic fertilizer
dead heart,Stem borer insect,Neem Oil
normal,Healthy crop,No pesticide required
brown spot,Poor soil fertility,Neem Oil
downy mildew,Fungal infection,Baking soda spray
downy mildew,Fungal infection,Baking soda spray
bacterial panicle blight,High temperature,Garlic + Chili extract
blast,Cold night temperature,Baking soda spray
bacterial panicle blight,Burkholderia bacteria,Garlic + Chili extract
tungro,Rice tungro virus,Neem Oil
bacterial leaf blight,Infected seeds,Neem Oil Spray
tungro,Rice tungro virus,Garlic spray
downy mildew,Water stagnation,Milk spray
bacterial panicle blight,High humidity,Trichoderma spray
brown spot,Fungal infection,Seaweed extract
blast,Magnaporthe oryzae fungus,Trichoderma viride
hispa,Dry weather,Neem seed extract
hispa,Leaf scraping insects,Soap water spray
brown spot,Drought stress,Vermicompost tea
bacterial leaf streak,Infected crop residues,Neem Oil
brown spot,Fungal infection,Seaweed extract
dead heart,Poor pest management,Light traps
downy mildew,Fungal infection,Baking soda spray
bacterial leaf streak,Bacterial infection,Turmeric extract
bacterial leaf blight,Poor field drainage,Neem Oil Spray
bacterial leaf streak,Contaminated irrigation water,Turmeric extract
hispa,Dry weather,Neem seed extract
brown spot,Drought stress,Buttermilk spray
bacterial panicle blight,High humidity,Trichoderma spray
bacterial leaf blight,Infected seeds,Garlic Extract Spray
brown spot,Nutrient deficiency,Seaweed extract
brown spot,Poor soil fertility,Vermicompost tea
dead heart,Poor pest management,Light traps
brown spot,Drought stress,Seaweed extract
bacterial leaf streak,Warm humid weather,Turmeric extract
blast,Magnaporthe oryzae fungus,Compost tea
dead heart,Stem borer insect,Pheromone traps
blast,Magnaporthe oryzae fungus,Baking soda spray
downy mildew,Cool humid weather,Milk spray
brown spot,Drought stress,Seaweed extract
hispa,Rice hispa insect,Soap water spray
brown spot,Drought stress,Seaweed extract
tungro,Vector transmission,Neem Oil
tungro,Vector transmission,Neem seed extract
bacterial leaf blight,Xanthomonas oryzae bacteria,Neem Oil Spray
bacterial leaf streak,Bacterial infection,Buttermilk spray
hispa,Leaf scraping insects,Soap water spray
blast,Excess nitrogen,Compost tea
tungro,Green leafhopper,Garlic spray
hispa,Dry weather,Neem seed extract
normal,Healthy crop,Use organic fertilizer
bacterial panicle blight,High temperature,Panchagavya
tungro,Vector transmission,Garlic spray
bacterial leaf streak,Warm humid weather,Turmeric extract
normal,Good crop condition,Maintain field hygiene
downy mildew,Fungal infection,Milk spray
tungro,Rice tungro virus,Neem seed extract
blast,Cold night temperature,Compost tea
blast,Excess nitrogen,Neem Oil
tungro,Rice tungro virus,Neem seed extract
dead heart,Insect larvae attack,Light traps
downy mildew,Cool humid weather,Neem oil spray
hispa,Leaf scraping insects,Neem seed extract
blast,Cold night temperature,Neem Oil
brown spot,Nutrient deficiency,Seaweed extract
bacterial leaf blight,Infected seeds,Neem Oil Spray
normal,Good crop condition,Use organic fertilizer
dead heart,Stem borer insect,Pheromone traps
hispa,Rice hispa insect,Neem seed extract
bacterial panicle blight,High humidity,Garlic + Chili extract
bacterial panicle blight,High humidity,Garlic + Chili extract
bacterial leaf streak,Warm humid weather,Buttermilk spray
tungro,Vector transmission,Yellow sticky traps
tungro,Vector transmission,Yellow sticky traps
tungro,Rice tungro virus,Neem seed extract
blast,High humidity,Trichoderma viride
downy mildew,Water stagnation,Neem oil spray
dead heart,Insect larvae attack,Neem seed kernel extract
bacterial panicle blight,Dense planting,Garlic + Chili extract
hispa,Leaf scraping insects,Soap water spray
bacterial panicle blight,High temperature,Garlic + Chili extract
downy mildew,Fungal infection,Neem oil spray
dead heart,Poor pest management,Pheromone traps
bacterial leaf blight,Xanthomonas oryzae bacteria,Neem Oil Spray
bacterial leaf blight,Poor field drainage,Cow urine solution
bacterial panicle blight,Burkholderia bacteria,Panchagavya
downy mildew,Fungal infection,Garlic extract
brown spot,Fungal infection,Buttermilk spray
bacterial panicle blight,High humidity,Panchagavya
normal,Healthy crop,Use organic fertilizer
normal,Healthy crop,No pesticide required
bacterial panicle blight,High temperature,Neem Oil Spray
normal,Healthy crop,No pesticide required
dead heart,Poor pest management,Pheromone traps
blast,Magnaporthe oryzae fungus,Baking soda spray
blast,Magnaporthe oryzae fungus,Compost tea
normal,Good crop condition,Maintain field hygiene
downy mildew,Water stagnation,Milk spray
blast,Cold night temperature,Compost tea
bacterial leaf blight,High humidity and rain,Cow urine solution
brown spot,Fungal infection,Neem Oil
brown spot,Poor soil fertility,Neem Oil
bacterial leaf streak,Contaminated irrigation water,Neem Oil
bacterial leaf streak,Bacterial infection,Buttermilk spray
brown spot,Fungal infection,Seaweed extract
tungro,Rice tungro virus,Garlic spray
blast,Cold night temperature,Compost tea
bacterial leaf blight,Infected seeds,Cow urine solution
bacterial panicle blight,Dense planting,Trichoderma spray
normal,No infection,Use organic fertilizer
bacterial panicle blight,Dense planting,Neem Oil Spray
brown spot,Fungal infection,Seaweed extract
blast,High humidity,Neem Oil
brown spot,Drought stress,Buttermilk spray
bacterial panicle blight,Burkholderia bacteria,Panchagavya
blast,Cold night temperature,Trichoderma viride
bacterial leaf blight,High humidity and rain,Cow urine solution
dead heart,Poor pest management,Pheromone traps
dead heart,Insect larvae attack,Pheromone traps
dead heart,Stem borer insect,Neem seed kernel extract
bacterial panicle blight,Dense planting,Garlic + Chili extract
downy mildew,Fungal infection,Baking soda spray
bacterial leaf blight,Xanthomonas oryzae bacteria,Garlic Extract Spray
downy mildew,Fungal infection,Garlic extract
hispa,Rice hispa insect,Soap water spray
bacterial leaf streak,Warm humid weather,Buttermilk spray
normal,Healthy crop,Maintain field hygiene
downy mildew,Fungal infection,Baking soda spray
normal,Healthy crop,Use organic fertilizer
brown spot,Fungal infection,Neem Oil
tungro,Vector transmission,Neem Oil
dead heart,Stem borer insect,Neem Oil
blast,Excess nitrogen,Baking soda spray
bacterial leaf blight,Xanthomonas oryzae bacteria,Garlic Extract Spray
bacterial panicle blight,Dense planting,Panchagavya
blast,Cold night temperature,Baking soda spray
bacterial leaf blight,High humidity and rain,Neem Oil Spray
bacterial leaf streak,Bacterial infection,Biocontrol bacteria
tungro,Green leafhopper,Neem seed extract
bacterial leaf blight,Poor field drainage,Pseudomonas Fluorescens
dead heart,Insect larvae attack,Light traps
normal,No infection,Maintain field hygiene
bacterial panicle blight,High temperature,Garlic + Chili extract
brown spot,Nutrient deficiency,Buttermilk spray
bacterial leaf streak,Bacterial infection,Buttermilk spray
tungro,Rice tungro virus,Neem Oil
normal,No infection,No pesticide required
bacterial panicle blight,Dense planting,Garlic + Chili extract
brown spot,Drought stress,Buttermilk spray
bacterial leaf streak,Infected crop residues,Buttermilk spray
bacterial leaf streak,Bacterial infection,Neem Oil
tungro,Vector transmission,Neem seed extract
bacterial panicle blight,Dense planting,Panchagavya
hispa,Dry weather,Neem Oil
normal,Good crop condition,No pesticide required
downy mildew,Fungal infection,Milk spray
dead heart,Stem borer insect,Light traps
dead heart,Poor pest management,Light traps
brown spot,Nutrient deficiency,Seaweed extract
normal,No infection,Maintain field hygiene
brown spot,Poor soil fertility,Neem Oil
bacterial panicle blight,Dense planting,Neem Oil Spray
bacterial leaf blight,Xanthomonas oryzae bacteria,Neem Oil Spray
blast,High humidity,Baking soda spray
bacterial leaf blight,Infected seeds,Garlic Extract Spray
normal,No infection,No pesticide required
brown spot,Poor soil fertility,Seaweed extract
brown spot,Poor soil fertility,Buttermilk spray
bacterial panicle blight,High temperature,Neem Oil Spray
dead heart,Stem borer insect,Light traps
brown spot,Drought stress,Neem Oil
blast,Magnaporthe oryzae fungus,Compost tea
bacterial leaf streak,Bacterial infection,Neem Oil
bacterial panicle blight,High temperature,Garlic + Chili extract
tungro,Green leafhopper,Neem Oil
blast,Excess nitrogen,Baking soda spray
brown spot,Drought stress,Buttermilk spray
dead heart,Stem borer insect,Light traps
downy mildew,Fungal infection,Neem oil spray
blast,High humidity,Compost tea
normal,No infection,No pesticide required
bacterial leaf streak,Infected crop residues,Neem Oil
brown spot,Poor soil fertility,Seaweed extract
bacterial leaf streak,Bacterial infection,Biocontrol bacteria
bacterial leaf streak,Warm humid weather,Neem Oil
blast,Excess nitrogen,Trichoderma viride
downy mildew,Fungal infection,Baking soda spray
tungro,Vector transmission,Garlic spray
hispa,Rice hispa insect,Chili garlic spray
downy mildew,Cool humid weather,Milk spray
bacterial panicle blight,Burkholderia bacteria,Neem Oil Spray
bacterial leaf streak,Bacterial infection,Neem Oil
bacterial leaf blight,Poor field drainage,Cow urine solution
brown spot,Poor soil fertility,Buttermilk spray
tungro,Vector transmission,Yellow sticky traps
dead heart,Insect larvae attack,Neem seed kernel extract
bacterial leaf blight,Poor field drainage,Pseudomonas Fluorescens
bacterial panicle blight,High temperature,Neem Oil Spray
brown spot,Drought stress,Neem Oil
bacterial leaf streak,Contaminated irrigation water,Biocontrol bacteria
tungro,Green leafhopper,Yellow sticky traps
normal,No infection,No pesticide required
brown spot,Poor soil fertility,Vermicompost tea
bacterial panicle blight,High temperature,Neem Oil Spray
downy mildew,Fungal infection,Neem oil spray
bacterial leaf blight,Infected seeds,Garlic Extract Spray
brown spot,Poor soil fertility,Seaweed extract
normal,Healthy crop,Use organic fertilizer
bacterial panicle blight,High humidity,Trichoderma spray
blast,Excess nitrogen,Compost tea
dead heart,Poor pest management,Neem Oil
blast,Cold night temperature,Baking soda spray
hispa,Dry weather,Neem Oil
hispa,Rice hispa insect,Soap water spray
blast,Cold night temperature,Neem Oil
tungro,Rice tungro virus,Neem Oil
downy mildew,Cool humid weather,Neem oil spray
bacterial leaf streak,Bacterial infection,Buttermilk spray
tungro,Vector transmission,Garlic spray
downy mildew,Water stagnation,Milk spray
normal,No infection,Maintain field hygiene
downy mildew,Cool humid weather,Milk spray
bacterial leaf blight,Infected seeds,Garlic Extract Spray
normal,Healthy crop,Maintain field hygiene
bacterial panicle blight,High humidity,Garlic + Chili extract
bacterial panicle blight,High temperature,Neem Oil Spray
brown spot,Drought stress,Neem Oil
bacterial leaf blight,Infected seeds,Cow urine solution
bacterial leaf streak,Warm humid weather,Biocontrol bacteria
bacterial leaf blight,Xanthomonas oryzae bacteria,Garlic Extract Spray
tungro,Green leafhopper,Yellow sticky traps
downy mildew,Water stagnation,Garlic extract
normal,Good crop condition,Maintain field hygiene
tungro,Green leafhopper,Neem Oil
bacterial panicle blight,High temperature,Trichoderma spray
tungro,Rice tungro virus,Yellow sticky traps
dead heart,Poor pest management,Pheromone traps
bacterial leaf blight,Infected seeds,Garlic Extract Spray
downy mildew,Fungal infection,Garlic extract
tungro,Green leafhopper,Neem seed extract
tungro,Vector transmission,Yellow sticky traps
brown spot,Nutrient deficiency,Neem Oil
bacterial panicle blight,Dense planting,Neem Oil Spray
brown spot,Poor soil fertility,Vermicompost tea
bacterial leaf blight,High humidity and rain,Cow urine solution
tungro,Vector transmission,Garlic spray
bacterial leaf streak,Bacterial infection,Neem Oil
tungro,Green leafhopper,Neem seed extract
tungro,Green leafhopper,Garlic spray
hispa,Leaf scraping insects,Soap water spray
brown spot,Drought stress,Neem Oil
blast,High humidity,Trichoderma viride
brown spot,Poor soil fertility,Seaweed extract
blast,Cold night temperature,Baking soda spray
brown spot,Drought stress,Buttermilk spray
downy mildew,Fungal infection,Milk spray
bacterial leaf streak,Warm humid weather,Neem Oil
downy mildew,Fungal infection,Milk spray
dead heart,Stem borer insect,Neem seed kernel extract
bacterial panicle blight,High humidity,Neem Oil Spray
normal,No infection,Maintain field hygiene
bacterial leaf streak,Warm humid weather,Neem Oil
normal,Healthy crop,Maintain field hygiene
bacterial leaf streak,Bacterial infection,Buttermilk spray
dead heart,Insect larvae attack,Neem Oil
dead heart,Poor pest management,Neem seed kernel extract
downy mildew,Water stagnation,Baking soda spray
blast,Excess nitrogen,Compost tea
bacterial panicle blight,High humidity,Garlic + Chili extract
bacterial leaf blight,Poor field drainage,Pseudomonas Fluorescens
bacterial leaf streak,Warm humid weather,Biocontrol bacteria
downy mildew,Cool humid weather,Garlic extract
bacterial panicle blight,Dense planting,Garlic + Chili extract
bacterial leaf blight,Poor field drainage,Garlic Extract Spray
brown spot,Fungal infection,Neem Oil
hispa,Dry weather,Chili garlic spray
tungro,Green leafhopper,Yellow sticky traps
hispa,Dry weather,Neem seed extract
downy mildew,Water stagnation,Neem oil spray
normal,Good crop condition,Maintain field hygiene
blast,High humidity,Neem Oil
normal,Good crop condition,No pesticide required
tungro,Vector transmission,Garlic spray
normal,No infection,Use organic fertilizer
tungro,Rice tungro virus,Neem seed extract
bacterial panicle blight,Dense planting,Garlic + Chili extract
bacterial panicle blight,High humidity,Garlic + Chili extract
bacterial leaf blight,High humidity and rain,Pseudomonas Fluorescens
bacterial leaf streak,Warm humid weather,Turmeric extract
dead heart,Insect larvae attack,Pheromone traps
brown spot,Poor soil fertility,Vermicompost tea
downy mildew,Fungal infection,Garlic extract
blast,High humidity,Trichoderma viride
bacterial leaf blight,High humidity and rain,Garlic Extract Spray
dead heart,Insect larvae attack,Neem seed kernel extract
blast,Excess nitrogen,Compost tea
downy mildew,Fungal infection,Neem oil spray
bacterial panicle blight,Burkholderia bacteria,Neem Oil Spray
normal,No infection,Maintain field hygiene
bacterial leaf streak,Infected crop residues,Buttermilk spray
bacterial leaf streak,Infected crop residues,Turmeric extract
blast,Magnaporthe oryzae fungus,Baking soda spray
bacterial leaf blight,Poor field drainage,Pseudomonas Fluorescens
bacterial leaf blight,Xanthomonas oryzae bacteria,Cow urine solution
bacterial panicle blight,Burkholderia bacteria,Trichoderma spray
blast,Excess nitrogen,Baking soda spray
dead heart,Poor pest management,Neem Oil
brown spot,Poor soil fertility,Buttermilk spray
bacterial leaf blight,Xanthomonas oryzae bacteria,Garlic Extract Spray
bacterial panicle blight,Dense planting,Trichoderma spray
normal,Good crop condition,No pesticide required
brown spot,Poor soil fertility,Seaweed extract
brown spot,Nutrient deficiency,Seaweed extract
tungro,Rice tungro virus,Garlic spray
bacterial leaf blight,Infected seeds,Neem Oil Spray
hispa,Rice hispa insect,Soap water spray
bacterial leaf blight,Infected seeds,Pseudomonas Fluorescens
hispa,Dry weather,Neem seed extract
blast,High humidity,Baking soda spray
bacterial leaf streak,Warm humid weather,Buttermilk spray
blast,Cold night temperature,Neem Oil
blast,High humidity,Baking soda spray
downy mildew,Fungal infection,Baking soda spray
tungro,Green leafhopper,Garlic spray
blast,Excess nitrogen,Trichoderma viride
brown spot,Drought stress,Buttermilk spray
bacterial leaf blight,Xanthomonas oryzae bacteria,Cow urine solution
bacterial panicle blight,Burkholderia bacteria,Neem Oil Spray
blast,Cold night temperature,Trichoderma viride
downy mildew,Fungal infection,Neem oil spray
bacterial panicle blight,Burkholderia bacteria,Neem Oil Spray
bacterial panicle blight,Dense planting,Panchagavya
bacterial panicle blight,High humidity,Garlic + Chili extract
hispa,Dry weather,Chili garlic spray
tungro,Green leafhopper,Neem Oil
tungro,Vector transmission,Garlic spray
normal,Good crop condition,No pesticide required
tungro,Green leafhopper,Garlic spray
blast,Cold night temperature,Baking soda spray
bacterial leaf blight,High humidity and rain,Cow urine solution
tungro,Vector transmission,Yellow sticky traps
brown spot,Fungal infection,Buttermilk spray
bacterial leaf blight,Poor field drainage,Garlic Extract Spray
bacterial leaf streak,Warm humid weather,Buttermilk spray
hispa,Leaf scraping insects,Soap water spray
dead heart,Insect larvae attack,Neem seed kernel extract
bacterial leaf streak,Contaminated irrigation water,Buttermilk spray
normal,Good crop condition,No pesticide required
bacterial leaf streak,Bacterial infection,Buttermilk spray
bacterial panicle blight,Burkholderia bacteria,Trichoderma spray
bacterial leaf blight,Poor field drainage,Garlic Extract Spray
normal,No infection,No pesticide required
normal,No infection,Use organic fertilizer
blast,Excess nitrogen,Neem Oil
dead heart,Insect larvae attack,Pheromone traps
blast,Magnaporthe oryzae fungus,Baking soda spray
hispa,Dry weather,Neem Oil
normal,Good crop condition,Use organic fertilizer
bacterial leaf blight,High humidity and rain,Pseudomonas Fluorescens
blast,Magnaporthe oryzae fungus,Baking soda spray
hispa,Rice hispa insect,Neem Oil
bacterial panicle blight,High temperature,Neem Oil Spray
tungro,Rice tungro virus,Neem seed extract
bacterial leaf streak,Warm humid weather,Buttermilk spray
normal,Good crop condition,No pesticide required
hispa,Leaf scraping insects,Neem seed extract
dead heart,Insect larvae attack,Neem Oil
brown spot,Poor soil fertility,Seaweed extract
normal,Good crop condition,Maintain field hygiene
blast,Magnaporthe oryzae fungus,Compost tea
bacterial leaf blight,Infected seeds,Cow urine solution
downy mildew,Cool humid weather,Milk spray
downy mildew,Water stagnation,Garlic extract
hispa,Leaf scraping insects,Neem seed extract
brown spot,Poor soil fertility,Buttermilk spray
bacterial leaf streak,Contaminated irrigation water,Turmeric extract
bacterial leaf streak,Infected crop residues,Neem Oil
bacterial panicle blight,High humidity,Trichoderma spray
normal,No infection,No pesticide required
downy mildew,Water stagnation,Neem oil spray
bacterial panicle blight,Dense planting,Garlic + Chili extract
downy mildew,Cool humid weather,Baking soda spray
downy mildew,Water stagnation,Milk spray
tungro,Green leafhopper,Neem Oil
normal,No infection,Use organic fertilizer
tungro,Rice tungro virus,Garlic spray
hispa,Leaf scraping insects,Neem Oil
downy mildew,Fungal infection,Baking soda spray
bacterial leaf streak,Warm humid weather,Buttermilk spray
downy mildew,Water stagnation,Garlic extract
bacterial panicle blight,High humidity,Neem Oil Spray
dead heart,Poor pest management,Neem Oil
blast,High humidity,Trichoderma viride
bacterial panicle blight,Burkholderia bacteria,Trichoderma spray
bacterial leaf streak,Contaminated irrigation water,Neem Oil
brown spot,Drought stress,Vermicompost tea
hispa,Rice hispa insect,Neem seed extract
dead heart,Poor pest management,Neem seed kernel extract
normal,Healthy crop,No pesticide required
normal,No infection,Use organic fertilizer
bacterial leaf streak,Bacterial infection,Buttermilk spray
brown spot,Fungal infection,Neem Oil
downy mildew,Cool humid weather,Baking soda spray
normal,Healthy crop,No pesticide required
bacterial leaf streak,Bacterial infection,Neem Oil
downy mildew,Water stagnation,Milk spray
blast,High humidity,Trichoderma viride
normal,No infection,Maintain field hygiene
tungro,Green leafhopper,Neem Oil
brown spot,Fungal infection,Vermicompost tea
normal,Healthy crop,No pesticide required
brown spot,Nutrient deficiency,Buttermilk spray
brown spot,Poor soil fertility,Seaweed extract
hispa,Dry weather,Neem Oil
dead heart,Insect larvae attack,Pheromone traps
brown spot,Drought stress,Vermicompost tea
bacterial panicle blight,Burkholderia bacteria,Trichoderma spray
blast,Cold night temperature,Compost tea
brown spot,Nutrient deficiency,Vermicompost tea
tungro,Green leafhopper,Garlic spray
bacterial panicle blight,High humidity,Panchagavya
normal,Good crop condition,Use organic fertilizer
hispa,Rice hispa insect,Neem seed extract
tungro,Rice tungro virus,Neem Oil
brown spot,Poor soil fertility,Vermicompost tea
blast,Magnaporthe oryzae fungus,Trichoderma viride
bacterial leaf blight,Infected seeds,Neem Oil Spray
dead heart,Insect larvae attack,Neem seed kernel extract
tungro,Green leafhopper,Neem Oil
dead heart,Poor pest management,Pheromone traps
bacterial leaf streak,Warm humid weather,Turmeric extract
bacterial leaf streak,Infected crop residues,Biocontrol bacteria
blast,Magnaporthe oryzae fungus,Baking soda spray
hispa,Dry weather,Chili garlic spray
bacterial panicle blight,High temperature,Neem Oil Spray
tungro,Vector transmission,Neem seed extract
dead heart,Stem borer insect,Neem seed kernel extract
downy mildew,Cool humid weather,Garlic extract
hispa,Leaf scraping insects,Chili garlic spray
tungro,Vector transmission,Neem Oil
brown spot,Poor soil fertility,Seaweed extract
normal,Good crop condition,Use organic fertilizer
normal,Good crop condition,Maintain field hygiene
bacterial leaf blight,Xanthomonas oryzae bacteria,Pseudomonas Fluorescens
brown spot,Nutrient deficiency,Neem Oil
dead heart,Poor pest management,Pheromone traps
dead heart,Poor pest management,Neem seed kernel extract
bacterial leaf blight,Xanthomonas oryzae bacteria,Cow urine solution
tungro,Green leafhopper,Yellow sticky traps
blast,Excess nitrogen,Trichoderma viride
blast,Cold night temperature,Trichoderma viride
blast,Magnaporthe oryzae fungus,Baking soda spray
hispa,Rice hispa insect,Neem seed extract
downy mildew,Water stagnation,Neem oil spray
tungro,Vector transmission,Neem Oil
dead heart,Poor pest management,Light traps
bacterial leaf streak,Bacterial infection,Neem Oil
downy mildew,Fungal infection,Baking soda spray
bacterial panicle blight,Burkholderia bacteria,Neem Oil Spray
dead heart,Stem borer insect,Light traps
normal,Good crop condition,No pesticide required
bacterial leaf blight,Poor field drainage,Pseudomonas Fluorescens
dead heart,Poor pest management,Pheromone traps
bacterial leaf streak,Contaminated irrigation water,Buttermilk spray
dead heart,Poor pest management,Neem Oil
hispa,Leaf scraping insects,Chili garlic spray
dead heart,Stem borer insect,Pheromone traps
bacterial leaf streak,Bacterial infection,Turmeric extract
tungro,Vector transmission,Neem seed extract
normal,Healthy crop,Use organic fertilizer
bacterial panicle blight,Burkholderia bacteria,Garlic + Chili extract
blast,Cold night temperature,Neem Oil
downy mildew,Water stagnation,Milk spray
downy mildew,Cool humid weather,Baking soda spray
blast,Excess nitrogen,Compost tea
bacterial leaf streak,Warm humid weather,Buttermilk spray
bacterial leaf blight,Infected seeds,Garlic Extract Spray
bacterial leaf streak,Bacterial infection,Neem Oil
downy mildew,Cool humid weather,Garlic extract
blast,Magnaporthe oryzae fungus,Trichoderma viride
hispa,Rice hispa insect,Neem seed extract
tungro,Vector transmission,Yellow sticky traps
blast,Cold night temperature,Baking soda spray
tungro,Vector transmission,Neem Oil
bacterial panicle blight,Dense planting,Neem Oil Spray
tungro,Vector transmission,Yellow sticky traps
bacterial leaf streak,Warm humid weather,Neem Oil
downy mildew,Cool humid weather,Garlic extract
brown spot,Drought stress,Vermicompost tea
normal,No infection,Maintain field hygiene
bacterial panicle blight,High humidity,Panchagavya
dead heart,Insect larvae attack,Light traps
bacterial leaf blight,Xanthomonas oryzae bacteria,Neem Oil Spray
brown spot,Nutrient deficiency,Buttermilk spray
downy mildew,Fungal infection,Baking soda spray
normal,No infection,No pesticide required
downy mildew,Cool humid weather,Neem oil spray
hispa,Leaf scraping insects,Chili garlic spray
brown spot,Fungal infection,Neem Oil
hispa,Dry weather,Neem Oil
hispa,Leaf scraping insects,Neem seed extract
hispa,Leaf scraping insects,Soap water spray
blast,Magnaporthe oryzae fungus,Trichoderma viride
bacterial panicle blight,High temperature,Neem Oil Spray
bacterial panicle blight,High temperature,Garlic + Chili extract
normal,No infection,No pesticide required
bacterial leaf blight,Infected seeds,Garlic Extract Spray
normal,No infection,Use organic fertilizer
blast,High humidity,Compost tea
downy mildew,Cool humid weather,Milk spray
bacterial leaf streak,Contaminated irrigation water,Biocontrol bacteria
normal,No infection,No pesticide required
bacterial panicle blight,Dense planting,Neem Oil Spray
downy mildew,Cool humid weather,Milk spray
tungro,Rice tungro virus,Neem Oil
dead heart,Stem borer insect,Neem Oil
tungro,Green leafhopper,Yellow sticky traps
tungro,Green leafhopper,Neem seed extract
bacterial panicle blight,Dense planting,Trichoderma spray
bacterial panicle blight,High humidity,Garlic + Chili extract
tungro,Rice tungro virus,Yellow sticky traps
bacterial leaf blight,High humidity and rain,Neem Oil Spray
downy mildew,Cool humid weather,Neem oil spray
dead heart,Insect larvae attack,Light traps
downy mildew,Water stagnation,Neem oil spray
downy mildew,Cool humid weather,Baking soda spray
hispa,Dry weather,Chili garlic spray
dead heart,Stem borer insect,Light traps
blast,Cold night temperature,Baking soda spray
hispa,Leaf scraping insects,Neem Oil
bacterial leaf blight,Poor field drainage,Cow urine solution
hispa,Leaf scraping insects,Neem Oil
bacterial leaf blight,Xanthomonas oryzae bacteria,Garlic Extract Spray
blast,Excess nitrogen,Baking soda spray
bacterial panicle blight,High temperature,Panchagavya
bacterial panicle blight,Burkholderia bacteria,Garlic + Chili extract
bacterial panicle blight,High humidity,Panchagavya
normal,Good crop condition,Maintain field hygiene
downy mildew,Fungal infection,Baking soda spray
hispa,Dry weather,Chili garlic spray
bacterial panicle blight,Dense planting,Garlic + Chili extract
downy mildew,Cool humid weather,Neem oil spray
tungro,Vector transmission,Yellow sticky traps
downy mildew,Water stagnation,Baking soda spray
hispa,Leaf scraping insects,Chili garlic spray
downy mildew,Fungal infection,Baking soda spray
bacterial leaf blight,Infected seeds,Neem Oil Spray
bacterial panicle blight,High humidity,Neem Oil Spray
tungro,Rice tungro virus,Yellow sticky traps
blast,Cold night temperature,Compost tea
bacterial leaf streak,Warm humid weather,Biocontrol bacteria
downy mildew,Fungal infection,Neem oil spray
bacterial leaf blight,Xanthomonas oryzae bacteria,Cow urine solution
bacterial leaf streak,Warm humid weather,Biocontrol bacteria
hispa,Rice hispa insect,Chili garlic spray
brown spot,Fungal infection,Vermicompost tea
blast,High humidity,Trichoderma viride
dead heart,Insect larvae attack,Pheromone traps
brown spot,Fungal infection,Buttermilk spray
bacterial leaf streak,Contaminated irrigation water,Buttermilk spray
tungro,Green leafhopper,Garlic spray
bacterial leaf streak,Contaminated irrigation water,Turmeric extract
blast,Excess nitrogen,Trichoderma viride
dead heart,Insect larvae attack,Light traps
blast,High humidity,Compost tea
bacterial panicle blight,Dense planting,Neem Oil Spray
bacterial leaf streak,Infected crop residues,Turmeric extract
tungro,Vector transmission,Neem seed extract
bacterial leaf blight,High humidity and rain,Pseudomonas Fluorescens
bacterial leaf blight,Infected seeds,Cow urine solution
tungro,Green leafhopper,Garlic spray
bacterial leaf blight,Infected seeds,Cow urine solution
blast,Cold night temperature,Baking soda spray
tungro,Rice tungro virus,Neem seed extract
dead heart,Poor pest management,Neem Oil
bacterial leaf blight,Poor field drainage,Garlic Extract Spray
normal,No infection,No pesticide required
normal,Good crop condition,Use organic fertilizer
blast,High humidity,Trichoderma viride
bacterial leaf blight,Xanthomonas oryzae bacteria,Neem Oil Spray
hispa,Dry weather,Soap water spray
bacterial leaf blight,Xanthomonas oryzae bacteria,Neem Oil Spray
downy mildew,Fungal infection,Neem oil spray
blast,Magnaporthe oryzae fungus,Trichoderma viride
downy mildew,Cool humid weather,Neem oil spray
blast,Magnaporthe oryzae fungus,Trichoderma viride
hispa,Rice hispa insect,Chili garlic spray
bacterial leaf blight,Xanthomonas oryzae bacteria,Pseudomonas Fluorescens
bacterial leaf streak,Contaminated irrigation water,Buttermilk spray
tungro,Vector transmission,Garlic spray
normal,No infection,Use organic fertilizer
hispa,Rice hispa insect,Neem Oil
bacterial panicle blight,Burkholderia bacteria,Neem Oil Spray
normal,Healthy crop,No pesticide required
bacterial leaf blight,Poor field drainage,Neem Oil Spray
blast,High humidity,Compost tea
normal,No infection,Maintain field hygiene
normal,Healthy crop,No pesticide required
bacterial leaf streak,Contaminated irrigation water,Neem Oil
hispa,Dry weather,Neem Oil
dead heart,Stem borer insect,Light traps
tungro,Vector transmission,Garlic spray
dead heart,Poor pest management,Neem Oil
hispa,Leaf scraping insects,Chili garlic spray
tungro,Green leafhopper,Neem seed extract
hispa,Dry weather,Neem seed extract
bacterial leaf blight,Infected seeds,Garlic Extract Spray
bacterial leaf streak,Bacterial infection,Biocontrol bacteria
dead heart,Insect larvae attack,Light traps
bacterial leaf streak,Infected crop residues,Turmeric extract
bacterial leaf streak,Warm humid weather,Turmeric extract
bacterial panicle blight,Dense planting,Panchagavya
downy mildew,Water stagnation,Milk spray
normal,No infection,Use organic fertilizer
normal,Good crop condition,Use organic fertilizer
tungro,Green leafhopper,Garlic spray
brown spot,Poor soil fertility,Seaweed extract
bacterial leaf blight,High humidity and rain,Garlic Extract Spray
hispa,Dry weather,Soap water spray
hispa,Dry weather,Neem seed extract
downy mildew,Fungal infection,Milk spray
bacterial leaf streak,Warm humid weather,Buttermilk spray
bacterial leaf streak,Warm humid weather,Biocontrol bacteria
bacterial leaf blight,High humidity and rain,Pseudomonas Fluorescens
bacterial leaf streak,Bacterial infection,Buttermilk spray
downy mildew,Cool humid weather,Neem oil spray
bacterial leaf streak,Bacterial infection,Buttermilk spray
hispa,Leaf scraping insects,Soap water spray
normal,Good crop condition,Maintain field hygiene
blast,Magnaporthe oryzae fungus,Neem Oil
bacterial leaf blight,High humidity and rain,Pseudomonas Fluorescens
tungro,Green leafhopper,Neem Oil
brown spot,Poor soil fertility,Vermicompost tea
hispa,Rice hispa insect,Neem seed extract
tungro,Green leafhopper,Garlic spray
brown spot,Nutrient deficiency,Seaweed extract
dead heart,Poor pest management,Neem Oil
downy mildew,Water stagnation,Garlic extract
brown spot,Nutrient deficiency,Vermicompost tea
bacterial leaf blight,Xanthomonas oryzae bacteria,Cow urine solution
downy mildew,Cool humid weather,Neem oil spray
dead heart,Stem borer insect,Light traps
bacterial panicle blight,Dense planting,Neem Oil Spray
normal,Healthy crop,No pesticide required
bacterial leaf blight,Xanthomonas oryzae bacteria,Cow urine solution
hispa,Leaf scraping insects,Neem seed extract
bacterial panicle blight,Dense planting,Garlic + Chili extract
normal,No infection,No pesticide required
tungro,Rice tungro virus,Neem seed extract
blast,Excess nitrogen,Compost tea
brown spot,Fungal infection,Neem Oil
brown spot,Nutrient deficiency,Buttermilk spray
brown spot,Fungal infection,Buttermilk spray
downy mildew,Cool humid weather,Baking soda spray
brown spot,Fungal infection,Neem Oil
tungro,Green leafhopper,Garlic spray
tungro,Vector transmission,Neem seed extract
hispa,Leaf scraping insects,Neem Oil
bacterial panicle blight,High temperature,Trichoderma spray
hispa,Leaf scraping insects,Soap water spray
brown spot,Poor soil fertility,Seaweed extract
bacterial leaf streak,Warm humid weather,Turmeric extract
tungro,Rice tungro virus,Neem seed extract
bacterial leaf blight,Infected seeds,Garlic Extract Spray
dead heart,Poor pest management,Neem Oil
tungro,Vector transmission,Yellow sticky traps
brown spot,Poor soil fertility,Seaweed extract
downy mildew,Cool humid weather,Garlic extract
tungro,Vector transmission,Neem seed extract
tungro,Rice tungro virus,Neem seed extract
bacterial panicle blight,Burkholderia bacteria,Neem Oil Spray
tungro,Vector transmission,Yellow sticky traps
hispa,Rice hispa insect,Soap water spray
dead heart,Insect larvae attack,Neem Oil
blast,High humidity,Compost tea
downy mildew,Fungal infection,Milk spray
bacterial leaf blight,High humidity and rain,Garlic Extract Spray
bacterial leaf blight,Poor field drainage,Neem Oil Spray
bacterial panicle blight,Burkholderia bacteria,Trichoderma spray
tungro,Rice tungro virus,Neem Oil
bacterial panicle blight,High temperature,Garlic + Chili extract
bacterial leaf blight,High humidity and rain,Pseudomonas Fluorescens
bacterial leaf blight,Xanthomonas oryzae bacteria,Neem Oil Spray
dead heart,Poor pest management,Neem seed kernel extract
bacterial leaf blight,Xanthomonas oryzae bacteria,Garlic Extract Spray
hispa,Rice hispa insect,Neem seed extract
bacterial leaf blight,Infected seeds,Pseudomonas Fluorescens
blast,High humidity,Baking soda spray
blast,Magnaporthe oryzae fungus,Compost tea
downy mildew,Water stagnation,Baking soda spray
tungro,Vector transmission,Neem seed extract
hispa,Rice hispa insect,Neem Oil
hispa,Leaf scraping insects,Chili garlic spray
bacterial leaf streak,Bacterial infection,Turmeric extract
hispa,Dry weather,Neem Oil
brown spot,Poor soil fertility,Buttermilk spray
bacterial leaf blight,Poor field drainage,Pseudomonas Fluorescens
hispa,Leaf scraping insects,Chili garlic spray
brown spot,Poor soil fertility,Seaweed extract
dead heart,Stem borer insect,Pheromone traps
tungro,Vector transmission,Garlic spray
blast,Magnaporthe oryzae fungus,Compost tea
bacterial panicle blight,Dense planting,Trichoderma spray
brown spot,Nutrient deficiency,Seaweed extract
bacterial panicle blight,High temperature,Trichoderma spray
brown spot,Poor soil fertility,Vermicompost tea
normal,Healthy crop,Use organic fertilizer
downy mildew,Cool humid weather,Milk spray
bacterial leaf blight,Xanthomonas oryzae bacteria,Cow urine solution
bacterial leaf streak,Bacterial infection,Turmeric extract
tungro,Vector transmission,Garlic spray
bacterial leaf streak,Bacterial infection,Neem Oil
bacterial leaf streak,Warm humid weather,Neem Oil
dead heart,Stem borer insect,Neem seed kernel extract
dead heart,Insect larvae attack,Pheromone traps
dead heart,Insect larvae attack,Pheromone traps
blast,Cold night temperature,Trichoderma viride
downy mildew,Water stagnation,Milk spray
bacterial leaf blight,Infected seeds,Neem Oil Spray
dead heart,Insect larvae attack,Light traps
bacterial leaf blight,Poor field drainage,Garlic Extract Spray
downy mildew,Water stagnation,Neem oil spray
tungro,Vector transmission,Neem Oil
dead heart,Poor pest management,Neem Oil
downy mildew,Fungal infection,Baking soda spray
bacterial leaf streak,Warm humid weather,Buttermilk spray
bacterial panicle blight,Dense planting,Trichoderma spray
normal,Good crop condition,Maintain field hygiene
hispa,Dry weather,Soap water spray
hispa,Leaf scraping insects,Neem seed extract
hispa,Dry weather,Chili garlic spray
bacterial leaf blight,Poor field drainage,Pseudomonas Fluorescens
downy mildew,Cool humid weather,Garlic extract
brown spot,Poor soil fertility,Buttermilk spray
bacterial panicle blight,High temperature,Trichoderma spray
bacterial leaf blight,High humidity and rain,Neem Oil Spray
bacterial panicle blight,Burkholderia bacteria,Garlic + Chili extract
dead heart,Poor pest management,Neem Oil
hispa,Leaf scraping insects,Chili garlic spray
blast,Cold night temperature,Trichoderma viride
dead heart,Poor pest management,Neem Oil
bacterial leaf streak,Bacterial infection,Neem Oil
blast,High humidity,Trichoderma viride
normal,Good crop condition,No pesticide required
dead heart,Stem borer insect,Pheromone traps
bacterial leaf streak,Bacterial infection,Buttermilk spray
blast,High humidity,Baking soda spray
dead heart,Poor pest management,Pheromone traps
downy mildew,Water stagnation,Milk spray
downy mildew,Water stagnation,Milk spray
bacterial leaf blight,Poor field drainage,Pseudomonas Fluorescens
bacterial leaf streak,Infected crop residues,Neem Oil
dead heart,Insect larvae attack,Pheromone traps
blast,High humidity,Baking soda spray
hispa,Leaf scraping insects,Neem seed extract
downy mildew,Cool humid weather,Milk spray
dead heart,Insect larvae attack,Light traps
brown spot,Poor soil fertility,Buttermilk spray
hispa,Rice hispa insect,Chili garlic spray
hispa,Dry weather,Soap water spray
downy mildew,Cool humid weather,Baking soda spray
dead heart,Poor pest management,Light traps
downy mildew,Water stagnation,Garlic extract
bacterial leaf blight,Xanthomonas oryzae bacteria,Pseudomonas Fluorescens
bacterial panicle blight,High temperature,Garlic + Chili extract
tungro,Green leafhopper,Neem Oil
normal,Healthy crop,Maintain field hygiene
hispa,Dry weather,Neem Oil
bacterial panicle blight,High temperature,Neem Oil Spray
normal,No infection,No pesticide required
dead heart,Insect larvae attack,Light traps
downy mildew,Water stagnation,Baking soda spray
brown spot,Poor soil fertility,Neem Oil
downy mildew,Water stagnation,Baking soda spray
brown spot,Nutrient deficiency,Vermicompost tea
downy mildew,Water stagnation,Neem oil spray
bacterial leaf streak,Infected crop residues,Turmeric extract
normal,Good crop condition,Maintain field hygiene
dead heart,Insect larvae attack,Neem Oil
blast,High humidity,Trichoderma viride
downy mildew,Fungal infection,Neem oil spray
bacterial panicle blight,Dense planting,Neem Oil Spray
hispa,Dry weather,Chili garlic spray
bacterial panicle blight,Burkholderia bacteria,Neem Oil Spray
hispa,Rice hispa insect,Chili garlic spray
bacterial leaf blight,Infected seeds,Cow urine solution
downy mildew,Fungal infection,Garlic extract
downy mildew,Water stagnation,Milk spray
brown spot,Drought stress,Neem Oil
bacterial panicle blight,Dense planting,Trichoderma spray
hispa,Dry weather,Chili garlic spray
dead heart,Stem borer insect,Neem seed kernel extract
normal,Good crop condition,Maintain field hygiene
brown spot,Fungal infection,Neem Oil
hispa,Leaf scraping insects,Neem seed extract
bacterial panicle blight,Dense planting,Panchagavya
bacterial panicle blight,Dense planting,Neem Oil Spray
bacterial leaf streak,Contaminated irrigation water,Turmeric extract
blast,High humidity,Baking soda spray
brown spot,Poor soil fertility,Vermicompost tea
normal,Healthy crop,No pesticide required
tungro,Green leafhopper,Garlic spray
tungro,Green leafhopper,Yellow sticky traps
blast,Cold night temperature,Neem Oil
normal,Healthy crop,Maintain field hygiene
dead heart,Poor pest management,Light traps
bacterial leaf blight,Infected seeds,Garlic Extract Spray
hispa,Rice hispa insect,Soap water spray
bacterial leaf blight,Xanthomonas oryzae bacteria,Garlic Extract Spray
bacterial leaf blight,High humidity and rain,Cow urine solution
blast,Magnaporthe oryzae fungus,Baking soda spray
bacterial leaf blight,Poor field drainage,Neem Oil Spray
normal,Healthy crop,No pesticide required
dead heart,Stem borer insect,Neem Oil
hispa,Leaf scraping insects,Neem Oil
bacterial leaf blight,Xanthomonas oryzae bacteria,Cow urine solution
bacterial leaf blight,Xanthomonas oryzae bacteria,Garlic Extract Spray
normal,No infection,Use organic fertilizer
normal,Good crop condition,Use organic fertilizer
tungro,Green leafhopper,Yellow sticky traps
bacterial leaf streak,Bacterial infection,Neem Oil
blast,Magnaporthe oryzae fungus,Compost tea
normal,Good crop condition,No pesticide required
tungro,Rice tungro virus,Garlic spray
bacterial leaf streak,Infected crop residues,Biocontrol bacteria
downy mildew,Fungal infection,Garlic extract
dead heart,Poor pest management,Neem seed kernel extract
brown spot,Drought stress,Neem Oil
bacterial leaf blight,Infected seeds,Cow urine solution
bacterial leaf blight,Xanthomonas oryzae bacteria,Cow urine solution
brown spot,Nutrient deficiency,Neem Oil
bacterial panicle blight,High humidity,Neem Oil Spray
bacterial leaf streak,Warm humid weather,Turmeric extract
brown spot,Poor soil fertility,Seaweed extract
hispa,Dry weather,Neem seed extract
tungro,Green leafhopper,Yellow sticky traps
bacterial leaf blight,Xanthomonas oryzae bacteria,Cow urine solution
downy mildew,Cool humid weather,Baking soda spray
bacterial leaf blight,Poor field drainage,Cow urine solution
bacterial panicle blight,High humidity,Trichoderma spray
bacterial leaf streak,Contaminated irrigation water,Turmeric extract
brown spot,Poor soil fertility,Neem Oil
normal,Healthy crop,Use organic fertilizer
bacterial leaf streak,Warm humid weather,Turmeric extract
bacterial panicle blight,Burkholderia bacteria,Neem Oil Spray
hispa,Leaf scraping insects,Soap water spray
downy mildew,Cool humid weather,Baking soda spray
hispa,Dry weather,Chili garlic spray
bacterial panicle blight,Dense planting,Garlic + Chili extract
tungro,Vector transmission,Neem seed extract
normal,Healthy crop,Use organic fertilizer
normal,No infection,Maintain field hygiene
downy mildew,Cool humid weather,Baking soda spray
bacterial leaf streak,Warm humid weather,Turmeric extract
hispa,Leaf scraping insects,Neem seed extract
downy mildew,Fungal infection,Baking soda spray
dead heart,Stem borer insect,Pheromone traps
tungro,Vector transmission,Neem seed extract
bacterial leaf blight,Poor field drainage,Cow urine solution
blast,High humidity,Trichoderma viride
hispa,Leaf scraping insects,Neem seed extract
tungro,Rice tungro virus,Neem seed extract
bacterial panicle blight,Burkholderia bacteria,Trichoderma spray
bacterial leaf streak,Bacterial infection,Turmeric extract
hispa,Dry weather,Chili garlic spray
bacterial leaf streak,Bacterial infection,Neem Oil
dead heart,Insect larvae attack,Light traps
normal,Good crop condition,Maintain field hygiene
blast,High humidity,Baking soda spray
bacterial leaf streak,Contaminated irrigation water,Neem Oil
downy mildew,Cool humid weather,Baking soda spray
normal,Healthy crop,No pesticide required
brown spot,Poor soil fertility,Vermicompost tea
downy mildew,Fungal infection,Neem oil spray
normal,No infection,Maintain field hygiene
dead heart,Poor pest management,Neem seed kernel extract
bacterial panicle blight,High humidity,Panchagavya
dead heart,Poor pest management,Pheromone traps
bacterial leaf blight,Infected seeds,Garlic Extract Spray
bacterial leaf streak,Contaminated irrigation water,Buttermilk spray
dead heart,Poor pest management,Pheromone traps
brown spot,Poor soil fertility,Neem Oil
normal,Healthy crop,Maintain field hygiene
dead heart,Stem borer insect,Neem seed kernel extract
brown spot,Drought stress,Neem Oil
brown spot,Nutrient deficiency,Buttermilk spray
downy mildew,Fungal infection,Milk spray
hispa,Dry weather,Chili garlic spray
tungro,Green leafhopper,Yellow sticky traps
normal,No infection,Maintain field hygiene
blast,Magnaporthe oryzae fungus,Trichoderma viride
blast,High humidity,Trichoderma viride
bacterial leaf blight,High humidity and rain,Pseudomonas Fluorescens
downy mildew,Fungal infection,Baking soda spray
downy mildew,Cool humid weather,Milk spray
hispa,Dry weather,Chili garlic spray
bacterial panicle blight,High temperature,Neem Oil Spray
downy mildew,Fungal infection,Garlic extract
brown spot,Nutrient deficiency,Buttermilk spray
brown spot,Fungal infection,Buttermilk spray
brown spot,Poor soil fertility,Neem Oil
tungro,Rice tungro virus,Neem seed extract
dead heart,Poor pest management,Neem seed kernel extract
bacterial leaf streak,Contaminated irrigation water,Buttermilk spray
bacterial leaf blight,High humidity and rain,Cow urine solution
normal,Healthy crop,Maintain field hygiene
brown spot,Nutrient deficiency,Buttermilk spray
blast,Magnaporthe oryzae fungus,Trichoderma viride
tungro,Rice tungro virus,Garlic spray
blast,High humidity,Trichoderma viride
bacterial leaf blight,Poor field drainage,Pseudomonas Fluorescens
bacterial leaf streak,Contaminated irrigation water,Biocontrol bacteria
bacterial panicle blight,High temperature,Trichoderma spray
bacterial leaf streak,Contaminated irrigation water,Neem Oil
normal,No infection,Maintain field hygiene
normal,Good crop condition,Maintain field hygiene
bacterial panicle blight,Dense planting,Panchagavya
bacterial leaf streak,Bacterial infection,Turmeric extract
downy mildew,Fungal infection,Baking soda spray
dead heart,Insect larvae attack,Neem Oil
hispa,Dry weather,Neem Oil
normal,No infection,Maintain field hygiene
dead heart,Poor pest management,Pheromone traps
bacterial leaf streak,Infected crop residues,Turmeric extract
brown spot,Nutrient deficiency,Buttermilk spray
downy mildew,Cool humid weather,Garlic extract
blast,High humidity,Neem Oil
dead heart,Stem borer insect,Pheromone traps
hispa,Dry weather,Neem Oil
hispa,Rice hispa insect,Chili garlic spray
bacterial panicle blight,High humidity,Garlic + Chili extract
dead heart,Insect larvae attack,Light traps
tungro,Green leafhopper,Yellow sticky traps
downy mildew,Cool humid weather,Garlic extract
bacterial leaf streak,Contaminated irrigation water,Biocontrol bacteria
blast,Magnaporthe oryzae fungus,Neem Oil
bacterial panicle blight,Burkholderia bacteria,Garlic + Chili extract
downy mildew,Fungal infection,Milk spray
tungro,Vector transmission,Garlic spray
normal,No infection,Maintain field hygiene
bacterial leaf streak,Bacterial infection,Neem Oil
brown spot,Poor soil fertility,Buttermilk spray
normal,Healthy crop,No pesticide required
downy mildew,Fungal infection,Neem oil spray
hispa,Rice hispa insect,Soap water spray
normal,Good crop condition,No pesticide required
tungro,Vector transmission,Neem seed extract
bacterial leaf blight,High humidity and rain,Neem Oil Spray
brown spot,Poor soil fertility,Vermicompost tea
dead heart,Poor pest management,Pheromone traps
hispa,Rice hispa insect,Neem seed extract
bacterial panicle blight,Dense planting,Panchagavya
blast,Excess nitrogen,Baking soda spray
dead heart,Insect larvae attack,Light traps
normal,No infection,No pesticide required
bacterial panicle blight,High humidity,Trichoderma spray
bacterial leaf streak,Infected crop residues,Buttermilk spray
blast,Magnaporthe oryzae fungus,Baking soda spray
bacterial leaf blight,Poor field drainage,Neem Oil Spray
bacterial panicle blight,Burkholderia bacteria,Panchagavya
hispa,Dry weather,Chili garlic spray
brown spot,Nutrient deficiency,Vermicompost tea
brown spot,Drought stress,Neem Oil
tungro,Green leafhopper,Neem Oil
bacterial leaf streak,Bacterial infection,Buttermilk spray
hispa,Dry weather,Chili garlic spray
downy mildew,Cool humid weather,Milk spray
bacterial leaf streak,Infected crop residues,Turmeric extract
hispa,Dry weather,Chili garlic spray
normal,Healthy crop,No pesticide required
dead heart,Insect larvae attack,Pheromone traps
hispa,Dry weather,Neem seed extract
tungro,Rice tungro virus,Garlic spray
tungro,Rice tungro virus,Yellow sticky traps
normal,No infection,Maintain field hygiene
tungro,Rice tungro virus,Yellow sticky traps
bacterial leaf blight,Xanthomonas oryzae bacteria,Garlic Extract Spray
tungro,Green leafhopper,Neem seed extract
bacterial leaf streak,Bacterial infection,Buttermilk spray
bacterial leaf streak,Warm humid weather,Turmeric extract
bacterial panicle blight,Burkholderia bacteria,Trichoderma spray
tungro,Rice tungro virus,Yellow sticky traps
blast,Excess nitrogen,Trichoderma viride
brown spot,Drought stress,Buttermilk spray
bacterial panicle blight,Dense planting,Panchagavya
brown spot,Nutrient deficiency,Buttermilk spray
tungro,Green leafhopper,Neem seed extract
bacterial panicle blight,Burkholderia bacteria,Trichoderma spray
bacterial leaf streak,Infected crop residues,Biocontrol bacteria
tungro,Rice tungro virus,Yellow sticky traps
tungro,Rice tungro virus,Yellow sticky traps
blast,Excess nitrogen,Compost tea
brown spot,Poor soil fertility,Seaweed extract
bacterial panicle blight,High humidity,Neem Oil Spray
brown spot,Poor soil fertility,Vermicompost tea
hispa,Dry weather,Soap water spray
bacterial panicle blight,High humidity,Garlic + Chili extract
blast,Excess nitrogen,Compost tea
hispa,Rice hispa insect,Chili garlic spray
downy mildew,Water stagnation,Baking soda spray
hispa,Dry weather,Neem seed extract
brown spot,Drought stress,Seaweed extract
blast,Excess nitrogen,Trichoderma viride
downy mildew,Water stagnation,Garlic extract
downy mildew,Water stagnation,Milk spray
normal,Healthy crop,Maintain field hygiene
downy mildew,Fungal infection,Milk spray
bacterial leaf streak,Bacterial infection,Biocontrol bacteria
bacterial leaf blight,Poor field drainage,Garlic Extract Spray
bacterial panicle blight,High temperature,Neem Oil Spray
tungro,Rice tungro virus,Neem seed extract
downy mildew,Fungal infection,Baking soda spray
bacterial panicle blight,High humidity,Panchagavya
blast,High humidity,Trichoderma viride
tungro,Vector transmission,Garlic spray
bacterial leaf streak,Bacterial infection,Biocontrol bacteria
bacterial leaf streak,Warm humid weather,Buttermilk spray
blast,Magnaporthe oryzae fungus,Trichoderma viride
normal,Healthy crop,Use organic fertilizer
blast,Excess nitrogen,Neem Oil
normal,No infection,Maintain field hygiene
bacterial panicle blight,Burkholderia bacteria,Trichoderma spray
blast,Cold night temperature,Neem Oil
bacterial panicle blight,High temperature,Garlic + Chili extract
downy mildew,Fungal infection,Baking soda spray
bacterial leaf blight,Infected seeds,Garlic Extract Spray
downy mildew,Cool humid weather,Milk spray
brown spot,Nutrient deficiency,Neem Oil
bacterial panicle blight,High temperature,Panchagavya
bacterial leaf blight,Infected seeds,Neem Oil Spray
blast,Excess nitrogen,Trichoderma viride
bacterial leaf blight,High humidity and rain,Garlic Extract Spray
bacterial leaf streak,Contaminated irrigation water,Neem Oil
downy mildew,Fungal infection,Neem oil spray
normal,Good crop condition,Maintain field hygiene
bacterial leaf blight,Xanthomonas oryzae bacteria,Neem Oil Spray
brown spot,Drought stress,Seaweed extract
bacterial leaf blight,Infected seeds,Pseudomonas Fluorescens
blast,Excess nitrogen,Trichoderma viride
blast,Magnaporthe oryzae fungus,Compost tea
bacterial leaf streak,Bacterial infection,Neem Oil
dead heart,Insect larvae attack,Pheromone traps
bacterial leaf blight,Poor field drainage,Cow urine solution
tungro,Green leafhopper,Garlic spray
blast,Excess nitrogen,Compost tea
bacterial leaf streak,Contaminated irrigation water,Biocontrol bacteria
normal,No infection,No pesticide required
hispa,Leaf scraping insects,Chili garlic spray
brown spot,Nutrient deficiency,Vermicompost tea
hispa,Dry weather,Chili garlic spray
downy mildew,Cool humid weather,Garlic extract
tungro,Rice tungro virus,Neem seed extract
normal,Healthy crop,Use organic fertilizer
blast,Excess nitrogen,Compost tea
tungro,Rice tungro virus,Yellow sticky traps
brown spot,Poor soil fertility,Seaweed extract
bacterial leaf blight,High humidity and rain,Neem Oil Spray
hispa,Rice hispa insect,Neem Oil
blast,Excess nitrogen,Neem Oil
bacterial leaf streak,Infected crop residues,Buttermilk spray
bacterial leaf streak,Contaminated irrigation water,Biocontrol bacteria
tungro,Green leafhopper,Neem seed extract
downy mildew,Fungal infection,Garlic extract
downy mildew,Cool humid weather,Garlic extract
bacterial panicle blight,Dense planting,Panchagavya
bacterial leaf blight,High humidity and rain,Pseudomonas Fluorescens
downy mildew,Cool humid weather,Garlic extract
blast,Magnaporthe oryzae fungus,Trichoderma viride
downy mildew,Water stagnation,Milk spray
blast,Cold night temperature,Trichoderma viride
blast,High humidity,Neem Oil
tungro,Rice tungro virus,Neem seed extract
bacterial leaf blight,High humidity and rain,Cow urine solution
brown spot,Nutrient deficiency,Vermicompost tea
tungro,Vector transmission,Neem seed extract
downy mildew,Fungal infection,Neem oil spray
bacterial panicle blight,Burkholderia bacteria,Panchagavya
bacterial panicle blight,High temperature,Neem Oil Spray
brown spot,Nutrient deficiency,Vermicompost tea
bacterial leaf streak,Bacterial infection,Turmeric extract
bacterial panicle blight,High temperature,Panchagavya
downy mildew,Fungal infection,Neem oil spray
dead heart,Poor pest management,Neem Oil
tungro,Vector transmission,Neem seed extract
blast,Magnaporthe oryzae fungus,Baking soda spray
downy mildew,Cool humid weather,Baking soda spray
brown spot,Poor soil fertility,Vermicompost tea
blast,Excess nitrogen,Trichoderma viride
bacterial leaf blight,Infected seeds,Cow urine solution
normal,Good crop condition,No pesticide required
tungro,Rice tungro virus,Yellow sticky traps
bacterial leaf streak,Contaminated irrigation water,Biocontrol bacteria
bacterial leaf streak,Warm humid weather,Buttermilk spray
brown spot,Fungal infection,Vermicompost tea
normal,No infection,No pesticide required
blast,Excess nitrogen,Baking soda spray
normal,Good crop condition,No pesticide required
dead heart,Stem borer insect,Light traps
bacterial leaf streak,Infected crop residues,Turmeric extract
bacterial leaf streak,Contaminated irrigation water,Turmeric extract
tungro,Rice tungro virus,Neem Oil
dead heart,Stem borer insect,Pheromone traps
dead heart,Stem borer insect,Neem seed kernel extract
blast,Magnaporthe oryzae fungus,Baking soda spray
blast,Excess nitrogen,Baking soda spray
brown spot,Nutrient deficiency,Buttermilk spray
normal,Healthy crop,Use organic fertilizer
bacterial leaf blight,High humidity and rain,Neem Oil Spray
normal,Healthy crop,Use organic fertilizer
downy mildew,Fungal infection,Baking soda spray
normal,No infection,Maintain field hygiene
dead heart,Poor pest management,Pheromone traps
hispa,Leaf scraping insects,Neem Oil
brown spot,Fungal infection,Vermicompost tea
tungro,Green leafhopper,Neem seed extract
dead heart,Insect larvae attack,Pheromone traps
blast,Excess nitrogen,Compost tea
bacterial leaf streak,Warm humid weather,Biocontrol bacteria
dead heart,Insect larvae attack,Light traps
dead heart,Stem borer insect,Neem Oil
hispa,Leaf scraping insects,Neem Oil
brown spot,Poor soil fertility,Buttermilk spray
downy mildew,Cool humid weather,Milk spray
tungro,Green leafhopper,Yellow sticky traps
bacterial leaf blight,Xanthomonas oryzae bacteria,Pseudomonas Fluorescens
dead heart,Stem borer insect,Light traps
bacterial leaf blight,High humidity and rain,Cow urine solution
bacterial panicle blight,High temperature,Garlic + Chili extract
hispa,Dry weather,Neem seed extract
tungro,Rice tungro virus,Garlic spray
blast,High humidity,Trichoderma viride
brown spot,Nutrient deficiency,Vermicompost tea
bacterial leaf streak,Contaminated irrigation water,Neem Oil
blast,Cold night temperature,Trichoderma viride
normal,No infection,No pesticide required
bacterial leaf streak,Warm humid weather,Turmeric extract
hispa,Rice hispa insect,Soap water spray
brown spot,Poor soil fertility,Neem Oil
downy mildew,Water stagnation,Garlic extract
brown spot,Nutrient deficiency,Seaweed extract
bacterial leaf blight,Xanthomonas oryzae bacteria,Cow urine solution
bacterial leaf streak,Bacterial infection,Biocontrol bacteria
tungro,Green leafhopper,Garlic spray
bacterial leaf streak,Bacterial infection,Neem Oil
hispa,Rice hispa insect,Neem seed extract
hispa,Rice hispa insect,Neem Oil
tungro,Green leafhopper,Garlic spray
bacterial panicle blight,Burkholderia bacteria,Trichoderma spray
blast,Magnaporthe oryzae fungus,Neem Oil
blast,Excess nitrogen,Neem Oil
normal,No infection,No pesticide required
downy mildew,Fungal infection,Garlic extract
hispa,Rice hispa insect,Chili garlic spray
downy mildew,Cool humid weather,Milk spray
normal,Good crop condition,Maintain field hygiene
bacterial leaf streak,Warm humid weather,Neem Oil
bacterial panicle blight,High temperature,Panchagavya
dead heart,Stem borer insect,Pheromone traps
blast,Magnaporthe oryzae fungus,Baking soda spray
bacterial panicle blight,Dense planting,Garlic + Chili extract
blast,High humidity,Compost tea
downy mildew,Cool humid weather,Neem oil spray
brown spot,Nutrient deficiency,Vermicompost tea
blast,Excess nitrogen,Neem Oil
blast,Excess nitrogen,Neem Oil
bacterial leaf streak,Bacterial infection,Buttermilk spray
hispa,Rice hispa insect,Neem Oil
dead heart,Stem borer insect,Neem seed kernel extract
dead heart,Stem borer insect,Light traps
blast,Excess nitrogen,Neem Oil
normal,Healthy crop,Use organic fertilizer
tungro,Rice tungro virus,Garlic spray
bacterial leaf blight,Xanthomonas oryzae bacteria,Pseudomonas Fluorescens
bacterial leaf blight,Poor field drainage,Pseudomonas Fluorescens
downy mildew,Fungal infection,Neem oil spray
bacterial leaf streak,Contaminated irrigation water,Neem Oil
hispa,Leaf scraping insects,Soap water spray
bacterial leaf streak,Contaminated irrigation water,Neem Oil
downy mildew,Water stagnation,Garlic extract
blast,Magnaporthe oryzae fungus,Neem Oil
dead heart,Stem borer insect,Neem Oil
bacterial leaf streak,Bacterial infection,Biocontrol bacteria
brown spot,Poor soil fertility,Buttermilk spray
bacterial leaf streak,Bacterial infection,Buttermilk spray
normal,No infection,Use organic fertilizer
downy mildew,Cool humid weather,Baking soda spray
dead heart,Poor pest management,Neem seed kernel extract
hispa,Dry weather,Soap water spray
brown spot,Fungal infection,Neem Oil
bacterial panicle blight,Dense planting,Neem Oil Spray
bacterial leaf streak,Contaminated irrigation water,Turmeric extract
tungro,Vector transmission,Neem Oil
dead heart,Stem borer insect,Neem seed kernel extract
hispa,Leaf scraping insects,Soap water spray
downy mildew,Fungal infection,Garlic extract
bacterial leaf blight,High humidity and rain,Cow urine solution
bacterial leaf blight,Poor field drainage,Neem Oil Spray
bacterial panicle blight,Dense planting,Trichoderma spray
tungro,Rice tungro virus,Neem seed extract
normal,No infection,No pesticide required
brown spot,Drought stress,Buttermilk spray
tungro,Green leafhopper,Yellow sticky traps
bacterial leaf streak,Bacterial infection,Buttermilk spray
bacterial leaf blight,High humidity and rain,Garlic Extract Spray
bacterial panicle blight,High humidity,Garlic + Chili extract
blast,Excess nitrogen,Neem Oil
downy mildew,Fungal infection,Neem oil spray
bacterial leaf blight,High humidity and rain,Cow urine solution
bacterial leaf streak,Bacterial infection,Turmeric extract
bacterial leaf blight,Poor field drainage,Pseudomonas Fluorescens
bacterial leaf streak,Contaminated irrigation water,Biocontrol bacteria
bacterial leaf blight,Poor field drainage,Cow urine solution
downy mildew,Fungal infection,Baking soda spray
bacterial leaf streak,Infected crop residues,Biocontrol bacteria
brown spot,Nutrient deficiency,Vermicompost tea
downy mildew,Cool humid weather,Milk spray
bacterial panicle blight,High temperature,Panchagavya
bacterial leaf blight,Infected seeds,Garlic Extract Spray
blast,Cold night temperature,Baking soda spray
hispa,Dry weather,Chili garlic spray
dead heart,Stem borer insect,Light traps
brown spot,Poor soil fertility,Neem Oil
bacterial leaf streak,Warm humid weather,Turmeric extract
normal,No infection,No pesticide required
tungro,Green leafhopper,Neem Oil
blast,Magnaporthe oryzae fungus,Compost tea
downy mildew,Water stagnation,Milk spray
downy mildew,Fungal infection,Milk spray
hispa,Leaf scraping insects,Soap water spray
bacterial panicle blight,High temperature,Trichoderma spray
bacterial leaf streak,Infected crop residues,Turmeric extract
blast,Cold night temperature,Baking soda spray
hispa,Rice hispa insect,Chili garlic spray
bacterial leaf streak,Infected crop residues,Neem Oil
dead heart,Poor pest management,Neem seed kernel extract
dead heart,Insect larvae attack,Neem Oil
tungro,Vector transmission,Garlic spray
tungro,Green leafhopper,Garlic spray
blast,High humidity,Neem Oil
bacterial leaf streak,Warm humid weather,Turmeric extract
downy mildew,Cool humid weather,Neem oil spray
blast,Excess nitrogen,Baking soda spray
blast,High humidity,Baking soda spray
bacterial leaf streak,Bacterial infection,Neem Oil
bacterial panicle blight,Burkholderia bacteria,Panchagavya
bacterial leaf blight,High humidity and rain,Neem Oil Spray
tungro,Rice tungro virus,Neem Oil
tungro,Green leafhopper,Neem seed extract
bacterial leaf streak,Warm humid weather,Buttermilk spray
normal,Healthy crop,Use organic fertilizer
brown spot,Nutrient deficiency,Vermicompost tea
normal,Good crop condition,No pesticide required
tungro,Green leafhopper,Yellow sticky traps
tungro,Green leafhopper,Neem Oil
bacterial leaf streak,Contaminated irrigation water,Buttermilk spray
normal,Healthy crop,No pesticide required
dead heart,Insect larvae attack,Pheromone traps
normal,No infection,Use organic fertilizer
brown spot,Nutrient deficiency,Buttermilk spray
blast,Magnaporthe oryzae fungus,Neem Oil
bacterial leaf streak,Warm humid weather,Neem Oil
bacterial panicle blight,High humidity,Trichoderma spray
bacterial leaf streak,Bacterial infection,Neem Oil
tungro,Vector transmission,Yellow sticky traps
hispa,Rice hispa insect,Neem Oil
blast,High humidity,Baking soda spray
bacterial leaf streak,Bacterial infection,Turmeric extract
bacterial leaf blight,High humidity and rain,Garlic Extract Spray
downy mildew,Water stagnation,Milk spray
bacterial panicle blight,Burkholderia bacteria,Trichoderma spray
hispa,Leaf scraping insects,Soap water spray
tungro,Rice tungro virus,Neem seed extract
blast,Cold night temperature,Compost tea
downy mildew,Fungal infection,Neem oil spray
dead heart,Stem borer insect,Neem seed kernel extract
brown spot,Poor soil fertility,Buttermilk spray
blast,Magnaporthe oryzae fungus,Trichoderma viride
bacterial panicle blight,Dense planting,Panchagavya
downy mildew,Fungal infection,Milk spray
brown spot,Drought stress,Seaweed extract
bacterial panicle blight,High temperature,Trichoderma spray
normal,No infection,Maintain field hygiene
normal,No infection,Maintain field hygiene
tungro,Green leafhopper,Yellow sticky traps
downy mildew,Fungal infection,Baking soda spray
bacterial leaf streak,Warm humid weather,Neem Oil
downy mildew,Cool humid weather,Neem oil spray
bacterial panicle blight,High humidity,Panchagavya
bacterial panicle blight,Burkholderia bacteria,Panchagavya
bacterial leaf blight,Xanthomonas oryzae bacteria,Neem Oil Spray
blast,Magnaporthe oryzae fungus,Trichoderma viride
normal,Healthy crop,Use organic fertilizer
hispa,Rice hispa insect,Neem Oil
bacterial leaf blight,High humidity and rain,Pseudomonas Fluorescens
bacterial leaf streak,Contaminated irrigation water,Turmeric extract
blast,High humidity,Trichoderma viride
downy mildew,Water stagnation,Milk spray
downy mildew,Water stagnation,Baking soda spray
normal,No infection,Maintain field hygiene
downy mildew,Cool humid weather,Baking soda spray
bacterial panicle blight,High humidity,Garlic + Chili extract
dead heart,Insect larvae attack,Neem seed kernel extract
bacterial leaf blight,High humidity and rain,Garlic Extract Spray
normal,No infection,No pesticide required
bacterial panicle blight,High temperature,Panchagavya
brown spot,Poor soil fertility,Seaweed extract
bacterial leaf streak,Warm humid weather,Turmeric extract
bacterial panicle blight,High temperature,Trichoderma spray
dead heart,Insect larvae attack,Neem seed kernel extract
bacterial panicle blight,Dense planting,Panchagavya
brown spot,Fungal infection,Seaweed extract
bacterial leaf streak,Contaminated irrigation water,Buttermilk spray
bacterial leaf streak,Contaminated irrigation water,Neem Oil
hispa,Rice hispa insect,Neem seed extract
blast,Cold night temperature,Neem Oil
downy mildew,Water stagnation,Neem oil spray
bacterial panicle blight,Burkholderia bacteria,Neem Oil Spray
normal,No infection,Maintain field hygiene
dead heart,Poor pest management,Neem seed kernel extract
hispa,Dry weather,Neem seed extract
blast,Cold night temperature,Baking soda spray
hispa,Rice hispa insect,Neem seed extract
blast,Excess nitrogen,Compost tea
tungro,Green leafhopper,Garlic spray
bacterial panicle blight,High temperature,Trichoderma spray
bacterial leaf blight,Poor field drainage,Garlic Extract Spray
blast,High humidity,Neem Oil
blast,Excess nitrogen,Baking soda spray
normal,Good crop condition,Use organic fertilizer
hispa,Dry weather,Neem seed extract
blast,High humidity,Baking soda spray
bacterial leaf blight,Poor field drainage,Garlic Extract Spray
bacterial leaf blight,High humidity and rain,Neem Oil Spray
hispa,Rice hispa insect,Neem seed extract
brown spot,Fungal infection,Vermicompost tea
hispa,Dry weather,Neem Oil
downy mildew,Water stagnation,Garlic extract
brown spot,Fungal infection,Vermicompost tea
hispa,Rice hispa insect,Chili garlic spray
blast,Cold night temperature,Neem Oil
brown spot,Nutrient deficiency,Vermicompost tea
hispa,Dry weather,Chili garlic spray
dead heart,Poor pest management,Neem seed kernel extract
blast,Magnaporthe oryzae fungus,Trichoderma viride
blast,Cold night temperature,Trichoderma viride
hispa,Leaf scraping insects,Neem seed extract
normal,Good crop condition,Use organic fertilizer
tungro,Green leafhopper,Garlic spray
tungro,Green leafhopper,Garlic spray
dead heart,Stem borer insect,Light traps
dead heart,Poor pest management,Neem Oil
blast,Magnaporthe oryzae fungus,Neem Oil
hispa,Rice hispa insect,Neem seed extract
normal,Good crop condition,No pesticide required
blast,Magnaporthe oryzae fungus,Neem Oil
blast,Excess nitrogen,Compost tea
bacterial leaf streak,Bacterial infection,Neem Oil
bacterial panicle blight,High humidity,Neem Oil Spray
normal,Healthy crop,No pesticide required
dead heart,Insect larvae attack,Pheromone traps
downy mildew,Cool humid weather,Baking soda spray
blast,High humidity,Neem Oil
bacterial leaf blight,Poor field drainage,Cow urine solution
downy mildew,Water stagnation,Baking soda spray
downy mildew,Fungal infection,Garlic extract
bacterial leaf blight,Poor field drainage,Pseudomonas Fluorescens
tungro,Rice tungro virus,Neem seed extract
blast,Magnaporthe oryzae fungus,Baking soda spray
bacterial leaf streak,Contaminated irrigation water,Buttermilk spray
hispa,Dry weather,Soap water spray
bacterial panicle blight,High temperature,Trichoderma spray
blast,High humidity,Neem Oil
tungro,Green leafhopper,Garlic spray
blast,Cold night temperature,Trichoderma viride
tungro,Green leafhopper,Garlic spray
brown spot,Poor soil fertility,Neem Oil
downy mildew,Cool humid weather,Garlic extract
brown spot,Poor soil fertility,Vermicompost tea
downy mildew,Water stagnation,Garlic extract
tungro,Green leafhopper,Yellow sticky traps
blast,Magnaporthe oryzae fungus,Trichoderma viride
hispa,Rice hispa insect,Neem Oil
brown spot,Poor soil fertility,Seaweed extract
blast,Magnaporthe oryzae fungus,Baking soda spray
tungro,Green leafhopper,Neem Oil
bacterial panicle blight,Burkholderia bacteria,Trichoderma spray
bacterial panicle blight,Dense planting,Neem Oil Spray
tungro,Rice tungro virus,Neem Oil
bacterial leaf streak,Bacterial infection,Biocontrol bacteria
bacterial panicle blight,High humidity,Panchagavya
tungro,Green leafhopper,Garlic spray
tungro,Vector transmission,Neem Oil
bacterial leaf streak,Infected crop residues,Buttermilk spray
tungro,Rice tungro virus,Neem Oil
blast,Magnaporthe oryzae fungus,Baking soda spray
bacterial leaf streak,Warm humid weather,Neem Oil
bacterial leaf blight,Poor field drainage,Pseudomonas Fluorescens
bacterial leaf streak,Infected crop residues,Buttermilk spray
dead heart,Insect larvae attack,Light traps
bacterial leaf blight,Xanthomonas oryzae bacteria,Pseudomonas Fluorescens
tungro,Rice tungro virus,Neem Oil
dead heart,Poor pest management,Light traps
bacterial panicle blight,Dense planting,Trichoderma spray
tungro,Rice tungro virus,Neem seed extract
brown spot,Fungal infection,Neem Oil
bacterial leaf blight,High humidity and rain,Neem Oil Spray
dead heart,Insect larvae attack,Pheromone traps
brown spot,Drought stress,Vermicompost tea
downy mildew,Fungal infection,Garlic extract
tungro,Vector transmission,Neem seed extract
bacterial leaf blight,High humidity and rain,Pseudomonas Fluorescens
downy mildew,Cool humid weather,Garlic extract
hispa,Dry weather,Chili garlic spray
hispa,Leaf scraping insects,Neem Oil
tungro,Vector transmission,Garlic spray
bacterial leaf streak,Bacterial infection,Buttermilk spray
normal,No infection,Use organic fertilizer
bacterial panicle blight,Burkholderia bacteria,Trichoderma spray
hispa,Dry weather,Soap water spray
bacterial panicle blight,Burkholderia bacteria,Trichoderma spray
brown spot,Nutrient deficiency,Buttermilk spray
tungro,Vector transmission,Garlic spray
hispa,Dry weather,Neem Oil
bacterial panicle blight,High temperature,Garlic + Chili extract
bacterial panicle blight,High temperature,Garlic + Chili extract
hispa,Leaf scraping insects,Soap water spray
bacterial panicle blight,Dense planting,Garlic + Chili extract
normal,No infection,No pesticide required
bacterial panicle blight,High temperature,Panchagavya
blast,Excess nitrogen,Compost tea
hispa,Dry weather,Soap water spray
dead heart,Stem borer insect,Pheromone traps
bacterial leaf blight,High humidity and rain,Cow urine solution
brown spot,Nutrient deficiency,Vermicompost tea
blast,High humidity,Neem Oil
downy mildew,Water stagnation,Neem oil spray
bacterial panicle blight,Dense planting,Trichoderma spray
bacterial leaf blight,High humidity and rain,Cow urine solution
downy mildew,Fungal infection,Baking soda spray
bacterial panicle blight,Burkholderia bacteria,Neem Oil Spray
downy mildew,Water stagnation,Garlic extract
bacterial leaf streak,Warm humid weather,Buttermilk spray
normal,Healthy crop,Use organic fertilizer
dead heart,Insect larvae attack,Neem Oil
hispa,Dry weather,Neem Oil
tungro,Green leafhopper,Yellow sticky traps
dead heart,Poor pest management,Pheromone traps
bacterial leaf streak,Warm humid weather,Biocontrol bacteria
normal,Good crop condition,Use organic fertilizer
normal,Good crop condition,Maintain field hygiene
brown spot,Poor soil fertility,Vermicompost tea
normal,Good crop condition,Use organic fertilizer
downy mildew,Cool humid weather,Milk spray
bacterial leaf streak,Warm humid weather,Neem Oil
brown spot,Nutrient deficiency,Buttermilk spray
tungro,Vector transmission,Neem seed extract
downy mildew,Water stagnation,Garlic extract
tungro,Rice tungro virus,Garlic spray
bacterial leaf streak,Warm humid weather,Turmeric extract
tungro,Rice tungro virus,Yellow sticky traps
hispa,Leaf scraping insects,Neem seed extract
brown spot,Fungal infection,Vermicompost tea
blast,Excess nitrogen,Baking soda spray
blast,Cold night temperature,Neem Oil
tungro,Rice tungro virus,Yellow sticky traps
bacterial leaf blight,High humidity and rain,Pseudomonas Fluorescens
downy mildew,Fungal infection,Garlic extract
hispa,Dry weather,Chili garlic spray
blast,High humidity,Trichoderma viride
brown spot,Drought stress,Neem Oil
hispa,Leaf scraping insects,Soap water spray
bacterial leaf streak,Infected crop residues,Biocontrol bacteria
normal,Healthy crop,Maintain field hygiene
normal,Good crop condition,No pesticide required
downy mildew,Cool humid weather,Garlic extract
dead heart,Poor pest management,Neem seed kernel extract
brown spot,Nutrient deficiency,Vermicompost tea
brown spot,Nutrient deficiency,Seaweed extract
bacterial leaf streak,Bacterial infection,Buttermilk spray
tungro,Vector transmission,Neem Oil
normal,Good crop condition,No pesticide required
bacterial leaf blight,Infected seeds,Cow urine solution
blast,Excess nitrogen,Compost tea
normal,Healthy crop,Use organic fertilizer
downy mildew,Fungal infection,Milk spray
tungro,Vector transmission,Garlic spray
dead heart,Poor pest management,Light traps
hispa,Leaf scraping insects,Neem Oil
bacterial leaf streak,Bacterial infection,Buttermilk spray
bacterial leaf streak,Contaminated irrigation water,Biocontrol bacteria
bacterial leaf streak,Contaminated irrigation water,Neem Oil
bacterial panicle blight,High temperature,Neem Oil Spray
bacterial leaf streak,Contaminated irrigation water,Turmeric extract
brown spot,Fungal infection,Neem Oil
bacterial leaf blight,Poor field drainage,Cow urine solution
bacterial panicle blight,Burkholderia bacteria,Panchagavya
blast,High humidity,Trichoderma viride
brown spot,Poor soil fertility,Seaweed extract
tungro,Vector transmission,Neem Oil
blast,Excess nitrogen,Trichoderma viride
bacterial panicle blight,High humidity,Trichoderma spray
bacterial leaf blight,Infected seeds,Neem Oil Spray
dead heart,Poor pest management,Pheromone traps
tungro,Vector transmission,Neem Oil
bacterial panicle blight,Burkholderia bacteria,Trichoderma spray
dead heart,Stem borer insect,Pheromone traps
hispa,Dry weather,Neem seed extract
tungro,Green leafhopper,Yellow sticky traps
tungro,Green leafhopper,Neem Oil
tungro,Rice tungro virus,Yellow sticky traps
tungro,Rice tungro virus,Neem Oil
dead heart,Poor pest management,Neem seed kernel extract
normal,Good crop condition,No pesticide required
brown spot,Nutrient deficiency,Vermicompost tea
blast,Magnaporthe oryzae fungus,Compost tea
dead heart,Insect larvae attack,Light traps
hispa,Dry weather,Soap water spray
normal,Good crop condition,Use organic fertilizer
bacterial panicle blight,High humidity,Neem Oil Spray
downy mildew,Cool humid weather,Milk spray
brown spot,Poor soil fertility,Seaweed extract
blast,High humidity,Baking soda spray
dead heart,Poor pest management,Neem seed kernel extract
bacterial leaf streak,Infected crop residues,Biocontrol bacteria
downy mildew,Fungal infection,Neem oil spray
bacterial leaf blight,Xanthomonas oryzae bacteria,Neem Oil Spray
hispa,Rice hispa insect,Chili garlic spray
bacterial panicle blight,Burkholderia bacteria,Neem Oil Spray
tungro,Green leafhopper,Neem seed extract
downy mildew,Cool humid weather,Baking soda spray
tungro,Rice tungro virus,Neem seed extract
dead heart,Stem borer insect,Light traps
brown spot,Nutrient deficiency,Seaweed extract
bacterial leaf blight,Xanthomonas oryzae bacteria,Pseudomonas Fluorescens
dead heart,Insect larvae attack,Pheromone traps
normal,No infection,Maintain field hygiene
dead heart,Insect larvae attack,Neem seed kernel extract
dead heart,Insect larvae attack,Light traps
dead heart,Poor pest management,Neem seed kernel extract
tungro,Green leafhopper,Yellow sticky traps
bacterial leaf blight,Infected seeds,Neem Oil Spray
bacterial panicle blight,Burkholderia bacteria,Garlic + Chili extract
blast,Excess nitrogen,Trichoderma viride
tungro,Green leafhopper,Yellow sticky traps
tungro,Green leafhopper,Garlic spray
brown spot,Poor soil fertility,Vermicompost tea
blast,Excess nitrogen,Trichoderma viride
hispa,Rice hispa insect,Soap water spray
tungro,Vector transmission,Neem seed extract
bacterial leaf streak,Warm humid weather,Buttermilk spray
bacterial panicle blight,High humidity,Neem Oil Spray
bacterial leaf streak,Contaminated irrigation water,Buttermilk spray
bacterial leaf blight,Xanthomonas oryzae bacteria,Pseudomonas Fluorescens
bacterial panicle blight,Burkholderia bacteria,Garlic + Chili extract
downy mildew,Cool humid weather,Garlic extract
normal,No infection,Maintain field hygiene
bacterial leaf blight,Xanthomonas oryzae bacteria,Neem Oil Spray
normal,No infection,Maintain field hygiene
brown spot,Nutrient deficiency,Buttermilk spray
bacterial leaf blight,High humidity and rain,Neem Oil Spray
downy mildew,Fungal infection,Neem oil spray
dead heart,Poor pest management,Pheromone traps
normal,Good crop condition,No pesticide required
hispa,Rice hispa insect,Neem seed extract
bacterial leaf blight,Poor field drainage,Cow urine solution
downy mildew,Fungal infection,Neem oil spray
normal,No infection,No pesticide required
bacterial panicle blight,Burkholderia bacteria,Garlic + Chili extract
bacterial panicle blight,Dense planting,Trichoderma spray
downy mildew,Fungal infection,Neem oil spray
normal,Good crop condition,Use organic fertilizer
bacterial leaf streak,Bacterial infection,Biocontrol bacteria
bacterial panicle blight,Burkholderia bacteria,Garlic + Chili extract
blast,Magnaporthe oryzae fungus,Baking soda spray
bacterial panicle blight,High humidity,Trichoderma spray
bacterial leaf streak,Infected crop residues,Biocontrol bacteria
dead heart,Stem borer insect,Neem Oil
blast,Cold night temperature,Neem Oil
tungro,Vector transmission,Garlic spray
normal,Good crop condition,Use organic fertilizer
bacterial leaf blight,High humidity and rain,Cow urine solution
downy mildew,Fungal infection,Garlic extract
dead heart,Insect larvae attack,Light traps
bacterial leaf blight,High humidity and rain,Garlic Extract Spray
bacterial leaf blight,Xanthomonas oryzae bacteria,Garlic Extract Spray
downy mildew,Fungal infection,Neem oil spray
bacterial leaf streak,Contaminated irrigation water,Biocontrol bacteria
brown spot,Drought stress,Neem Oil
bacterial leaf streak,Infected crop residues,Buttermilk spray
downy mildew,Water stagnation,Milk spray
tungro,Green leafhopper,Neem seed extract
normal,Good crop condition,Use organic fertilizer
bacterial panicle blight,High temperature,Garlic + Chili extract
brown spot,Drought stress,Neem Oil
dead heart,Insect larvae attack,Pheromone traps
bacterial leaf blight,Poor field drainage,Garlic Extract Spray
brown spot,Drought stress,Buttermilk spray
bacterial panicle blight,Dense planting,Trichoderma spray
hispa,Dry weather,Soap water spray
bacterial leaf blight,Xanthomonas oryzae bacteria,Pseudomonas Fluorescens
tungro,Rice tungro virus,Neem Oil
tungro,Green leafhopper,Yellow sticky traps
brown spot,Drought stress,Vermicompost tea
normal,Good crop condition,Use organic fertilizer
normal,No infection,Use organic fertilizer
dead heart,Poor pest management,Light traps
bacterial panicle blight,High temperature,Trichoderma spray
hispa,Leaf scraping insects,Neem Oil
hispa,Dry weather,Soap water spray
tungro,Rice tungro virus,Garlic spray
brown spot,Drought stress,Seaweed extract
hispa,Leaf scraping insects,Neem seed extract
tungro,Green leafhopper,Yellow sticky traps
downy mildew,Water stagnation,Neem oil spray
bacterial leaf blight,Xanthomonas oryzae bacteria,Pseudomonas Fluorescens
dead heart,Stem borer insect,Pheromone traps
tungro,Rice tungro virus,Neem Oil
tungro,Vector transmission,Garlic spray
tungro,Rice tungro virus,Neem Oil
brown spot,Drought stress,Neem Oil
dead heart,Stem borer insect,Pheromone traps
hispa,Rice hispa insect,Soap water spray
normal,Healthy crop,Maintain field hygiene
downy mildew,Water stagnation,Milk spray
tungro,Rice tungro virus,Yellow sticky traps
brown spot,Drought stress,Seaweed extract
bacterial leaf blight,Xanthomonas oryzae bacteria,Garlic Extract Spray
tungro,Green leafhopper,Yellow sticky traps
dead heart,Insect larvae attack,Pheromone traps
bacterial leaf streak,Infected crop residues,Buttermilk spray
brown spot,Drought stress,Seaweed extract
hispa,Rice hispa insect,Neem seed extract
normal,No infection,Use organic fertilizer
downy mildew,Cool humid weather,Milk spray
bacterial panicle blight,High humidity,Garlic + Chili extract
tungro,Rice tungro virus,Neem seed extract
bacterial leaf blight,Infected seeds,Neem Oil Spray
brown spot,Nutrient deficiency,Neem Oil
bacterial panicle blight,Dense planting,Panchagavya
bacterial panicle blight,Dense planting,Panchagavya
hispa,Dry weather,Soap water spray
normal,No infection,Use organic fertilizer
downy mildew,Water stagnation,Garlic extract
normal,No infection,No pesticide required
bacterial leaf blight,Poor field drainage,Neem Oil Spray
blast,High humidity,Baking soda spray
downy mildew,Cool humid weather,Garlic extract
brown spot,Fungal infection,Seaweed extract
dead heart,Poor pest management,Neem Oil
brown spot,Fungal infection,Buttermilk spray
downy mildew,Fungal infection,Garlic extract
brown spot,Fungal infection,Buttermilk spray
dead heart,Stem borer insect,Neem Oil
hispa,Dry weather,Chili garlic spray
blast,Cold night temperature,Neem Oil
hispa,Rice hispa insect,Soap water spray
blast,Magnaporthe oryzae fungus,Compost tea
bacterial panicle blight,High temperature,Neem Oil Spray
brown spot,Poor soil fertility,Buttermilk spray
dead heart,Insect larvae attack,Neem Oil
normal,Healthy crop,No pesticide required
brown spot,Poor soil fertility,Vermicompost tea
hispa,Rice hispa insect,Soap water spray
brown spot,Drought stress,Seaweed extract
bacterial leaf blight,Infected seeds,Neem Oil Spray
bacterial panicle blight,High humidity,Trichoderma spray
downy mildew,Cool humid weather,Milk spray
bacterial leaf streak,Contaminated irrigation water,Turmeric extract
bacterial leaf blight,Poor field drainage,Cow urine solution
brown spot,Fungal infection,Seaweed extract
bacterial leaf streak,Warm humid weather,Buttermilk spray
downy mildew,Cool humid weather,Milk spray
hispa,Rice hispa insect,Soap water spray
bacterial panicle blight,High temperature,Garlic + Chili extract
normal,Good crop condition,No pesticide required
bacterial leaf blight,Infected seeds,Cow urine solution
blast,High humidity,Baking soda spray
blast,Cold night temperature,Trichoderma viride
bacterial leaf streak,Bacterial infection,Buttermilk spray
bacterial leaf blight,Infected seeds,Garlic Extract Spray
bacterial leaf blight,Poor field drainage,Pseudomonas Fluorescens
tungro,Rice tungro virus,Neem seed extract
dead heart,Insect larvae attack,Light traps
blast,Magnaporthe oryzae fungus,Baking soda spray
blast,Excess nitrogen,Compost tea
blast,Magnaporthe oryzae fungus,Compost tea
downy mildew,Water stagnation,Baking soda spray
hispa,Rice hispa insect,Soap water spray
blast,High humidity,Trichoderma viride
bacterial leaf streak,Bacterial infection,Neem Oil
normal,No infection,Use organic fertilizer
blast,Magnaporthe oryzae fungus,Trichoderma viride
dead heart,Stem borer insect,Light traps
bacterial panicle blight,High temperature,Panchagavya
normal,No infection,No pesticide required
blast,Magnaporthe oryzae fungus,Baking soda spray
dead heart,Poor pest management,Neem Oil
hispa,Dry weather,Neem seed extract
bacterial leaf streak,Warm humid weather,Neem Oil
tungro,Rice tungro virus,Yellow sticky traps
normal,No infection,Maintain field hygiene
tungro,Rice tungro virus,Garlic spray
dead heart,Stem borer insect,Pheromone traps
brown spot,Drought stress,Seaweed extract
bacterial leaf blight,High humidity and rain,Garlic Extract Spray
blast,Excess nitrogen,Trichoderma viride
blast,Cold night temperature,Compost tea
bacterial panicle blight,Dense planting,Neem Oil Spray
tungro,Vector transmission,Yellow sticky traps
blast,High humidity,Compost tea
normal,Good crop condition,No pesticide required
bacterial panicle blight,Dense planting,Panchagavya
tungro,Vector transmission,Yellow sticky traps
bacterial leaf blight,Xanthomonas oryzae bacteria,Garlic Extract Spray
bacterial leaf blight,Xanthomonas oryzae bacteria,Pseudomonas Fluorescens
dead heart,Insect larvae attack,Neem Oil
bacterial panicle blight,Dense planting,Neem Oil Spray
bacterial leaf blight,Poor field drainage,Neem Oil Spray
bacterial leaf blight,High humidity and rain,Pseudomonas Fluorescens
tungro,Rice tungro virus,Neem Oil
bacterial panicle blight,Dense planting,Trichoderma spray
normal,Good crop condition,Maintain field hygiene
bacterial leaf streak,Contaminated irrigation water,Neem Oil
downy mildew,Water stagnation,Milk spray
normal,No infection,Maintain field hygiene
hispa,Leaf scraping insects,Chili garlic spray
normal,No infection,Maintain field hygiene
dead heart,Insect larvae attack,Neem seed kernel extract
bacterial panicle blight,High temperature,Trichoderma spray
dead heart,Stem borer insect,Pheromone traps
brown spot,Poor soil fertility,Buttermilk spray
downy mildew,Cool humid weather,Baking soda spray
blast,Cold night temperature,Compost tea
blast,Magnaporthe oryzae fungus,Compost tea
bacterial leaf blight,High humidity and rain,Neem Oil Spray
brown spot,Fungal infection,Seaweed extract
tungro,Vector transmission,Garlic spray
tungro,Green leafhopper,Yellow sticky traps
normal,Healthy crop,No pesticide required
hispa,Dry weather,Neem seed extract
brown spot,Drought stress,Buttermilk spray
bacterial panicle blight,High temperature,Garlic + Chili extract
hispa,Dry weather,Neem Oil
hispa,Dry weather,Soap water spray
bacterial leaf blight,High humidity and rain,Garlic Extract Spray
blast,Cold night temperature,Compost tea
brown spot,Fungal infection,Vermicompost tea
bacterial leaf blight,Xanthomonas oryzae bacteria,Neem Oil Spray
bacterial leaf blight,Xanthomonas oryzae bacteria,Pseudomonas Fluorescens
bacterial leaf streak,Warm humid weather,Turmeric extract
bacterial panicle blight,Burkholderia bacteria,Garlic + Chili extract
downy mildew,Water stagnation,Milk spray
blast,Cold night temperature,Neem Oil
downy mildew,Cool humid weather,Neem oil spray
bacterial leaf streak,Warm humid weather,Buttermilk spray
bacterial panicle blight,Burkholderia bacteria,Trichoderma spray
tungro,Green leafhopper,Neem Oil
normal,Good crop condition,No pesticide required
tungro,Green leafhopper,Yellow sticky traps
brown spot,Drought stress,Seaweed extract
downy mildew,Cool humid weather,Neem oil spray
bacterial leaf blight,Poor field drainage,Cow urine solution
normal,Healthy crop,No pesticide required
downy mildew,Water stagnation,Neem oil spray
bacterial panicle blight,High temperature,Neem Oil Spray
bacterial leaf blight,Xanthomonas oryzae bacteria,Garlic Extract Spray
bacterial leaf blight,High humidity and rain,Neem Oil Spray
blast,High humidity,Compost tea
normal,Good crop condition,Use organic fertilizer
blast,High humidity,Baking soda spray
bacterial leaf streak,Infected crop residues,Biocontrol bacteria
bacterial leaf blight,Infected seeds,Neem Oil Spray
brown spot,Drought stress,Neem Oil
downy mildew,Fungal infection,Neem oil spray
downy mildew,Cool humid weather,Neem oil spray
dead heart,Insect larvae attack,Light traps
brown spot,Fungal infection,Vermicompost tea
hispa,Dry weather,Neem seed extract
tungro,Green leafhopper,Garlic spray
downy mildew,Cool humid weather,Baking soda spray
blast,Excess nitrogen,Compost tea
hispa,Rice hispa insect,Soap water spray
bacterial panicle blight,High temperature,Neem Oil Spray
tungro,Vector transmission,Neem seed extract
tungro,Green leafhopper,Neem Oil
brown spot,Nutrient deficiency,Neem Oil
bacterial panicle blight,Dense planting,Garlic + Chili extract
dead heart,Insect larvae attack,Neem seed kernel extract
bacterial panicle blight,Dense planting,Neem Oil Spray
bacterial panicle blight,High humidity,Panchagavya
bacterial leaf streak,Contaminated irrigation water,Turmeric extract
downy mildew,Cool humid weather,Neem oil spray
bacterial leaf blight,Poor field drainage,Garlic Extract Spray
bacterial leaf blight,High humidity and rain,Pseudomonas Fluorescens
tungro,Vector transmission,Neem Oil
bacterial leaf blight,Poor field drainage,Cow urine solution
dead heart,Poor pest management,Neem Oil
normal,No infection,Use organic fertilizer
brown spot,Nutrient deficiency,Vermicompost tea
dead heart,Poor pest management,Pheromone traps
bacterial leaf blight,Xanthomonas oryzae bacteria,Cow urine solution
downy mildew,Fungal infection,Milk spray
tungro,Rice tungro virus,Neem seed extract
blast,High humidity,Trichoderma viride
blast,Cold night temperature,Baking soda spray
blast,High humidity,Compost tea
tungro,Green leafhopper,Neem Oil
bacterial leaf blight,Poor field drainage,Cow urine solution
normal,Healthy crop,Maintain field hygiene
bacterial leaf blight,Infected seeds,Garlic Extract Spray
brown spot,Nutrient deficiency,Neem Oil
bacterial panicle blight,Burkholderia bacteria,Garlic + Chili extract
hispa,Rice hispa insect,Chili garlic spray
bacterial leaf blight,Poor field drainage,Neem Oil Spray
bacterial leaf blight,Xanthomonas oryzae bacteria,Neem Oil Spray
tungro,Vector transmission,Neem Oil
dead heart,Insect larvae attack,Pheromone traps
blast,Excess nitrogen,Compost tea
bacterial leaf streak,Warm humid weather,Neem Oil
bacterial panicle blight,Dense planting,Neem Oil Spray
bacterial leaf streak,Infected crop residues,Neem Oil
blast,Cold night temperature,Trichoderma viride
blast,Excess nitrogen,Trichoderma viride
bacterial leaf blight,Poor field drainage,Cow urine solution
bacterial leaf blight,High humidity and rain,Cow urine solution
bacterial leaf blight,Infected seeds,Garlic Extract Spray
dead heart,Insect larvae attack,Neem Oil
bacterial panicle blight,Burkholderia bacteria,Garlic + Chili extract
tungro,Vector transmission,Neem Oil
bacterial panicle blight,High humidity,Neem Oil Spray
bacterial leaf blight,Poor field drainage,Neem Oil Spray
normal,Good crop condition,Use organic fertilizer
bacterial leaf blight,Xanthomonas oryzae bacteria,Garlic Extract Spray
tungro,Vector transmission,Neem seed extract
hispa,Leaf scraping insects,Neem seed extract
brown spot,Nutrient deficiency,Vermicompost tea
normal,No infection,Use organic fertilizer
tungro,Green leafhopper,Neem Oil
bacterial leaf blight,Infected seeds,Neem Oil Spray
blast,Cold night temperature,Compost tea
bacterial leaf streak,Contaminated irrigation water,Turmeric extract
dead heart,Stem borer insect,Pheromone traps
bacterial leaf streak,Infected crop residues,Buttermilk spray
blast,Cold night temperature,Baking soda spray
tungro,Rice tungro virus,Neem Oil
tungro,Green leafhopper,Neem Oil
brown spot,Drought stress,Buttermilk spray
tungro,Vector transmission,Neem Oil
normal,Healthy crop,Maintain field hygiene
downy mildew,Fungal infection,Milk spray
bacterial panicle blight,High temperature,Garlic + Chili extract
bacterial panicle blight,High humidity,Trichoderma spray
blast,High humidity,Baking soda spray
tungro,Vector transmission,Yellow sticky traps
bacterial leaf blight,High humidity and rain,Garlic Extract Spray
tungro,Rice tungro virus,Neem Oil
bacterial panicle blight,Dense planting,Trichoderma spray
bacterial leaf streak,Infected crop residues,Buttermilk spray
dead heart,Insect larvae attack,Neem seed kernel extract
bacterial panicle blight,Dense planting,Garlic + Chili extract
bacterial leaf blight,Poor field drainage,Garlic Extract Spray
brown spot,Drought stress,Vermicompost tea
brown spot,Fungal infection,Buttermilk spray
dead heart,Stem borer insect,Neem seed kernel extract
hispa,Dry weather,Neem seed extract
hispa,Rice hispa insect,Soap water spray
downy mildew,Water stagnation,Neem oil spray
blast,Cold night temperature,Compost tea
bacterial leaf blight,Xanthomonas oryzae bacteria,Cow urine solution
normal,No infection,Use organic fertilizer
hispa,Rice hispa insect,Soap water spray
normal,Healthy crop,No pesticide required
bacterial leaf streak,Contaminated irrigation water,Neem Oil
downy mildew,Cool humid weather,Garlic extract
normal,No infection,No pesticide required
blast,Excess nitrogen,Trichoderma viride
dead heart,Poor pest management,Light traps
brown spot,Poor soil fertility,Neem Oil
dead heart,Insect larvae attack,Neem Oil
downy mildew,Fungal infection,Baking soda spray
dead heart,Poor pest management,Neem Oil
bacterial leaf blight,High humidity and rain,Pseudomonas Fluorescens
bacterial leaf blight,Poor field drainage,Cow urine solution
blast,Cold night temperature,Neem Oil
brown spot,Poor soil fertility,Neem Oil
brown spot,Fungal infection,Vermicompost tea
bacterial leaf blight,High humidity and rain,Pseudomonas Fluorescens
bacterial leaf blight,Xanthomonas oryzae bacteria,Pseudomonas Fluorescens
dead heart,Poor pest management,Light traps
blast,Cold night temperature,Compost tea
bacterial panicle blight,Dense planting,Garlic + Chili extract
brown spot,Nutrient deficiency,Neem Oil
downy mildew,Fungal infection,Garlic extract
blast,Excess nitrogen,Trichoderma viride
blast,Excess nitrogen,Neem Oil
hispa,Leaf scraping insects,Neem Oil
downy mildew,Water stagnation,Baking soda spray
brown spot,Drought stress,Vermicompost tea
tungro,Vector transmission,Neem Oil
bacterial leaf streak,Bacterial infection,Neem Oil
hispa,Leaf scraping insects,Chili garlic spray
brown spot,Nutrient deficiency,Buttermilk spray
tungro,Green leafhopper,Garlic spray
dead heart,Insect larvae attack,Neem Oil
brown spot,Fungal infection,Vermicompost tea
brown spot,Fungal infection,Vermicompost tea
blast,High humidity,Compost tea
downy mildew,Cool humid weather,Neem oil spray
blast,Cold night temperature,Trichoderma viride
hispa,Rice hispa insect,Neem Oil
tungro,Vector transmission,Garlic spray
downy mildew,Water stagnation,Garlic extract
brown spot,Nutrient deficiency,Neem Oil
bacterial leaf streak,Contaminated irrigation water,Neem Oil
normal,Good crop condition,Maintain field hygiene
brown spot,Drought stress,Buttermilk spray
dead heart,Insect larvae attack,Pheromone traps
dead heart,Poor pest management,Light traps
tungro,Vector transmission,Yellow sticky traps
blast,High humidity,Neem Oil
tungro,Green leafhopper,Neem seed extract
bacterial leaf blight,Xanthomonas oryzae bacteria,Neem Oil Spray
downy mildew,Fungal infection,Baking soda spray
normal,Good crop condition,No pesticide required
blast,High humidity,Compost tea
brown spot,Fungal infection,Buttermilk spray
hispa,Leaf scraping insects,Soap water spray
bacterial leaf blight,Poor field drainage,Neem Oil Spray
blast,Excess nitrogen,Baking soda spray
downy mildew,Cool humid weather,Garlic extract
brown spot,Nutrient deficiency,Neem Oil
bacterial leaf blight,Poor field drainage,Garlic Extract Spray
brown spot,Nutrient deficiency,Neem Oil
bacterial leaf blight,Xanthomonas oryzae bacteria,Neem Oil Spray
blast,Excess nitrogen,Compost tea
bacterial leaf blight,Poor field drainage,Neem Oil Spray
tungro,Green leafhopper,Neem seed extract
downy mildew,Water stagnation,Baking soda spray
dead heart,Insect larvae attack,Pheromone traps
hispa,Leaf scraping insects,Neem seed extract
brown spot,Fungal infection,Buttermilk spray
bacterial panicle blight,High temperature,Trichoderma spray
downy mildew,Cool humid weather,Baking soda spray
blast,High humidity,Neem Oil
hispa,Leaf scraping insects,Neem seed extract
blast,Excess nitrogen,Baking soda spray
bacterial panicle blight,Dense planting,Trichoderma spray
brown spot,Nutrient deficiency,Vermicompost tea
bacterial panicle blight,Dense planting,Neem Oil Spray
dead heart,Stem borer insect,Neem Oil
normal,Good crop condition,Use organic fertilizer
downy mildew,Water stagnation,Baking soda spray
dead heart,Insect larvae attack,Light traps
brown spot,Poor soil fertility,Neem Oil
bacterial leaf streak,Bacterial infection,Turmeric extract
dead heart,Stem borer insect,Neem seed kernel extract
normal,No infection,No pesticide required
hispa,Leaf scraping insects,Chili garlic spray
hispa,Dry weather,Soap water spray
brown spot,Poor soil fertility,Vermicompost tea
blast,Excess nitrogen,Compost tea
downy mildew,Cool humid weather,Baking soda spray
hispa,Dry weather,Chili garlic spray
bacterial leaf streak,Warm humid weather,Buttermilk spray
downy mildew,Water stagnation,Milk spray
hispa,Dry weather,Chili garlic spray
blast,High humidity,Trichoderma viride
brown spot,Drought stress,Seaweed extract
bacterial panicle blight,Dense planting,Panchagavya
blast,Cold night temperature,Trichoderma viride
bacterial panicle blight,High temperature,Trichoderma spray
downy mildew,Water stagnation,Baking soda spray
brown spot,Poor soil fertility,Vermicompost tea
dead heart,Stem borer insect,Neem seed kernel extract
blast,Excess nitrogen,Baking soda spray
blast,High humidity,Compost tea
tungro,Vector transmission,Garlic spray
normal,Healthy crop,Maintain field hygiene
hispa,Dry weather,Neem seed extract
dead heart,Stem borer insect,Pheromone traps
bacterial leaf streak,Bacterial infection,Buttermilk spray
dead heart,Insect larvae attack,Pheromone traps
bacterial panicle blight,High humidity,Trichoderma spray
bacterial leaf streak,Bacterial infection,Neem Oil
dead heart,Stem borer insect,Light traps
hispa,Leaf scraping insects,Neem Oil
bacterial leaf blight,High humidity and rain,Pseudomonas Fluorescens
hispa,Leaf scraping insects,Neem Oil
bacterial leaf blight,Infected seeds,Neem Oil Spray
tungro,Green leafhopper,Yellow sticky traps
tungro,Rice tungro virus,Garlic spray
tungro,Vector transmission,Garlic spray
dead heart,Poor pest management,Neem Oil
brown spot,Fungal infection,Buttermilk spray
tungro,Vector transmission,Neem Oil
normal,Good crop condition,Maintain field hygiene
dead heart,Stem borer insect,Pheromone traps
bacterial leaf blight,Poor field drainage,Neem Oil Spray
bacterial leaf streak,Contaminated irrigation water,Biocontrol bacteria
normal,Good crop condition,Maintain field hygiene
bacterial leaf streak,Warm humid weather,Neem Oil
bacterial leaf blight,Infected seeds,Neem Oil Spray
downy mildew,Fungal infection,Milk spray
bacterial leaf blight,High humidity and rain,Cow urine solution
brown spot,Poor soil fertility,Neem Oil
normal,Good crop condition,Use organic fertilizer
bacterial leaf streak,Warm humid weather,Turmeric extract
bacterial leaf blight,Infected seeds,Garlic Extract Spray
blast,Cold night temperature,Baking soda spray
hispa,Leaf scraping insects,Chili garlic spray
bacterial leaf streak,Warm humid weather,Buttermilk spray
bacterial panicle blight,Dense planting,Garlic + Chili extract
bacterial panicle blight,Dense planting,Garlic + Chili extract
tungro,Vector transmission,Neem Oil
hispa,Leaf scraping insects,Soap water spray
normal,Healthy crop,No pesticide required
bacterial leaf blight,High humidity and rain,Neem Oil Spray
blast,Excess nitrogen,Baking soda spray
tungro,Rice tungro virus,Neem seed extract
brown spot,Nutrient deficiency,Seaweed extract
downy mildew,Cool humid weather,Neem oil spray
brown spot,Poor soil fertility,Neem Oil
bacterial panicle blight,Dense planting,Panchagavya
tungro,Rice tungro virus,Yellow sticky traps
bacterial leaf blight,Xanthomonas oryzae bacteria,Pseudomonas Fluorescens
hispa,Dry weather,Neem seed extract
downy mildew,Water stagnation,Neem oil spray
blast,Excess nitrogen,Compost tea
hispa,Leaf scraping insects,Chili garlic spray
dead heart,Poor pest management,Light traps
brown spot,Fungal infection,Neem Oil
dead heart,Poor pest management,Neem Oil
bacterial leaf streak,Warm humid weather,Biocontrol bacteria
blast,Cold night temperature,Compost tea
blast,Magnaporthe oryzae fungus,Neem Oil
bacterial leaf blight,Infected seeds,Pseudomonas Fluorescens
blast,Cold night temperature,Trichoderma viride
bacterial leaf streak,Bacterial infection,Neem Oil
hispa,Dry weather,Chili garlic spray
tungro,Vector transmission,Garlic spray
downy mildew,Fungal infection,Neem oil spray
blast,Excess nitrogen,Compost tea
downy mildew,Fungal infection,Milk spray
normal,Good crop condition,Maintain field hygiene
bacterial leaf streak,Contaminated irrigation water,Turmeric extract
tungro,Vector transmission,Garlic spray
blast,High humidity,Neem Oil
bacterial leaf blight,High humidity and rain,Neem Oil Spray
bacterial panicle blight,High temperature,Trichoderma spray
hispa,Leaf scraping insects,Neem seed extract
normal,Good crop condition,Maintain field hygiene
tungro,Green leafhopper,Neem Oil
normal,Good crop condition,Maintain field hygiene
brown spot,Fungal infection,Neem Oil
bacterial panicle blight,High temperature,Trichoderma spray
dead heart,Poor pest management,Neem Oil
downy mildew,Water stagnation,Baking soda spray
bacterial panicle blight,High humidity,Neem Oil Spray
bacterial leaf blight,Poor field drainage,Garlic Extract Spray
blast,Cold night temperature,Neem Oil
dead heart,Poor pest management,Light traps
dead heart,Insect larvae attack,Neem Oil
blast,Magnaporthe oryzae fungus,Neem Oil
bacterial panicle blight,Dense planting,Panchagavya
hispa,Dry weather,Chili garlic spray
normal,No infection,No pesticide required
downy mildew,Cool humid weather,Garlic extract
downy mildew,Water stagnation,Neem oil spray
hispa,Leaf scraping insects,Neem Oil
brown spot,Nutrient deficiency,Seaweed extract
bacterial leaf streak,Bacterial infection,Neem Oil
tungro,Vector transmission,Garlic spray
downy mildew,Water stagnation,Garlic extract
blast,Cold night temperature,Trichoderma viride
bacterial leaf streak,Contaminated irrigation water,Buttermilk spray
downy mildew,Fungal infection,Milk spray
bacterial leaf streak,Bacterial infection,Biocontrol bacteria
blast,Cold night temperature,Neem Oil
tungro,Green leafhopper,Garlic spray
bacterial panicle blight,High humidity,Panchagavya
dead heart,Poor pest management,Neem Oil
bacterial leaf blight,High humidity and rain,Neem Oil Spray
bacterial leaf streak,Contaminated irrigation water,Neem Oil
blast,Cold night temperature,Neem Oil
normal,No infection,Maintain field hygiene
tungro,Green leafhopper,Garlic spray
bacterial leaf streak,Infected crop residues,Biocontrol bacteria
blast,High humidity,Neem Oil
tungro,Rice tungro virus,Yellow sticky traps
normal,No infection,No pesticide required
brown spot,Nutrient deficiency,Neem Oil
hispa,Rice hispa insect,Soap water spray
dead heart,Stem borer insect,Pheromone traps
downy mildew,Fungal infection,Neem oil spray
brown spot,Nutrient deficiency,Buttermilk spray
tungro,Rice tungro virus,Neem seed extract
bacterial panicle blight,Dense planting,Panchagavya
brown spot,Poor soil fertility,Neem Oil
blast,Cold night temperature,Compost tea
downy mildew,Fungal infection,Neem oil spray
dead heart,Insect larvae attack,Light traps
tungro,Rice tungro virus,Yellow sticky traps
downy mildew,Fungal infection,Milk spray
brown spot,Drought stress,Vermicompost tea
bacterial leaf blight,Poor field drainage,Neem Oil Spray
bacterial leaf streak,Contaminated irrigation water,Neem Oil
hispa,Leaf scraping insects,Neem seed extract
bacterial leaf streak,Infected crop residues,Turmeric extract
hispa,Dry weather,Neem Oil
dead heart,Stem borer insect,Neem seed kernel extract
bacterial panicle blight,High temperature,Panchagavya
normal,Healthy crop,Use organic fertilizer
downy mildew,Fungal infection,Baking soda spray
hispa,Leaf scraping insects,Chili garlic spray
bacterial leaf streak,Contaminated irrigation water,Turmeric extract
brown spot,Fungal infection,Seaweed extract
normal,Good crop condition,Use organic fertilizer
bacterial leaf streak,Contaminated irrigation water,Turmeric extract
normal,No infection,Use organic fertilizer
blast,High humidity,Neem Oil
brown spot,Poor soil fertility,Seaweed extract
tungro,Vector transmission,Neem Oil
brown spot,Drought stress,Buttermilk spray
brown spot,Fungal infection,Buttermilk spray
normal,No infection,Use organic fertilizer
blast,Magnaporthe oryzae fungus,Baking soda spray
downy mildew,Cool humid weather,Garlic extract
blast,Excess nitrogen,Compost tea
downy mildew,Cool humid weather,Garlic extract
dead heart,Insect larvae attack,Pheromone traps
dead heart,Insect larvae attack,Neem Oil
tungro,Vector transmission,Neem Oil
bacterial leaf blight,Infected seeds,Neem Oil Spray
hispa,Leaf scraping insects,Neem seed extract
tungro,Green leafhopper,Yellow sticky traps
bacterial panicle blight,Dense planting,Panchagavya
blast,Excess nitrogen,Trichoderma viride
brown spot,Poor soil fertility,Neem Oil
bacterial panicle blight,Burkholderia bacteria,Neem Oil Spray
blast,Excess nitrogen,Compost tea
normal,Good crop condition,No pesticide required
hispa,Leaf scraping insects,Neem Oil
bacterial leaf streak,Warm humid weather,Biocontrol bacteria
bacterial panicle blight,High humidity,Garlic + Chili extract
bacterial leaf streak,Bacterial infection,Turmeric extract
bacterial leaf streak,Contaminated irrigation water,Neem Oil
dead heart,Insect larvae attack,Neem Oil
bacterial leaf blight,Poor field drainage,Cow urine solution
bacterial leaf blight,Infected seeds,Cow urine solution
brown spot,Drought stress,Buttermilk spray
hispa,Dry weather,Neem seed extract
bacterial leaf blight,Infected seeds,Garlic Extract Spray
dead heart,Stem borer insect,Light traps
normal,Good crop condition,No pesticide required
blast,Magnaporthe oryzae fungus,Compost tea
brown spot,Fungal infection,Buttermilk spray
blast,Magnaporthe oryzae fungus,Trichoderma viride
dead heart,Insect larvae attack,Neem seed kernel extract
dead heart,Poor pest management,Pheromone traps
tungro,Rice tungro virus,Garlic spray
tungro,Green leafhopper,Garlic spray
hispa,Leaf scraping insects,Soap water spray
blast,Excess nitrogen,Baking soda spray
bacterial panicle blight,High temperature,Neem Oil Spray
downy mildew,Water stagnation,Baking soda spray
hispa,Leaf scraping insects,Neem Oil
dead heart,Insect larvae attack,Light traps
tungro,Rice tungro virus,Yellow sticky traps
hispa,Leaf scraping insects,Soap water spray
normal,Healthy crop,Use organic fertilizer
brown spot,Poor soil fertility,Seaweed extract
dead heart,Stem borer insect,Neem Oil
downy mildew,Water stagnation,Garlic extract
brown spot,Drought stress,Buttermilk spray
normal,No infection,No pesticide required
blast,Magnaporthe oryzae fungus,Neem Oil
bacterial leaf streak,Infected crop residues,Neem Oil
dead heart,Poor pest management,Neem Oil
tungro,Vector transmission,Garlic spray
brown spot,Nutrient deficiency,Buttermilk spray
normal,No infection,No pesticide required
normal,Good crop condition,No pesticide required
bacterial leaf blight,Xanthomonas oryzae bacteria,Cow urine solution
bacterial panicle blight,High temperature,Trichoderma spray
bacterial panicle blight,High humidity,Panchagavya
brown spot,Poor soil fertility,Vermicompost tea
brown spot,Poor soil fertility,Neem Oil
normal,Healthy crop,No pesticide required
normal,No infection,Maintain field hygiene
brown spot,Fungal infection,Vermicompost tea
downy mildew,Cool humid weather,Neem oil spray
hispa,Rice hispa insect,Neem seed extract
downy mildew,Water stagnation,Milk spray
downy mildew,Water stagnation,Milk spray
blast,Excess nitrogen,Compost tea
blast,Magnaporthe oryzae fungus,Compost tea
bacterial panicle blight,High temperature,Garlic + Chili extract
dead heart,Insect larvae attack,Pheromone traps
blast,High humidity,Baking soda spray
normal,Good crop condition,Maintain field hygiene
dead heart,Stem borer insect,Neem seed kernel extract
hispa,Leaf scraping insects,Neem Oil
brown spot,Drought stress,Vermicompost tea
tungro,Vector transmission,Neem seed extract
dead heart,Poor pest management,Neem Oil
brown spot,Fungal infection,Buttermilk spray
tungro,Rice tungro virus,Garlic spray
normal,No infection,Maintain field hygiene
bacterial leaf streak,Bacterial infection,Biocontrol bacteria
hispa,Leaf scraping insects,Chili garlic spray
hispa,Rice hispa insect,Neem seed extract
bacterial panicle blight,Dense planting,Trichoderma spray
brown spot,Poor soil fertility,Buttermilk spray
hispa,Leaf scraping insects,Soap water spray
blast,Magnaporthe oryzae fungus,Trichoderma viride
downy mildew,Water stagnation,Baking soda spray
bacterial leaf blight,Infected seeds,Garlic Extract Spray
bacterial panicle blight,Dense planting,Trichoderma spray
downy mildew,Fungal infection,Milk spray
bacterial leaf blight,Xanthomonas oryzae bacteria,Garlic Extract Spray
bacterial leaf blight,High humidity and rain,Cow urine solution
bacterial panicle blight,High humidity,Panchagavya
downy mildew,Fungal infection,Milk spray
blast,Magnaporthe oryzae fungus,Trichoderma viride
bacterial panicle blight,High temperature,Panchagavya
bacterial leaf streak,Contaminated irrigation water,Biocontrol bacteria
dead heart,Insect larvae attack,Neem seed kernel extract
tungro,Rice tungro virus,Neem Oil
bacterial leaf streak,Bacterial infection,Turmeric extract
hispa,Rice hispa insect,Soap water spray
blast,High humidity,Compost tea
downy mildew,Cool humid weather,Milk spray
dead heart,Stem borer insect,Pheromone traps
normal,No infection,Maintain field hygiene
brown spot,Drought stress,Neem Oil
blast,High humidity,Neem Oil
tungro,Vector transmission,Garlic spray
bacterial leaf streak,Contaminated irrigation water,Turmeric extract
dead heart,Stem borer insect,Pheromone traps
downy mildew,Cool humid weather,Milk spray
blast,Magnaporthe oryzae fungus,Trichoderma viride
bacterial leaf streak,Contaminated irrigation water,Turmeric extract
normal,Good crop condition,No pesticide required
bacterial leaf blight,Infected seeds,Neem Oil Spray
hispa,Dry weather,Chili garlic spray
brown spot,Fungal infection,Vermicompost tea
bacterial panicle blight,Burkholderia bacteria,Garlic + Chili extract
tungro,Vector transmission,Neem seed extract
bacterial leaf blight,High humidity and rain,Pseudomonas Fluorescens
hispa,Dry weather,Neem Oil
bacterial leaf streak,Infected crop residues,Buttermilk spray
bacterial panicle blight,High temperature,Neem Oil Spray
brown spot,Nutrient deficiency,Vermicompost tea
dead heart,Insect larvae attack,Neem seed kernel extract
bacterial panicle blight,High temperature,Neem Oil Spray
dead heart,Poor pest management,Neem Oil
downy mildew,Water stagnation,Neem oil spray
blast,Magnaporthe oryzae fungus,Baking soda spray
tungro,Green leafhopper,Neem Oil
downy mildew,Cool humid weather,Baking soda spray
bacterial leaf blight,Infected seeds,Garlic Extract Spray
bacterial leaf blight,Xanthomonas oryzae bacteria,Pseudomonas Fluorescens
downy mildew,Water stagnation,Neem oil spray
dead heart,Insect larvae attack,Light traps
bacterial leaf streak,Warm humid weather,Turmeric extract
brown spot,Fungal infection,Neem Oil
bacterial leaf blight,High humidity and rain,Pseudomonas Fluorescens
blast,Magnaporthe oryzae fungus,Compost tea
tungro,Green leafhopper,Yellow sticky traps
blast,High humidity,Neem Oil
tungro,Vector transmission,Yellow sticky traps
bacterial panicle blight,High temperature,Garlic + Chili extract
brown spot,Nutrient deficiency,Neem Oil
blast,Excess nitrogen,Trichoderma viride
hispa,Rice hispa insect,Neem Oil
downy mildew,Water stagnation,Garlic extract
bacterial leaf streak,Warm humid weather,Turmeric extract
hispa,Dry weather,Chili garlic spray
bacterial panicle blight,High temperature,Garlic + Chili extract
tungro,Rice tungro virus,Garlic spray
dead heart,Stem borer insect,Light traps
brown spot,Fungal infection,Neem Oil
tungro,Vector transmission,Neem Oil
bacterial leaf streak,Warm humid weather,Neem Oil
hispa,Leaf scraping insects,Soap water spray
downy mildew,Fungal infection,Neem oil spray
bacterial panicle blight,High humidity,Trichoderma spray
normal,Healthy crop,No pesticide required
bacterial panicle blight,Burkholderia bacteria,Neem Oil Spray
blast,High humidity,Compost tea
bacterial panicle blight,Burkholderia bacteria,Garlic + Chili extract
dead heart,Stem borer insect,Neem seed kernel extract
tungro,Vector transmission,Neem seed extract
hispa,Leaf scraping insects,Neem Oil
hispa,Dry weather,Neem seed extract
blast,High humidity,Baking soda spray
bacterial panicle blight,High temperature,Garlic + Chili extract
bacterial leaf blight,High humidity and rain,Pseudomonas Fluorescens
tungro,Rice tungro virus,Yellow sticky traps
blast,Cold night temperature,Compost tea
normal,Healthy crop,Use organic fertilizer
tungro,Vector transmission,Garlic spray
blast,Excess nitrogen,Compost tea
blast,Cold night temperature,Compost tea
downy mildew,Water stagnation,Garlic extract
tungro,Vector transmission,Neem Oil
bacterial leaf streak,Warm humid weather,Buttermilk spray
bacterial leaf blight,Poor field drainage,Pseudomonas Fluorescens
hispa,Rice hispa insect,Neem Oil
hispa,Rice hispa insect,Neem seed extract
bacterial leaf streak,Warm humid weather,Neem Oil
tungro,Rice tungro virus,Garlic spray
normal,Healthy crop,Maintain field hygiene
normal,No infection,No pesticide required
brown spot,Drought stress,Neem Oil
brown spot,Fungal infection,Neem Oil
bacterial panicle blight,Dense planting,Neem Oil Spray
dead heart,Poor pest management,Neem Oil
bacterial leaf blight,Infected seeds,Neem Oil Spray
bacterial leaf streak,Bacterial infection,Biocontrol bacteria
brown spot,Drought stress,Neem Oil
normal,No infection,No pesticide required
blast,Magnaporthe oryzae fungus,Trichoderma viride
brown spot,Poor soil fertility,Seaweed extract
bacterial leaf blight,Xanthomonas oryzae bacteria,Neem Oil Spray
bacterial leaf blight,Infected seeds,Garlic Extract Spray
normal,Healthy crop,Maintain field hygiene
blast,Excess nitrogen,Compost tea
hispa,Leaf scraping insects,Chili garlic spray
hispa,Dry weather,Neem seed extract
bacterial panicle blight,Dense planting,Trichoderma spray
bacterial leaf streak,Bacterial infection,Neem Oil
bacterial panicle blight,High temperature,Panchagavya
normal,Healthy crop,No pesticide required
hispa,Dry weather,Chili garlic spray
tungro,Rice tungro virus,Garlic spray
hispa,Rice hispa insect,Neem seed extract
hispa,Rice hispa insect,Neem seed extract
tungro,Vector transmission,Neem Oil
tungro,Green leafhopper,Neem Oil
bacterial panicle blight,Burkholderia bacteria,Neem Oil Spray
hispa,Rice hispa insect,Chili garlic spray
dead heart,Insect larvae attack,Light traps
normal,No infection,Maintain field hygiene
dead heart,Stem borer insect,Neem seed kernel extract
tungro,Vector transmission,Neem seed extract
tungro,Green leafhopper,Garlic spray
bacterial leaf streak,Bacterial infection,Neem Oil
blast,High humidity,Neem Oil
dead heart,Poor pest management,Neem Oil
tungro,Vector transmission,Garlic spray
brown spot,Nutrient deficiency,Vermicompost tea
blast,High humidity,Baking soda spray
normal,Good crop condition,Use organic fertilizer
normal,Good crop condition,Use organic fertilizer
hispa,Rice hispa insect,Neem Oil
blast,Cold night temperature,Neem Oil
bacterial leaf blight,Poor field drainage,Cow urine solution
dead heart,Poor pest management,Neem seed kernel extract
dead heart,Insect larvae attack,Light traps
bacterial leaf streak,Infected crop residues,Turmeric extract
normal,Good crop condition,Use organic fertilizer
brown spot,Poor soil fertility,Buttermilk spray
normal,Good crop condition,Use organic fertilizer
bacterial leaf streak,Infected crop residues,Biocontrol bacteria
bacterial leaf streak,Contaminated irrigation water,Buttermilk spray
bacterial leaf streak,Contaminated irrigation water,Neem Oil
normal,Good crop condition,Maintain field hygiene
normal,Healthy crop,Maintain field hygiene
brown spot,Drought stress,Buttermilk spray
blast,High humidity,Compost tea
bacterial leaf streak,Infected crop residues,Turmeric extract
downy mildew,Fungal infection,Garlic extract
bacterial leaf streak,Warm humid weather,Buttermilk spray
dead heart,Poor pest management,Pheromone traps
bacterial panicle blight,Dense planting,Panchagavya
dead heart,Poor pest management,Pheromone traps
bacterial leaf blight,Xanthomonas oryzae bacteria,Cow urine solution
downy mildew,Fungal infection,Neem oil spray
bacterial leaf streak,Bacterial infection,Neem Oil
hispa,Leaf scraping insects,Soap water spray
downy mildew,Cool humid weather,Garlic extract
bacterial leaf streak,Infected crop residues,Neem Oil
hispa,Dry weather,Neem seed extract
bacterial leaf streak,Contaminated irrigation water,Buttermilk spray
downy mildew,Fungal infection,Milk spray
normal,Good crop condition,No pesticide required
hispa,Rice hispa insect,Chili garlic spray
tungro,Rice tungro virus,Neem seed extract
bacterial leaf streak,Warm humid weather,Turmeric extract
brown spot,Nutrient deficiency,Seaweed extract
blast,High humidity,Trichoderma viride
bacterial leaf streak,Warm humid weather,Biocontrol bacteria
blast,Magnaporthe oryzae fungus,Compost tea
bacterial leaf streak,Infected crop residues,Neem Oil
tungro,Green leafhopper,Garlic spray
bacterial leaf streak,Warm humid weather,Biocontrol bacteria
normal,No infection,Maintain field hygiene
blast,Magnaporthe oryzae fungus,Baking soda spray
downy mildew,Water stagnation,Garlic extract
bacterial panicle blight,Burkholderia bacteria,Panchagavya
downy mildew,Fungal infection,Baking soda spray
blast,Cold night temperature,Neem Oil
bacterial leaf streak,Infected crop residues,Biocontrol bacteria
brown spot,Poor soil fertility,Buttermilk spray
bacterial leaf blight,High humidity and rain,Cow urine solution
normal,Good crop condition,No pesticide required
dead heart,Insect larvae attack,Neem Oil
bacterial leaf blight,Poor field drainage,Pseudomonas Fluorescens
brown spot,Poor soil fertility,Vermicompost tea
bacterial leaf blight,Xanthomonas oryzae bacteria,Neem Oil Spray
bacterial panicle blight,Burkholderia bacteria,Garlic + Chili extract
hispa,Dry weather,Neem Oil
bacterial leaf blight,Infected seeds,Cow urine solution
brown spot,Fungal infection,Vermicompost tea
bacterial leaf blight,Infected seeds,Neem Oil Spray
normal,Good crop condition,Maintain field hygiene
bacterial leaf streak,Warm humid weather,Turmeric extract
bacterial panicle blight,High temperature,Panchagavya
hispa,Dry weather,Neem seed extract
tungro,Green leafhopper,Garlic spray
dead heart,Insect larvae attack,Pheromone traps
hispa,Leaf scraping insects,Neem seed extract
dead heart,Stem borer insect,Pheromone traps
bacterial panicle blight,High humidity,Garlic + Chili extract
normal,No infection,Maintain field hygiene
hispa,Leaf scraping insects,Chili garlic spray
bacterial leaf blight,Infected seeds,Garlic Extract Spray
brown spot,Nutrient deficiency,Neem Oil
dead heart,Insect larvae attack,Pheromone traps
dead heart,Stem borer insect,Neem seed kernel extract
downy mildew,Water stagnation,Neem oil spray
blast,Cold night temperature,Baking soda spray
dead heart,Stem borer insect,Light traps
normal,Healthy crop,Maintain field hygiene
downy mildew,Fungal infection,Garlic extract
normal,No infection,No pesticide required
brown spot,Drought stress,Vermicompost tea
bacterial panicle blight,High humidity,Neem Oil Spray
bacterial leaf blight,High humidity and rain,Garlic Extract Spray
bacterial panicle blight,Burkholderia bacteria,Panchagavya
brown spot,Fungal infection,Seaweed extract
hispa,Dry weather,Soap water spray
blast,Magnaporthe oryzae fungus,Baking soda spray
tungro,Vector transmission,Neem seed extract
brown spot,Drought stress,Buttermilk spray
brown spot,Drought stress,Vermicompost tea
bacterial leaf streak,Warm humid weather,Turmeric extract
bacterial leaf blight,High humidity and rain,Neem Oil Spray
normal,No infection,Maintain field hygiene
tungro,Vector transmission,Neem seed extract
hispa,Dry weather,Neem seed extract
downy mildew,Fungal infection,Baking soda spray
blast,Magnaporthe oryzae fungus,Baking soda spray
blast,Excess nitrogen,Neem Oil
brown spot,Poor soil fertility,Neem Oil
downy mildew,Water stagnation,Garlic extract
dead heart,Insect larvae attack,Light traps
bacterial leaf blight,Poor field drainage,Cow urine solution
bacterial leaf blight,Infected seeds,Garlic Extract Spray
normal,No infection,Use organic fertilizer
normal,Healthy crop,No pesticide required
normal,Good crop condition,Use organic fertilizer
downy mildew,Water stagnation,Milk spray
blast,Excess nitrogen,Compost tea
brown spot,Fungal infection,Neem Oil
tungro,Vector transmission,Yellow sticky traps
normal,Good crop condition,No pesticide required
tungro,Green leafhopper,Yellow sticky traps
dead heart,Stem borer insect,Light traps
hispa,Rice hispa insect,Soap water spray
bacterial leaf streak,Bacterial infection,Turmeric extract
dead heart,Insect larvae attack,Neem Oil
hispa,Leaf scraping insects,Neem seed extract
bacterial leaf blight,Poor field drainage,Cow urine solution
downy mildew,Cool humid weather,Milk spray
tungro,Vector transmission,Garlic spray
bacterial panicle blight,Dense planting,Neem Oil Spray
bacterial panicle blight,Dense planting,Trichoderma spray
bacterial panicle blight,Dense planting,Garlic + Chili extract
normal,No infection,Maintain field hygiene
tungro,Rice tungro virus,Neem Oil
brown spot,Drought stress,Neem Oil
bacterial leaf blight,Xanthomonas oryzae bacteria,Garlic Extract Spray
normal,No infection,No pesticide required
brown spot,Drought stress,Buttermilk spray
bacterial panicle blight,High temperature,Neem Oil Spray
normal,No infection,Maintain field hygiene
downy mildew,Fungal infection,Baking soda spray
bacterial leaf blight,Xanthomonas oryzae bacteria,Cow urine solution
brown spot,Drought stress,Seaweed extract
brown spot,Fungal infection,Neem Oil
bacterial leaf streak,Bacterial infection,Neem Oil
blast,Magnaporthe oryzae fungus,Baking soda spray
downy mildew,Water stagnation,Milk spray
downy mildew,Fungal infection,Baking soda spray
tungro,Rice tungro virus,Neem Oil
tungro,Rice tungro virus,Neem Oil
normal,No infection,Use organic fertilizer
dead heart,Poor pest management,Neem Oil
normal,No infection,Use organic fertilizer
brown spot,Drought stress,Vermicompost tea
blast,Excess nitrogen,Compost tea
tungro,Vector transmission,Neem seed extract
bacterial leaf blight,Infected seeds,Neem Oil Spray
hispa,Leaf scraping insects,Chili garlic spray
bacterial leaf blight,High humidity and rain,Cow urine solution
tungro,Green leafhopper,Yellow sticky traps
downy mildew,Water stagnation,Milk spray
bacterial leaf blight,Infected seeds,Pseudomonas Fluorescens
blast,Magnaporthe oryzae fungus,Trichoderma viride
hispa,Rice hispa insect,Soap water spray
downy mildew,Fungal infection,Milk spray
hispa,Leaf scraping insects,Soap water spray
bacterial leaf streak,Warm humid weather,Buttermilk spray
bacterial panicle blight,Dense planting,Garlic + Chili extract
tungro,Green leafhopper,Yellow sticky traps
blast,Cold night temperature,Neem Oil
normal,No infection,Maintain field hygiene
brown spot,Nutrient deficiency,Vermicompost tea
bacterial leaf blight,Infected seeds,Pseudomonas Fluorescens
blast,Cold night temperature,Trichoderma viride
bacterial leaf blight,Xanthomonas oryzae bacteria,Cow urine solution
normal,Healthy crop,No pesticide required
bacterial leaf blight,Xanthomonas oryzae bacteria,Cow urine solution
downy mildew,Water stagnation,Baking soda spray
bacterial leaf blight,Xanthomonas oryzae bacteria,Pseudomonas Fluorescens
bacterial leaf blight,Poor field drainage,Neem Oil Spray
hispa,Dry weather,Neem seed extract
downy mildew,Cool humid weather,Neem oil spray
hispa,Dry weather,Soap water spray
bacterial leaf blight,High humidity and rain,Cow urine solution
downy mildew,Cool humid weather,Milk spray
downy mildew,Cool humid weather,Milk spray
bacterial leaf blight,Infected seeds,Neem Oil Spray
tungro,Vector transmission,Yellow sticky traps
bacterial leaf blight,Xanthomonas oryzae bacteria,Cow urine solution
bacterial panicle blight,High temperature,Panchagavya
blast,Magnaporthe oryzae fungus,Compost tea
downy mildew,Cool humid weather,Milk spray
dead heart,Stem borer insect,Pheromone traps
tungro,Green leafhopper,Neem seed extract
bacterial leaf streak,Infected crop residues,Neem Oil
downy mildew,Cool humid weather,Baking soda spray
blast,Magnaporthe oryzae fungus,Baking soda spray
brown spot,Drought stress,Vermicompost tea
normal,No infection,No pesticide required
brown spot,Fungal infection,Seaweed extract
blast,High humidity,Baking soda spray
bacterial leaf streak,Contaminated irrigation water,Buttermilk spray
downy mildew,Water stagnation,Garlic extract
dead heart,Poor pest management,Neem Oil
normal,No infection,Use organic fertilizer
dead heart,Insect larvae attack,Pheromone traps
normal,Healthy crop,Use organic fertilizer
bacterial leaf blight,High humidity and rain,Pseudomonas Fluorescens
hispa,Rice hispa insect,Neem seed extract
blast,Magnaporthe oryzae fungus,Compost tea
bacterial leaf streak,Contaminated irrigation water,Buttermilk spray
blast,High humidity,Baking soda spray
downy mildew,Water stagnation,Neem oil spray
tungro,Vector transmission,Garlic spray
brown spot,Poor soil fertility,Buttermilk spray
dead heart,Insect larvae attack,Neem seed kernel extract
blast,Cold night temperature,Compost tea
dead heart,Poor pest management,Light traps
hispa,Dry weather,Neem seed extract
downy mildew,Cool humid weather,Neem oil spray
normal,Healthy crop,Use organic fertilizer
tungro,Green leafhopper,Yellow sticky traps
bacterial panicle blight,Dense planting,Panchagavya
downy mildew,Fungal infection,Baking soda spray
bacterial panicle blight,Burkholderia bacteria,Panchagavya
hispa,Leaf scraping insects,Neem Oil
hispa,Rice hispa insect,Neem seed extract
bacterial panicle blight,Dense planting,Trichoderma spray
downy mildew,Water stagnation,Baking soda spray
bacterial leaf streak,Warm humid weather,Neem Oil
normal,No infection,Maintain field hygiene
tungro,Vector transmission,Yellow sticky traps
bacterial leaf blight,Xanthomonas oryzae bacteria,Cow urine solution
bacterial panicle blight,Burkholderia bacteria,Panchagavya
downy mildew,Cool humid weather,Milk spray
bacterial leaf blight,Poor field drainage,Garlic Extract Spray
tungro,Green leafhopper,Yellow sticky traps
bacterial leaf streak,Bacterial infection,Turmeric extract
bacterial leaf blight,Infected seeds,Garlic Extract Spray
tungro,Green leafhopper,Yellow sticky traps
dead heart,Poor pest management,Neem seed kernel extract
brown spot,Nutrient deficiency,Seaweed extract
dead heart,Poor pest management,Light traps
bacterial leaf streak,Bacterial infection,Biocontrol bacteria
brown spot,Drought stress,Vermicompost tea
downy mildew,Cool humid weather,Garlic extract
downy mildew,Cool humid weather,Baking soda spray
blast,Cold night temperature,Baking soda spray
blast,Excess nitrogen,Neem Oil
downy mildew,Water stagnation,Garlic extract
bacterial leaf blight,High humidity and rain,Pseudomonas Fluorescens
bacterial leaf blight,Poor field drainage,Garlic Extract Spray
bacterial leaf blight,Xanthomonas oryzae bacteria,Garlic Extract Spray
bacterial panicle blight,Burkholderia bacteria,Neem Oil Spray
bacterial leaf streak,Contaminated irrigation water,Biocontrol bacteria
blast,Cold night temperature,Baking soda spray
bacterial panicle blight,Dense planting,Panchagavya
normal,Good crop condition,No pesticide required
bacterial panicle blight,Burkholderia bacteria,Trichoderma spray
blast,Excess nitrogen,Neem Oil
hispa,Dry weather,Neem Oil
downy mildew,Cool humid weather,Milk spray
brown spot,Poor soil fertility,Seaweed extract
hispa,Dry weather,Neem seed extract
bacterial leaf streak,Infected crop residues,Turmeric extract
hispa,Rice hispa insect,Chili garlic spray
bacterial panicle blight,High humidity,Panchagavya
downy mildew,Water stagnation,Neem oil spray
tungro,Green leafhopper,Yellow sticky traps
bacterial panicle blight,Dense planting,Trichoderma spray
blast,Excess nitrogen,Baking soda spray
blast,Magnaporthe oryzae fungus,Neem Oil
hispa,Rice hispa insect,Chili garlic spray
bacterial leaf blight,Infected seeds,Pseudomonas Fluorescens
dead heart,Insect larvae attack,Pheromone traps
brown spot,Nutrient deficiency,Vermicompost tea
hispa,Rice hispa insect,Chili garlic spray
tungro,Green leafhopper,Neem seed extract
dead heart,Poor pest management,Light traps
blast,Cold night temperature,Baking soda spray
downy mildew,Fungal infection,Baking soda spray
bacterial leaf blight,Xanthomonas oryzae bacteria,Neem Oil Spray
dead heart,Stem borer insect,Light traps
normal,Healthy crop,Use organic fertilizer
brown spot,Poor soil fertility,Neem Oil
downy mildew,Cool humid weather,Milk spray
downy mildew,Cool humid weather,Neem oil spray
bacterial leaf streak,Bacterial infection,Turmeric extract
dead heart,Insect larvae attack,Neem seed kernel extract
brown spot,Poor soil fertility,Buttermilk spray
bacterial panicle blight,Burkholderia bacteria,Trichoderma spray
bacterial panicle blight,High humidity,Garlic + Chili extract
blast,Excess nitrogen,Neem Oil
bacterial leaf streak,Warm humid weather,Biocontrol bacteria
bacterial panicle blight,Dense planting,Trichoderma spray
brown spot,Poor soil fertility,Vermicompost tea
bacterial leaf blight,High humidity and rain,Pseudomonas Fluorescens
normal,Healthy crop,Maintain field hygiene
dead heart,Stem borer insect,Neem Oil
normal,No infection,Use organic fertilizer
bacterial leaf streak,Contaminated irrigation water,Biocontrol bacteria
bacterial panicle blight,High humidity,Trichoderma spray
bacterial panicle blight,High humidity,Garlic + Chili extract
hispa,Rice hispa insect,Soap water spray
normal,No infection,Maintain field hygiene
bacterial leaf blight,Infected seeds,Cow urine solution
hispa,Leaf scraping insects,Neem Oil
brown spot,Nutrient deficiency,Seaweed extract
bacterial leaf blight,Xanthomonas oryzae bacteria,Cow urine solution
normal,Healthy crop,Use organic fertilizer
bacterial panicle blight,Dense planting,Trichoderma spray
dead heart,Poor pest management,Neem seed kernel extract
normal,Healthy crop,Use organic fertilizer
hispa,Leaf scraping insects,Neem Oil
tungro,Vector transmission,Neem seed extract
downy mildew,Water stagnation,Garlic extract
downy mildew,Cool humid weather,Garlic extract
brown spot,Fungal infection,Neem Oil
hispa,Leaf scraping insects,Neem Oil
bacterial leaf streak,Infected crop residues,Neem Oil
bacterial leaf blight,Poor field drainage,Neem Oil Spray
bacterial panicle blight,Dense planting,Panchagavya
tungro,Vector transmission,Yellow sticky traps
downy mildew,Cool humid weather,Garlic extract
hispa,Dry weather,Neem seed extract
normal,Good crop condition,Use organic fertilizer
downy mildew,Fungal infection,Neem oil spray
blast,Magnaporthe oryzae fungus,Baking soda spray
blast,Cold night temperature,Neem Oil
hispa,Leaf scraping insects,Neem seed extract
downy mildew,Water stagnation,Garlic extract
bacterial leaf streak,Warm humid weather,Neem Oil
brown spot,Poor soil fertility,Vermicompost tea
blast,High humidity,Compost tea
brown spot,Fungal infection,Vermicompost tea
brown spot,Drought stress,Vermicompost tea
dead heart,Insect larvae attack,Light traps
tungro,Vector transmission,Yellow sticky traps
bacterial leaf streak,Bacterial infection,Turmeric extract
brown spot,Nutrient deficiency,Buttermilk spray
tungro,Vector transmission,Neem seed extract
bacterial leaf blight,Infected seeds,Pseudomonas Fluorescens
blast,Cold night temperature,Baking soda spray
hispa,Leaf scraping insects,Chili garlic spray
brown spot,Nutrient deficiency,Vermicompost tea
tungro,Vector transmission,Neem Oil
hispa,Rice hispa insect,Soap water spray
normal,Good crop condition,Use organic fertilizer
bacterial leaf blight,Poor field drainage,Neem Oil Spray
bacterial leaf streak,Infected crop residues,Biocontrol bacteria
blast,Excess nitrogen,Compost tea
hispa,Dry weather,Neem Oil
blast,Magnaporthe oryzae fungus,Trichoderma viride
blast,Magnaporthe oryzae fungus,Trichoderma viride
bacterial leaf blight,High humidity and rain,Neem Oil Spray
bacterial leaf streak,Bacterial infection,Turmeric extract
brown spot,Poor soil fertility,Neem Oil
normal,Healthy crop,Maintain field hygiene
bacterial leaf blight,Xanthomonas oryzae bacteria,Pseudomonas Fluorescens
tungro,Green leafhopper,Neem Oil
downy mildew,Cool humid weather,Neem oil spray
downy mildew,Fungal infection,Neem oil spray
hispa,Rice hispa insect,Soap water spray
blast,Cold night temperature,Compost tea
brown spot,Drought stress,Buttermilk spray
bacterial leaf blight,Infected seeds,Pseudomonas Fluorescens
dead heart,Stem borer insect,Light traps
bacterial leaf blight,Xanthomonas oryzae bacteria,Garlic Extract Spray
bacterial panicle blight,Burkholderia bacteria,Trichoderma spray
blast,Cold night temperature,Baking soda spray
bacterial leaf blight,Xanthomonas oryzae bacteria,Garlic Extract Spray
normal,Good crop condition,Use organic fertilizer
downy mildew,Fungal infection,Milk spray
hispa,Dry weather,Chili garlic spray
hispa,Leaf scraping insects,Chili garlic spray
bacterial panicle blight,Dense planting,Trichoderma spray
normal,Healthy crop,Use organic fertilizer
bacterial panicle blight,High temperature,Garlic + Chili extract
dead heart,Insect larvae attack,Neem Oil
downy mildew,Water stagnation,Garlic extract
bacterial leaf blight,Infected seeds,Pseudomonas Fluorescens
bacterial leaf streak,Bacterial infection,Turmeric extract
bacterial panicle blight,High temperature,Neem Oil Spray
dead heart,Insect larvae attack,Neem Oil
bacterial leaf streak,Bacterial infection,Turmeric extract
bacterial leaf blight,High humidity and rain,Cow urine solution
hispa,Leaf scraping insects,Neem seed extract
bacterial leaf streak,Contaminated irrigation water,Buttermilk spray
bacterial panicle blight,High humidity,Panchagavya
bacterial leaf blight,Infected seeds,Neem Oil Spray
downy mildew,Cool humid weather,Neem oil spray
bacterial leaf streak,Warm humid weather,Neem Oil
downy mildew,Cool humid weather,Neem oil spray
blast,Cold night temperature,Neem Oil
blast,Cold night temperature,Neem Oil
hispa,Dry weather,Neem seed extract
hispa,Rice hispa insect,Neem Oil
tungro,Green leafhopper,Garlic spray
tungro,Green leafhopper,Garlic spray
tungro,Green leafhopper,Yellow sticky traps
bacterial leaf blight,Poor field drainage,Neem Oil Spray
bacterial panicle blight,High temperature,Trichoderma spray
bacterial panicle blight,High temperature,Trichoderma spray
bacterial leaf blight,Xanthomonas oryzae bacteria,Cow urine solution
bacterial panicle blight,Dense planting,Neem Oil Spray
bacterial panicle blight,High temperature,Garlic + Chili extract
bacterial leaf streak,Infected crop residues,Buttermilk spray
brown spot,Fungal infection,Seaweed extract
bacterial leaf blight,Xanthomonas oryzae bacteria,Pseudomonas Fluorescens
downy mildew,Water stagnation,Milk spray
bacterial leaf streak,Infected crop residues,Neem Oil
downy mildew,Cool humid weather,Milk spray
tungro,Rice tungro virus,Yellow sticky traps
bacterial leaf streak,Contaminated irrigation water,Neem Oil
bacterial leaf blight,High humidity and rain,Neem Oil Spray
bacterial leaf streak,Warm humid weather,Biocontrol bacteria
bacterial leaf streak,Bacterial infection,Neem Oil
tungro,Green leafhopper,Neem seed extract
hispa,Dry weather,Soap water spray
normal,Good crop condition,Use organic fertilizer
blast,Cold night temperature,Neem Oil
downy mildew,Water stagnation,Milk spray
normal,No infection,No pesticide required
dead heart,Insect larvae attack,Neem seed kernel extract
bacterial leaf blight,High humidity and rain,Neem Oil Spray
downy mildew,Water stagnation,Neem oil spray
hispa,Leaf scraping insects,Neem seed extract
hispa,Dry weather,Neem Oil
hispa,Dry weather,Soap water spray
brown spot,Drought stress,Vermicompost tea
dead heart,Poor pest management,Pheromone traps
tungro,Vector transmission,Neem Oil
brown spot,Nutrient deficiency,Neem Oil
hispa,Dry weather,Chili garlic spray
tungro,Rice tungro virus,Neem Oil
blast,High humidity,Baking soda spray
brown spot,Nutrient deficiency,Seaweed extract
dead heart,Insect larvae attack,Neem seed kernel extract
brown spot,Fungal infection,Vermicompost tea
bacterial leaf blight,Infected seeds,Cow urine solution
brown spot,Fungal infection,Buttermilk spray
brown spot,Fungal infection,Seaweed extract
blast,Excess nitrogen,Baking soda spray
bacterial panicle blight,High humidity,Garlic + Chili extract
normal,Healthy crop,No pesticide required
bacterial panicle blight,High temperature,Neem Oil Spray
hispa,Leaf scraping insects,Neem seed extract
bacterial panicle blight,Burkholderia bacteria,Trichoderma spray
bacterial leaf streak,Contaminated irrigation water,Turmeric extract
hispa,Leaf scraping insects,Soap water spray
hispa,Rice hispa insect,Soap water spray
bacterial leaf blight,High humidity and rain,Garlic Extract Spray
bacterial panicle blight,High humidity,Panchagavya
downy mildew,Cool humid weather,Baking soda spray
hispa,Leaf scraping insects,Neem seed extract
dead heart,Stem borer insect,Pheromone traps
brown spot,Poor soil fertility,Buttermilk spray
hispa,Rice hispa insect,Neem seed extract
brown spot,Nutrient deficiency,Buttermilk spray
brown spot,Drought stress,Vermicompost tea
bacterial leaf streak,Contaminated irrigation water,Turmeric extract
hispa,Rice hispa insect,Neem Oil
blast,High humidity,Trichoderma viride
dead heart,Stem borer insect,Pheromone traps
dead heart,Insect larvae attack,Neem Oil
downy mildew,Water stagnation,Milk spray
bacterial panicle blight,Dense planting,Trichoderma spray
bacterial leaf streak,Infected crop residues,Biocontrol bacteria
bacterial panicle blight,Burkholderia bacteria,Trichoderma spray
blast,Excess nitrogen,Compost tea
dead heart,Insect larvae attack,Light traps
dead heart,Stem borer insect,Neem seed kernel extract
dead heart,Insect larvae attack,Light traps
dead heart,Poor pest management,Neem seed kernel extract
bacterial leaf streak,Bacterial infection,Neem Oil
bacterial panicle blight,Burkholderia bacteria,Garlic + Chili extract
downy mildew,Fungal infection,Garlic extract
tungro,Green leafhopper,Yellow sticky traps
bacterial panicle blight,Dense planting,Panchagavya
hispa,Dry weather,Soap water spray
brown spot,Nutrient deficiency,Neem Oil
downy mildew,Water stagnation,Neem oil spray
downy mildew,Water stagnation,Baking soda spray
hispa,Dry weather,Neem Oil
downy mildew,Fungal infection,Baking soda spray
bacterial leaf blight,Infected seeds,Pseudomonas Fluorescens
normal,No infection,No pesticide required
bacterial panicle blight,High humidity,Garlic + Chili extract
bacterial panicle blight,High humidity,Panchagavya
brown spot,Drought stress,Neem Oil
bacterial panicle blight,High humidity,Garlic + Chili extract
brown spot,Fungal infection,Seaweed extract
bacterial panicle blight,Dense planting,Panchagavya
bacterial leaf streak,Contaminated irrigation water,Biocontrol bacteria
downy mildew,Fungal infection,Neem oil spray
blast,High humidity,Baking soda spray
normal,No infection,Maintain field hygiene
bacterial leaf streak,Warm humid weather,Biocontrol bacteria
blast,High humidity,Baking soda spray
hispa,Dry weather,Soap water spray
brown spot,Fungal infection,Neem Oil
downy mildew,Cool humid weather,Milk spray
dead heart,Poor pest management,Light traps
tungro,Vector transmission,Yellow sticky traps
normal,No infection,No pesticide required
dead heart,Stem borer insect,Neem Oil
brown spot,Fungal infection,Buttermilk spray
brown spot,Nutrient deficiency,Seaweed extract
normal,Good crop condition,Maintain field hygiene
hispa,Leaf scraping insects,Neem seed extract
bacterial leaf streak,Infected crop residues,Neem Oil
normal,Healthy crop,No pesticide required
blast,Excess nitrogen,Baking soda spray
tungro,Rice tungro virus,Neem Oil
bacterial leaf streak,Contaminated irrigation water,Buttermilk spray
normal,Good crop condition,Maintain field hygiene
bacterial leaf streak,Bacterial infection,Biocontrol bacteria
bacterial panicle blight,Burkholderia bacteria,Neem Oil Spray
tungro,Vector transmission,Neem seed extract
downy mildew,Cool humid weather,Baking soda spray
normal,No infection,No pesticide required
hispa,Rice hispa insect,Neem Oil
dead heart,Stem borer insect,Light traps
hispa,Rice hispa insect,Chili garlic spray
tungro,Green leafhopper,Garlic spray
dead heart,Poor pest management,Light traps
downy mildew,Cool humid weather,Baking soda spray
tungro,Green leafhopper,Garlic spray
bacterial leaf streak,Warm humid weather,Turmeric extract
blast,Cold night temperature,Baking soda spray
downy mildew,Fungal infection,Neem oil spray
normal,Healthy crop,Use organic fertilizer
blast,Magnaporthe oryzae fungus,Compost tea
bacterial leaf streak,Warm humid weather,Biocontrol bacteria
blast,Magnaporthe oryzae fungus,Compost tea
blast,Cold night temperature,Compost tea
blast,Cold night temperature,Compost tea
bacterial panicle blight,Dense planting,Trichoderma spray
blast,Cold night temperature,Neem Oil
tungro,Rice tungro virus,Neem seed extract
hispa,Dry weather,Chili garlic spray
dead heart,Poor pest management,Neem Oil
brown spot,Fungal infection,Buttermilk spray
bacterial leaf blight,Xanthomonas oryzae bacteria,Neem Oil Spray
bacterial leaf streak,Contaminated irrigation water,Turmeric extract
downy mildew,Cool humid weather,Neem oil spray
tungro,Vector transmission,Neem seed extract
bacterial leaf blight,Xanthomonas oryzae bacteria,Garlic Extract Spray
dead heart,Insect larvae attack,Pheromone traps
dead heart,Stem borer insect,Pheromone traps
normal,No infection,No pesticide required
bacterial panicle blight,High humidity,Garlic + Chili extract
dead heart,Stem borer insect,Neem Oil
bacterial leaf streak,Contaminated irrigation water,Buttermilk spray
normal,No infection,Use organic fertilizer
normal,No infection,Use organic fertilizer
downy mildew,Fungal infection,Garlic extract
downy mildew,Cool humid weather,Garlic extract
bacterial leaf blight,Poor field drainage,Cow urine solution
hispa,Dry weather,Neem Oil
bacterial panicle blight,Burkholderia bacteria,Neem Oil Spray
blast,Magnaporthe oryzae fungus,Neem Oil
hispa,Dry weather,Neem Oil
blast,Excess nitrogen,Neem Oil
downy mildew,Cool humid weather,Baking soda spray
normal,No infection,No pesticide required
hispa,Rice hispa insect,Neem Oil
tungro,Rice tungro virus,Neem seed extract
bacterial panicle blight,Burkholderia bacteria,Panchagavya
brown spot,Drought stress,Seaweed extract
brown spot,Nutrient deficiency,Seaweed extract
normal,No infection,No pesticide required
downy mildew,Cool humid weather,Milk spray
downy mildew,Cool humid weather,Milk spray
downy mildew,Cool humid weather,Garlic extract
downy mildew,Cool humid weather,Garlic extract
bacterial leaf blight,High humidity and rain,Neem Oil Spray
brown spot,Fungal infection,Neem Oil
bacterial leaf blight,High humidity and rain,Pseudomonas Fluorescens
blast,High humidity,Neem Oil
bacterial leaf blight,Infected seeds,Garlic Extract Spray
bacterial leaf blight,Xanthomonas oryzae bacteria,Neem Oil Spray
normal,Good crop condition,Maintain field hygiene
brown spot,Drought stress,Seaweed extract
brown spot,Fungal infection,Neem Oil
downy mildew,Fungal infection,Neem oil spray
tungro,Rice tungro virus,Neem Oil
bacterial leaf streak,Contaminated irrigation water,Neem Oil
tungro,Rice tungro virus,Neem seed extract
tungro,Green leafhopper,Neem Oil
dead heart,Poor pest management,Neem Oil
brown spot,Poor soil fertility,Vermicompost tea
normal,No infection,Use organic fertilizer
tungro,Rice tungro virus,Neem seed extract
bacterial leaf blight,High humidity and rain,Neem Oil Spray
bacterial leaf streak,Infected crop residues,Turmeric extract
dead heart,Stem borer insect,Neem Oil
bacterial leaf streak,Contaminated irrigation water,Buttermilk spray
dead heart,Poor pest management,Neem seed kernel extract
bacterial panicle blight,High humidity,Panchagavya
downy mildew,Water stagnation,Milk spray
bacterial panicle blight,High temperature,Neem Oil Spray
bacterial leaf streak,Contaminated irrigation water,Biocontrol bacteria
downy mildew,Fungal infection,Milk spray
bacterial leaf streak,Contaminated irrigation water,Biocontrol bacteria
normal,Good crop condition,Maintain field hygiene
bacterial leaf streak,Bacterial infection,Biocontrol bacteria
downy mildew,Water stagnation,Garlic extract
bacterial leaf streak,Infected crop residues,Biocontrol bacteria
bacterial panicle blight,High humidity,Trichoderma spray
bacterial leaf blight,High humidity and rain,Garlic Extract Spray
normal,Good crop condition,No pesticide required
hispa,Leaf scraping insects,Chili garlic spray
blast,Magnaporthe oryzae fungus,Neem Oil
dead heart,Stem borer insect,Neem Oil
blast,Cold night temperature,Trichoderma viride
blast,Cold night temperature,Baking soda spray
brown spot,Poor soil fertility,Buttermilk spray
brown spot,Fungal infection,Vermicompost tea
brown spot,Nutrient deficiency,Buttermilk spray
brown spot,Drought stress,Neem Oil
hispa,Leaf scraping insects,Neem seed extract
brown spot,Poor soil fertility,Buttermilk spray
bacterial leaf blight,High humidity and rain,Cow urine solution
normal,Good crop condition,No pesticide required
bacterial leaf blight,Xanthomonas oryzae bacteria,Cow urine solution
dead heart,Insect larvae attack,Light traps
bacterial leaf streak,Bacterial infection,Neem Oil
brown spot,Poor soil fertility,Neem Oil
normal,No infection,Maintain field hygiene
downy mildew,Fungal infection,Milk spray
bacterial leaf blight,High humidity and rain,Pseudomonas Fluorescens
downy mildew,Water stagnation,Garlic extract
normal,Healthy crop,Use organic fertilizer
normal,No infection,Use organic fertilizer
normal,Good crop condition,Use organic fertilizer
normal,No infection,Maintain field hygiene
brown spot,Nutrient deficiency,Neem Oil
hispa,Dry weather,Neem Oil
blast,Magnaporthe oryzae fungus,Neem Oil
brown spot,Poor soil fertility,Vermicompost tea
bacterial leaf blight,Poor field drainage,Garlic Extract Spray
brown spot,Nutrient deficiency,Neem Oil
normal,Good crop condition,Use organic fertilizer
bacterial panicle blight,Dense planting,Neem Oil Spray
blast,Cold night temperature,Neem Oil
bacterial panicle blight,High temperature,Neem Oil Spray
bacterial leaf blight,Poor field drainage,Neem Oil Spray
blast,Cold night temperature,Baking soda spray
bacterial panicle blight,Dense planting,Trichoderma spray
bacterial leaf blight,Xanthomonas oryzae bacteria,Neem Oil Spray
tungro,Green leafhopper,Neem Oil
bacterial panicle blight,Burkholderia bacteria,Panchagavya
blast,Magnaporthe oryzae fungus,Trichoderma viride
downy mildew,Water stagnation,Garlic extract
bacterial leaf streak,Bacterial infection,Buttermilk spray
tungro,Rice tungro virus,Yellow sticky traps
dead heart,Stem borer insect,Pheromone traps
normal,No infection,Maintain field hygiene
normal,Healthy crop,Maintain field hygiene
tungro,Vector transmission,Garlic spray
downy mildew,Fungal infection,Garlic extract
dead heart,Insect larvae attack,Pheromone traps
bacterial panicle blight,Dense planting,Trichoderma spray
downy mildew,Cool humid weather,Neem oil spray
blast,Excess nitrogen,Neem Oil
dead heart,Stem borer insect,Pheromone traps
normal,Good crop condition,No pesticide required
downy mildew,Fungal infection,Baking soda spray
bacterial leaf streak,Infected crop residues,Buttermilk spray
bacterial panicle blight,Dense planting,Trichoderma spray
bacterial leaf streak,Contaminated irrigation water,Buttermilk spray
blast,Excess nitrogen,Neem Oil
blast,Excess nitrogen,Trichoderma viride
dead heart,Insect larvae attack,Light traps
normal,No infection,Maintain field hygiene
blast,Magnaporthe oryzae fungus,Neem Oil
blast,Magnaporthe oryzae fungus,Baking soda spray
bacterial leaf blight,Xanthomonas oryzae bacteria,Cow urine solution
tungro,Green leafhopper,Garlic spray
brown spot,Nutrient deficiency,Neem Oil
blast,Excess nitrogen,Baking soda spray
brown spot,Fungal infection,Buttermilk spray
tungro,Rice tungro virus,Garlic spray
dead heart,Insect larvae attack,Pheromone traps
bacterial leaf blight,Infected seeds,Pseudomonas Fluorescens
hispa,Leaf scraping insects,Neem Oil
downy mildew,Cool humid weather,Garlic extract
downy mildew,Cool humid weather,Garlic extract
bacterial leaf blight,Xanthomonas oryzae bacteria,Garlic Extract Spray
tungro,Rice tungro virus,Neem seed extract
downy mildew,Water stagnation,Garlic extract
normal,Good crop condition,Maintain field hygiene
dead heart,Poor pest management,Neem Oil
hispa,Leaf scraping insects,Neem Oil
bacterial leaf blight,Poor field drainage,Cow urine solution
bacterial leaf blight,Poor field drainage,Pseudomonas Fluorescens
hispa,Dry weather,Soap water spray
bacterial panicle blight,Burkholderia bacteria,Panchagavya
bacterial leaf streak,Contaminated irrigation water,Biocontrol bacteria
dead heart,Stem borer insect,Light traps
bacterial leaf streak,Contaminated irrigation water,Turmeric extract
hispa,Rice hispa insect,Neem seed extract
bacterial leaf streak,Bacterial infection,Neem Oil
downy mildew,Cool humid weather,Baking soda spray
bacterial leaf blight,Infected seeds,Neem Oil Spray
dead heart,Insect larvae attack,Neem Oil
dead heart,Insect larvae attack,Neem seed kernel extract
normal,Good crop condition,Maintain field hygiene
bacterial panicle blight,High temperature,Trichoderma spray
tungro,Rice tungro virus,Garlic spray
bacterial leaf streak,Infected crop residues,Neem Oil
brown spot,Fungal infection,Vermicompost tea
brown spot,Poor soil fertility,Neem Oil
bacterial panicle blight,High temperature,Garlic + Chili extract
downy mildew,Cool humid weather,Garlic extract
hispa,Rice hispa insect,Chili garlic spray
bacterial leaf streak,Bacterial infection,Biocontrol bacteria
dead heart,Stem borer insect,Light traps
tungro,Green leafhopper,Garlic spray
dead heart,Stem borer insect,Light traps
normal,No infection,Maintain field hygiene
blast,Magnaporthe oryzae fungus,Neem Oil
hispa,Leaf scraping insects,Neem seed extract
dead heart,Stem borer insect,Neem Oil
hispa,Rice hispa insect,Neem seed extract
bacterial panicle blight,High humidity,Garlic + Chili extract
bacterial leaf streak,Contaminated irrigation water,Neem Oil
hispa,Rice hispa insect,Neem Oil
downy mildew,Fungal infection,Baking soda spray
bacterial panicle blight,Burkholderia bacteria,Garlic + Chili extract
hispa,Leaf scraping insects,Chili garlic spray
bacterial panicle blight,High temperature,Panchagavya
downy mildew,Water stagnation,Milk spray
dead heart,Stem borer insect,Neem seed kernel extract
downy mildew,Water stagnation,Neem oil spray
bacterial leaf streak,Infected crop residues,Neem Oil
tungro,Green leafhopper,Yellow sticky traps
downy mildew,Cool humid weather,Milk spray
tungro,Vector transmission,Neem Oil
bacterial leaf blight,High humidity and rain,Pseudomonas Fluorescens
hispa,Rice hispa insect,Soap water spray
downy mildew,Fungal infection,Neem oil spray
bacterial leaf blight,Xanthomonas oryzae bacteria,Cow urine solution
dead heart,Insect larvae attack,Neem seed kernel extract
hispa,Rice hispa insect,Neem seed extract
hispa,Leaf scraping insects,Neem Oil
bacterial leaf streak,Bacterial infection,Neem Oil
dead heart,Stem borer insect,Neem seed kernel extract
tungro,Vector transmission,Neem seed extract
normal,Healthy crop,No pesticide required
bacterial panicle blight,Burkholderia bacteria,Neem Oil Spray
blast,Magnaporthe oryzae fungus,Neem Oil
dead heart,Poor pest management,Neem seed kernel extract
downy mildew,Water stagnation,Garlic extract
normal,Healthy crop,Use organic fertilizer
dead heart,Stem borer insect,Neem seed kernel extract
blast,High humidity,Compost tea
bacterial leaf blight,Infected seeds,Garlic Extract Spray
bacterial leaf streak,Warm humid weather,Neem Oil
bacterial leaf streak,Bacterial infection,Biocontrol bacteria
bacterial panicle blight,Burkholderia bacteria,Trichoderma spray
bacterial leaf blight,Xanthomonas oryzae bacteria,Neem Oil Spray
normal,Good crop condition,Use organic fertilizer
bacterial leaf blight,Xanthomonas oryzae bacteria,Garlic Extract Spray
bacterial leaf streak,Bacterial infection,Neem Oil
bacterial leaf streak,Infected crop residues,Buttermilk spray
bacterial panicle blight,High humidity,Panchagavya
bacterial panicle blight,High humidity,Panchagavya
hispa,Leaf scraping insects,Soap water spray
brown spot,Drought stress,Buttermilk spray
bacterial leaf blight,High humidity and rain,Neem Oil Spray
normal,Healthy crop,No pesticide required
hispa,Dry weather,Neem seed extract
hispa,Dry weather,Chili garlic spray
downy mildew,Cool humid weather,Baking soda spray
dead heart,Poor pest management,Pheromone traps
hispa,Rice hispa insect,Soap water spray
blast,High humidity,Baking soda spray
tungro,Rice tungro virus,Yellow sticky traps
blast,Excess nitrogen,Trichoderma viride
dead heart,Insect larvae attack,Light traps
bacterial leaf blight,Xanthomonas oryzae bacteria,Cow urine solution
blast,Cold night temperature,Baking soda spray
tungro,Rice tungro virus,Neem seed extract
brown spot,Poor soil fertility,Vermicompost tea
hispa,Rice hispa insect,Chili garlic spray
bacterial leaf blight,High humidity and rain,Neem Oil Spray
bacterial panicle blight,Dense planting,Neem Oil Spray
hispa,Dry weather,Neem seed extract
downy mildew,Cool humid weather,Milk spray
bacterial leaf blight,Infected seeds,Pseudomonas Fluorescens
bacterial leaf blight,High humidity and rain,Neem Oil Spray
blast,Magnaporthe oryzae fungus,Neem Oil
bacterial leaf blight,Infected seeds,Garlic Extract Spray
brown spot,Poor soil fertility,Vermicompost tea
downy mildew,Cool humid weather,Garlic extract
bacterial leaf streak,Infected crop residues,Neem Oil
dead heart,Insect larvae attack,Pheromone traps
blast,High humidity,Compost tea
brown spot,Fungal infection,Seaweed extract
bacterial leaf streak,Bacterial infection,Biocontrol bacteria
bacterial panicle blight,High humidity,Trichoderma spray
hispa,Leaf scraping insects,Neem Oil
dead heart,Poor pest management,Neem Oil
downy mildew,Fungal infection,Neem oil spray
brown spot,Drought stress,Buttermilk spray
normal,No infection,No pesticide required
normal,Good crop condition,No pesticide required
tungro,Vector transmission,Yellow sticky traps
hispa,Rice hispa insect,Soap water spray
brown spot,Drought stress,Vermicompost tea
tungro,Green leafhopper,Neem Oil
blast,High humidity,Trichoderma viride
dead heart,Poor pest management,Pheromone traps
hispa,Leaf scraping insects,Chili garlic spray
dead heart,Insect larvae attack,Light traps
hispa,Rice hispa insect,Chili garlic spray
hispa,Dry weather,Chili garlic spray
brown spot,Drought stress,Vermicompost tea
brown spot,Fungal infection,Neem Oil
bacterial panicle blight,High humidity,Panchagavya
downy mildew,Water stagnation,Milk spray
bacterial panicle blight,High humidity,Garlic + Chili extract
tungro,Vector transmission,Neem Oil
normal,No infection,No pesticide required
dead heart,Insect larvae attack,Neem Oil
normal,Good crop condition,Use organic fertilizer
bacterial leaf streak,Warm humid weather,Buttermilk spray
brown spot,Nutrient deficiency,Neem Oil
blast,High humidity,Baking soda spray
bacterial leaf blight,Xanthomonas oryzae bacteria,Pseudomonas Fluorescens
dead heart,Poor pest management,Light traps
brown spot,Fungal infection,Vermicompost tea
blast,Cold night temperature,Baking soda spray
normal,Healthy crop,Use organic fertilizer
bacterial leaf blight,Infected seeds,Garlic Extract Spray
dead heart,Poor pest management,Neem Oil
bacterial leaf blight,High humidity and rain,Pseudomonas Fluorescens
blast,High humidity,Compost tea
dead heart,Stem borer insect,Neem seed kernel extract
bacterial panicle blight,High humidity,Panchagavya
bacterial leaf streak,Contaminated irrigation water,Neem Oil
hispa,Rice hispa insect,Chili garlic spray
bacterial panicle blight,Dense planting,Trichoderma spray
hispa,Rice hispa insect,Soap water spray
brown spot,Fungal infection,Seaweed extract
downy mildew,Fungal infection,Baking soda spray
brown spot,Poor soil fertility,Buttermilk spray
downy mildew,Water stagnation,Milk spray
dead heart,Insect larvae attack,Pheromone traps
downy mildew,Cool humid weather,Garlic extract
bacterial leaf blight,Xanthomonas oryzae bacteria,Neem Oil Spray
bacterial leaf streak,Infected crop residues,Turmeric extract
bacterial leaf streak,Bacterial infection,Turmeric extract
bacterial panicle blight,High humidity,Garlic + Chili extract
bacterial leaf blight,Poor field drainage,Neem Oil Spray
hispa,Dry weather,Soap water spray
normal,Healthy crop,Use organic fertilizer
bacterial panicle blight,High temperature,Neem Oil Spray
brown spot,Drought stress,Neem Oil
tungro,Rice tungro virus,Neem Oil
blast,Magnaporthe oryzae fungus,Neem Oil
normal,No infection,No pesticide required
hispa,Rice hispa insect,Neem Oil
blast,High humidity,Neem Oil
bacterial leaf streak,Bacterial infection,Neem Oil
bacterial leaf streak,Bacterial infection,Neem Oil
bacterial leaf streak,Bacterial infection,Neem Oil
tungro,Vector transmission,Garlic spray
bacterial panicle blight,High humidity,Panchagavya
dead heart,Insect larvae attack,Neem Oil
tungro,Green leafhopper,Yellow sticky traps
bacterial leaf streak,Warm humid weather,Buttermilk spray
bacterial leaf blight,Xanthomonas oryzae bacteria,Garlic Extract Spray
hispa,Rice hispa insect,Neem Oil
blast,Excess nitrogen,Baking soda spray
bacterial leaf blight,Poor field drainage,Garlic Extract Spray
normal,No infection,Maintain field hygiene
blast,Cold night temperature,Compost tea
tungro,Rice tungro virus,Garlic spray
dead heart,Stem borer insect,Pheromone traps
brown spot,Drought stress,Buttermilk spray
brown spot,Fungal infection,Vermicompost tea
bacterial panicle blight,High humidity,Neem Oil Spray
downy mildew,Water stagnation,Garlic extract
tungro,Vector transmission,Neem Oil
tungro,Vector transmission,Neem seed extract
downy mildew,Cool humid weather,Milk spray
downy mildew,Fungal infection,Garlic extract
downy mildew,Fungal infection,Baking soda spray
downy mildew,Fungal infection,Milk spray
bacterial panicle blight,High temperature,Neem Oil Spray
bacterial leaf streak,Contaminated irrigation water,Buttermilk spray
blast,High humidity,Compost tea
brown spot,Poor soil fertility,Vermicompost tea
brown spot,Poor soil fertility,Buttermilk spray
tungro,Rice tungro virus,Yellow sticky traps
hispa,Rice hispa insect,Chili garlic spray
tungro,Vector transmission,Garlic spray
hispa,Dry weather,Neem seed extract
normal,No infection,No pesticide required
hispa,Rice hispa insect,Neem seed extract
blast,Cold night temperature,Baking soda spray
brown spot,Nutrient deficiency,Neem Oil
tungro,Rice tungro virus,Neem Oil
hispa,Dry weather,Neem Oil
bacterial panicle blight,Burkholderia bacteria,Garlic + Chili extract
blast,High humidity,Baking soda spray
blast,Excess nitrogen,Trichoderma viride
blast,High humidity,Trichoderma viride
bacterial panicle blight,High humidity,Panchagavya
tungro,Vector transmission,Neem Oil
bacterial leaf streak,Infected crop residues,Turmeric extract
normal,Good crop condition,Use organic fertilizer
normal,Good crop condition,Maintain field hygiene
tungro,Vector transmission,Neem seed extract
dead heart,Poor pest management,Light traps
bacterial leaf streak,Bacterial infection,Buttermilk spray
bacterial leaf blight,High humidity and rain,Cow urine solution
blast,Magnaporthe oryzae fungus,Trichoderma viride
dead heart,Insect larvae attack,Neem seed kernel extract
dead heart,Insect larvae attack,Pheromone traps
downy mildew,Cool humid weather,Baking soda spray
downy mildew,Water stagnation,Garlic extract
brown spot,Nutrient deficiency,Buttermilk spray
brown spot,Fungal infection,Seaweed extract
bacterial leaf blight,Infected seeds,Garlic Extract Spray
bacterial leaf streak,Infected crop residues,Neem Oil
blast,Cold night temperature,Baking soda spray
dead heart,Insect larvae attack,Neem Oil
brown spot,Nutrient deficiency,Neem Oil
bacterial panicle blight,Burkholderia bacteria,Neem Oil Spray
normal,No infection,No pesticide required
normal,No infection,Maintain field hygiene
downy mildew,Cool humid weather,Garlic extract
hispa,Rice hispa insect,Neem Oil
dead heart,Poor pest management,Neem Oil
dead heart,Poor pest management,Pheromone traps
bacterial leaf streak,Infected crop residues,Neem Oil
bacterial leaf streak,Contaminated irrigation water,Biocontrol bacteria
dead heart,Poor pest management,Neem seed kernel extract
brown spot,Fungal infection,Vermicompost tea
blast,Excess nitrogen,Baking soda spray
bacterial leaf blight,Poor field drainage,Garlic Extract Spray
