days,temperature,soil_moisture,water_level,expected_growth
107,31.948144802903492,39.17173949330819,40.08609501227462,76.42
91,20.871254182522993,73.30880728874675,32.0501755284444,75.97
28,29.763327094232793,32.82057895135501,37.48994475200711,47.48
46,20.699984948204232,78.68777594207296,15.474710319363691,53.8
66,31.777639420895206,39.98368910791799,28.140549728612523,61.65
55,30.204613078816696,52.524962598477146,5.596923252193994,57.61
93,34.484480496118394,70.41986740582306,18.70761961280168,81.13
115,30.248952782381874,60.49983288913104,42.4937710281274,84.68
39,33.639806031181735,42.93899908000085,34.81350279592919,56.94
110,28.51550491729987,31.56566462277793,42.90281485677493,71.72
48,34.09248412346284,74.74136752138244,31.905499046498832,65.53
86,28.095381985836198,59.33755828319241,48.43648882688621,71.51
64,28.14044124737373,37.04621124873813,41.098864133931784,58.98
92,20.211197340726265,39.94212020444026,37.01038787368925,65.13
39,31.569055200289185,33.70223258670452,21.130957784492267,47.48
52,25.562273782973996,63.44206263318036,34.96650604778735,61.95
48,29.563362070328196,74.36063712881634,26.24967163228772,63.7
5,30.8259428174731,41.79924598744779,16.523074524259577,38.05
31,27.840992440729913,51.37705091792748,6.143860703484283,44.05
100,30.43274129639191,36.96657272029378,32.198782067501774,75.5
19,31.33326707814573,41.43990827458112,8.464095942295685,41.73
70,29.3653107220069,44.781684291885696,9.747241692362177,59.65
32,32.05508115348672,39.32850294430179,45.165154932049,56.19
96,25.344467571154624,75.3414220772877,17.24595122230859,75.65
31,26.406616829393844,70.90073829612466,43.732876246535454,56.27
13,27.272449570384747,64.62180164451351,17.123555020933466,44.62
28,34.14364555868779,46.160146601037766,28.345577978451473,51.02
117,23.80873120901517,42.34380314193006,36.333692277790476,78.84
7,24.513174647251546,44.24202471887338,6.659912630953976,34.24
58,20.495760993508227,47.25356240133415,33.54581051156137,58.47
6,27.964018749757045,52.38915822865458,29.880189008209758,40.53
60,23.564563159885996,66.41081743059297,21.550240972366396,60.02
102,29.50294566141342,56.788734203737924,9.063039652448374,73.87
74,30.43719210186323,72.917940240686,19.66815073408481,73.28
40,20.248817433917843,55.60465291496405,15.192309883907209,44.25
37,25.963580316312836,55.887567526374006,42.69695476582976,55.04
15,25.115995265753877,35.67367606202946,46.61121282253532,40.54
20,32.25833300301824,57.760040579973115,28.83427602602029,52.68
6,34.94380549636887,78.27096756443967,30.123205412319393,53.85
109,25.238143619189913,66.29778394351197,45.36996169786597,82.08
28,26.06762190683285,74.38850493804799,43.29178019453807,57.45
116,21.522073142990482,63.17508845540279,5.227771273079841,77.97
114,28.231006840498793,64.59475988463467,34.338256677617025,85.25
37,27.40840572775152,38.94113546106644,21.491095306228697,45.93
12,32.738351157412666,62.88064461501717,30.573887150096223,50.21
26,23.659844650686253,78.65052773762227,22.689397610004217,49.59
58,33.59148181577831,51.71971827552143,20.753528346260406,65.95
101,22.928644816970667,66.12260576307526,17.63475630983851,75.21
39,31.528310214594633,32.18018858772169,49.754772985880344,50.81
10,25.552380503831664,30.77283082644337,46.77433531644764,38.16
117,28.29147450253235,58.614623458541914,49.11492126722206,85.17
36,32.76705007275285,45.84610025781389,12.627173600874162,51.22
29,25.920372002142084,72.21065703631557,46.85075756648743,53.67
31,24.42935882628408,46.12753821193003,43.19014077161035,51.18
13,30.53726125980664,47.97455756098776,18.2116329919022,44.74
29,29.17270566298521,34.07970902001202,5.233318824829405,43.82
40,31.974427684501627,62.49819653888826,36.588509476596656,61.16
91,20.41425157810557,58.943244775377934,24.731335535813912,66.98
67,20.53913410695113,53.27990090662301,29.419008561840947,58.99
90,23.75377040773796,31.94173672147116,18.646948160295025,58.06
111,21.90590768977827,56.11216300274022,39.64970988943749,77.45
72,32.63034612517972,39.71900169974365,23.510925727550536,62.22
103,29.5614485224731,66.30456668613309,48.91334357581406,79.56
21,25.98231352167192,51.6760368790371,38.48191893496019,47.2
94,20.380261151231863,78.13242073389625,42.61910542304926,73.59
62,33.72820591439721,52.11761148655522,15.790431162083145,67.4
52,22.74298995660961,76.73069986698549,33.72217672295076,64.9
73,29.175811193515283,50.980003121389494,16.147894527552086,64.51
20,22.379696714637365,36.00823239028211,20.38458500223807,38.36
104,22.598028048650228,51.69258246189865,22.932713047881805,72.04
14,34.23718597387079,74.33401936490237,16.74021305037713,59.76
113,22.444016406221444,33.52843737002149,33.9088675192842,71.14
117,33.007984003325056,61.820179872300564,41.042718260707986,90.47
37,26.873793357372747,57.280839465796745,47.36591639494363,59.49
71,32.30640265656902,62.5742385928894,14.300796194453543,66.72
50,20.273327384773246,34.72214803779642,35.73530480373606,46.36
85,29.835839530711134,49.26983104827825,35.67261510377554,68.81
11,21.772472414324845,64.83685826820754,33.302428105094776,40.82
33,20.587794900134693,50.89730158577893,48.541124818411134,43.59
28,32.10252108900896,79.52525710003366,23.567795461014192,61.68
86,23.75024673824157,59.02720061719549,44.02024732443749,67.39
59,31.26306601687246,67.72714370423412,9.640574097616968,64.76
21,28.01491210295845,54.82805953415388,22.532813879864158,45.67
104,20.162564772204476,75.26909882096318,9.10790045537601,72.12
75,34.35201327689684,63.83849522121516,26.71344273391891,71.99
73,24.39816157547097,46.4332272684958,35.26333052346673,61.94
104,34.192918143225356,69.06480252356013,10.105907090785161,83.19
79,21.756005246414087,37.149584102641796,39.26797842728625,63.58
112,33.00303057966262,71.92403818819926,24.17411637711235,86.2
31,30.593633407347443,34.06743903209499,8.817697133833637,42.45
87,28.719581258401735,73.1569260994502,44.61619858872876,78.99
49,31.300672778884124,48.81297927654579,8.757532251440095,55.33
65,25.669813851833815,65.254218214833,16.19258694936296,60.58
49,20.170304671511285,53.43303209970631,7.5336474056826805,44.02
96,31.507922796628577,71.13951759383465,38.48952456244841,80.16
67,27.165723363203416,34.14456608466771,28.776655458374414,59.56
10,32.03163873540101,78.89503343771355,30.020226738916303,52.82
89,34.894471941789504,33.68982823676994,29.923442798059437,71.77
24,21.131518206346538,38.31077159546265,14.756409796392106,35.3
91,20.681695705121868,44.04815947961151,47.76851678344514,69.62
76,25.917826979121948,35.33780329679422,20.104702915863342,60.11
12,25.30028342039079,59.1828055925436,8.498058663424317,38.43
45,23.89924794281394,52.66204234144155,6.454217799934271,47.71
81,30.27096758830819,38.130846967244565,45.99172330222291,65.8
10,34.246998699378864,66.28597541941801,32.60368381711054,53.76
118,28.27381808816105,38.241713056850045,23.506480246341606,76.74
69,27.205551227995322,79.26430253327521,21.953253647207333,67.79
63,32.63178384703563,71.91643523555689,26.09119219077366,72.92
103,22.0077817820095,30.683598241349863,8.391157715860803,63.27
9,34.94955255610858,57.771585280131376,39.60443368312297,55.32
41,31.35621803063684,48.89252746378932,15.848817454833434,52.72
49,29.0926195167632,41.43214027517314,35.22653079826355,54.51
36,20.7034470168683,43.433624101265366,5.998313391363573,33.96
7,27.8024525166799,72.609075015927,29.83580774485185,46.78
9,21.3261233504847,69.59089197348165,31.548015371193625,37.12
105,29.30464327030197,65.20398840496118,14.583387267900983,77.37
42,29.25895568145938,79.02313625461889,32.36395322938483,64.36
55,33.562380417406224,47.412773351165015,28.129527012191485,66.28
92,33.65706917604909,44.89797257709752,28.562102420675505,76.57
14,33.89881437742242,54.60581465397691,16.620997473453127,49.46
92,20.687918996069495,61.040284221104564,20.63360337014364,67.86
79,21.13794992162996,36.44398609553246,10.762062753099759,52.54
99,26.00450733365422,64.88337868484659,13.103027255718434,72.14
100,27.109424603943086,63.37788692605136,12.754394204073343,77.79
55,20.613029243997183,38.44675315360823,17.536565256438138,47.77
94,33.41325894343889,36.43741991498219,19.854478098956996,69.65
31,20.589682097616485,69.97051994545214,33.255517527090845,51.51
117,28.95917123383146,79.31284979334076,29.146579069429965,87.08
60,27.26784477786532,60.9127385765148,21.601113780639757,64.57
18,22.2160863785934,36.65584642937391,35.9224477431499,38.13
27,27.67516163173499,56.60567426326578,9.822740510289922,50.26
19,21.573037497987215,66.87026030469096,13.202774531418113,37.69
43,24.831187483747676,40.572400349827234,19.73738084800616,51.39
71,29.732342604373642,53.97910508771251,31.288976812137616,68.59
90,28.802616770313186,67.2719737092165,24.42467958033557,74.25
10,33.49471095717519,60.37776111467864,15.995891995909453,46.45
63,34.79772873189469,60.28874096784436,15.675205628119752,66.01
79,21.318314368102158,70.29324433705717,7.504407021063891,62.43
13,21.203506184924635,56.22556947851273,23.467857214534767,39.87
8,20.079500095964082,78.75335814725713,27.0836950666453,42.44
106,30.029648298866466,76.46879945637929,30.05433018562684,81.41
48,23.076163402241885,78.3997033252117,36.992861547653675,61.5
88,27.614155680266826,42.12048662075401,10.167657113264159,61.9
41,27.591559345390205,76.60071711284671,19.428898647178144,60.08
7,20.777353052336405,46.83021390969603,11.04866046225384,34.45
69,22.082371601630307,30.135544970716484,10.25132288637566,49.73
19,27.073642828252375,50.592045707363425,20.69907199443479,44.4
80,25.688428774457005,76.32247117948556,37.47184478380747,73.43
64,32.62743165137408,36.988618831314476,40.787029033695056,62.89
89,22.79607480182216,41.78458730324999,33.519135367407976,64.0
66,25.382457261852537,73.86002704065541,22.66002983401859,64.77
18,33.4950116793826,61.20507720909188,29.290147786158485,55.39
67,27.540805851387187,41.61063475734086,45.48085579735558,64.37
108,23.435380863871945,57.14246553067045,24.41876644113992,70.07
71,29.415620796071266,46.745280732854305,11.267243269852425,62.78
98,33.40838874576436,69.42986056122655,11.825369587973803,82.65
101,30.604706918651885,68.92859695253756,11.440759349681134,80.1
9,33.15148455142624,47.10408743579538,41.95657871024058,45.92
35,25.682323483353734,52.85001096408392,32.178104243263064,57.18
33,23.43877092848962,66.1126284196533,37.401644144573346,52.8
99,28.976640518078405,58.27541736614869,37.22805836298285,80.35
78,25.137863857678152,41.36754915149935,24.06185880892173,62.08
94,34.20925009417723,37.66757015580401,31.380342440755875,79.28
115,30.891433790936013,59.64814526294108,9.599569890133981,81.57
116,30.449762358153386,76.12496905886479,36.82573854410293,90.02
13,26.36196006953579,66.82221178123615,47.04651566460567,47.12
90,33.660292973835695,36.14053909228669,15.615771556778654,69.0
91,33.81262823926058,73.49481810310641,28.347712570673245,80.67
44,29.11841590691388,48.96528491927744,38.491234332948,57.94
30,25.002487575367162,49.90843467954717,29.18280213220653,46.1
79,33.84440347697728,53.28500611594066,26.63766401400831,72.37
63,26.7865927419904,37.04285101898999,12.937414392780049,56.23
75,22.482699761419607,31.693958012329748,19.016292700974084,53.58
30,20.196416848825006,63.17686860083553,13.011618509138815,46.21
88,26.884834820255197,57.86526844450239,43.728440805083025,70.65
75,28.930775259800654,33.353823869421376,38.748221167963,63.84
60,33.470814341610705,40.25698202410036,13.580947429864995,59.81
44,28.811804063511115,44.70223396104858,37.13266399054227,54.11
118,27.8658540399137,52.03813734691141,23.03433773938967,77.7
5,25.015442169657234,33.775168190194464,38.896079933635285,36.45
14,24.06117009715331,62.19997716195079,23.39303769941434,45.08
69,28.275838928890096,42.69442820216521,13.825089486205377,62.06
76,21.561628729768607,69.99580426865947,13.034509792445013,60.86
38,32.07972451036858,79.43643909777214,32.14388309796408,65.07
50,32.45329796850487,49.85917648092274,35.063831145679075,59.87
52,21.30387522425524,61.66203874554803,38.115707593820105,54.5
89,20.397983058107297,39.071771754489866,31.236870243636147,63.77
51,29.371419065648766,46.79329285749175,42.12982991401969,59.0
71,28.854424137722116,43.403182041143815,33.08670085321103,66.24
102,32.916020299620826,40.975526254047935,48.85462693394915,75.27
112,22.101697636496787,73.42339879489563,26.934403921228114,79.51
85,27.271675507255193,55.62288279409608,38.37591249028995,71.53
70,29.50217329739221,42.894384271660115,11.271023333277085,57.94
91,30.24775784668222,71.12919379558369,28.83477553947865,78.36
46,28.647747132713803,43.7027610343603,29.938010113210705,56.49
91,21.598680951930117,37.00092693302245,16.86577111855774,61.85
35,33.10835116343773,59.870655108515415,32.0232587195144,56.5
49,32.57160444767444,50.219075077451215,39.69101196789217,62.74
50,20.704489501625826,38.31416843780397,38.21151273918667,49.75
30,21.023745580311374,71.85394953515147,24.673702836075957,47.47
40,30.785688577763683,44.856085781158754,30.488208813360373,58.58
26,30.988581458153753,40.74701892953784,6.40324107775781,44.43
24,22.43020816837377,72.07648301550216,43.088353219155074,49.87
77,21.127066726037132,66.40943781018017,27.29710922927893,69.15
47,28.97429087402232,52.98407563805655,8.417003466632995,53.52
63,33.75970363193364,36.84093154594807,47.76068092193611,64.11
59,27.81951001120354,34.33526059310918,48.117685685176866,60.09
85,29.88175050066076,64.61382822589263,43.213804320439365,78.86
29,33.550457189540374,62.33324595585817,36.192884515561616,58.29
36,30.58362758773533,76.26241587078329,13.12589053073001,57.34
89,27.098151771220003,45.64274282527938,10.423516045390901,64.16
76,34.56587367748052,77.2133244556717,26.33963974958587,78.74
98,20.823239219697125,52.7571842518078,28.5095559232026,71.12
28,23.450132559315545,36.02834428886394,8.462894073314413,41.43
41,27.953976989523504,52.051608087408084,23.201845235683283,55.87
8,31.860847472584453,45.937625146603494,33.16511193966541,45.38
20,26.402255849822964,73.83326889312247,23.787773781255147,50.66
17,27.934057010408182,76.95338492564481,40.94524560981494,53.64
43,20.142281504427473,32.63419179886143,8.984453477612817,40.62
20,33.10515671279508,79.20417345996475,39.572303623903316,58.11
29,25.04555695742633,56.12595958172615,37.95223132330903,49.89
34,32.79232732537852,65.77766576171209,31.50988405119027,59.04
52,20.26810902100121,79.38611948680158,24.249791018113804,61.0
16,34.34623546339137,69.89946610716916,16.654219322081616,51.05
74,34.73495772620122,74.20994890657515,32.03593008989891,76.85
76,34.14097661202688,62.482332449618426,32.34815576954866,74.49
113,21.80508143052494,32.34726785739065,22.28407751710623,69.36
58,34.536539452112166,74.18929424817128,46.74885274378458,74.51
117,22.60842873829231,49.81210094513294,39.12073140668411,75.69
36,26.9507112232343,61.14686914675593,38.654222184150285,56.19
93,28.894099022625547,59.004310391890556,9.116907682898969,71.06
96,27.150152424955525,32.21883317666184,43.34870900061535,71.04
46,32.14274112087317,62.76209903195109,29.78858167741127,61.62
83,20.07623209727039,64.7857146424875,7.195261175292789,60.79
22,21.21569323861472,41.009160097490565,35.74664436468181,33.33
97,33.5977057916687,58.56594709597871,34.79504045479541,78.95
44,28.485979459936864,43.35141350847107,44.53834938598211,56.89
101,22.36010989553789,38.0200052665036,20.030399543535705,67.97
49,30.462071925039254,64.00703858801502,32.837512019683295,61.15
111,34.41972932277361,53.27350043849918,44.55821661026592,87.35
46,21.93304801210168,46.75594271295709,38.45787153312235,51.84
82,31.349537056774018,42.9344165348954,13.690978906428187,65.78
17,29.253903775636132,79.05930890137117,33.43160871575007,55.64
92,32.280191307497624,36.422435904659565,17.750432671951174,67.09
75,28.118998680141654,78.14960019294973,20.384247471740874,72.56
97,31.832104728061164,38.68767376537834,39.68843488434454,75.41
72,24.514453504202244,65.40860443226407,8.030777066094727,58.75
94,21.120416266367812,72.62073295993238,49.55667677377912,77.32
51,34.533167829285375,67.48259158714623,10.85388080587844,67.11
62,20.0154421976845,37.946914163837825,26.084273754586295,50.98
8,26.392719533539594,52.569351216483774,12.363071953625113,40.21
36,21.23571568423764,64.02496510373565,34.45300464265108,52.74
31,33.02081483798439,78.1618326720066,6.40860411863823,58.63
105,29.57788921496128,49.87971989813971,17.339684105690154,75.97
7,24.679279857426955,46.037137021906375,37.59902026763526,37.78
117,29.775002380638277,48.42631718618806,43.896121242783664,84.74
84,28.148492086849373,37.962286913963226,14.166556217432339,66.79
75,29.39330482447123,36.56224388411938,6.463678077106336,54.91
64,34.51266895420667,39.27294373383272,25.794378084454728,60.85
13,23.00787090050505,54.579727337071844,7.889402168381034,39.0
6,31.96338650955782,45.518097946178685,25.484906708681052,41.97
99,30.828314418904025,62.849192878224656,39.06766704250505,76.04
106,33.6172797947696,66.21426540632059,38.71227375955774,85.71
58,29.27233601477179,65.12324852720519,30.184190756911136,64.62
36,34.118562563485796,33.620813607317075,29.04089926894003,51.71
107,21.990736310645904,58.37704241307791,36.02592361117696,77.19
118,32.321610920148,32.05917476396358,35.16734562594855,80.87
77,20.779569254772085,57.06481676505352,36.90772337529124,65.14
12,34.21025693946558,61.265233010697386,40.25402266737266,52.25
79,33.42224984090792,57.37961880768681,41.77839964831222,79.83
30,27.213557471734774,32.037705304623636,12.379976644527375,45.51
16,23.706548510152196,37.97723400565942,44.23026049664907,39.77
23,34.637978837286965,46.844789588555344,13.195306205991468,50.69
55,22.42508816220204,31.043056964576905,34.396835865679854,52.37
41,34.94500874085113,78.73965810733915,34.26465588561216,68.36
97,26.27599683001479,40.178914017112135,42.82035828246201,69.39
53,33.024087581125706,66.3584534883154,38.42179345399914,63.59
112,31.515858321001705,55.242244094650886,29.44852355134798,80.84
55,28.6801311285859,51.930770959479524,37.636594718681145,62.98
38,31.894341419084473,62.750466941605424,49.64599923533026,61.87
62,33.685450184250364,40.53310945028333,33.03349626035673,66.49
103,31.64000310553144,50.26550915428717,32.08349226479038,80.29
46,23.563149873858166,78.56975470208198,13.14396287192704,56.51
66,21.460900888303282,50.25103995401608,31.681327992430184,59.93
107,25.388500540996485,59.64754257174637,12.358574266326023,75.28
70,32.86979380884058,30.45152020647751,31.478568500327246,62.96
80,21.963104910775247,78.49105225392724,25.420529362263768,69.16
14,30.04085602189042,37.28782841223759,25.224522584618196,39.47
12,29.25717479906045,65.33886084427229,12.516885855542743,47.51
41,31.72685494767544,65.26927970561019,25.08658909306635,62.26
115,33.02406920769888,40.292060501838414,10.036382872897754,78.1
41,34.04908538442442,31.967177033425482,10.494946130451206,51.08
74,22.700156562090854,34.42777921116207,9.648903070580705,57.55
24,34.7994518443827,78.25593482180227,5.222299142048433,58.13
102,24.846959856054177,78.65488740351732,31.105050336296063,80.2
27,30.002963863191567,36.98256273781564,6.348811544270507,40.3
49,22.153135430590893,76.99098959634209,37.980451325360384,59.03
12,22.34245767188261,41.72806466674143,48.35060747691796,38.9
51,30.389389283392468,71.90576448240552,47.50763987633105,67.2
21,32.463157870125585,73.23044179775184,39.5833714035706,61.57
95,33.964230432604666,64.47633755157806,35.443102359976095,83.13
57,30.00457275486361,58.859261835587404,20.685815025888672,59.49
70,34.991205886559996,32.4106019430278,48.97283828995928,69.95
77,21.35722542930576,44.43427977653191,9.909933429458738,56.13
102,26.062104824765495,46.35165807816193,35.04170235036131,74.59
109,24.75793575148098,73.44503127702855,21.905251334677693,81.01
58,29.736119881915897,46.41906139425406,33.359393674811486,63.04
23,25.828371519055185,52.43468113112653,15.689485889344736,48.23
117,26.666291791268023,30.73335285231319,31.417776846551792,75.58
70,26.952410657008585,48.98928900896149,43.850014230732135,62.79
52,32.70751042058861,75.7118257975735,41.61948297438139,66.28
104,29.11857639190167,68.2441630771064,41.584358242224205,83.34
118,30.732363606489116,56.06170662426672,42.00770384676761,88.04
19,23.65223444864449,76.35172723981533,7.712032563030238,45.5
25,27.187748441653998,39.72791615926505,12.484922348441398,43.23
114,24.609349473894298,70.15129489163317,29.262257450386453,86.21
20,21.34439508732413,65.88178929543147,22.99573430618703,41.88
112,22.721575215434406,56.258169183353004,36.907081777509475,77.1
60,31.90110887221756,39.26142232737048,46.29886201271198,61.64
58,28.253398132343925,32.170626642740956,33.491811901731005,55.67
17,29.024177302194968,70.95944297133951,44.78929085067835,52.22
14,22.621601642410656,48.038625955529994,45.76509971544922,40.55
28,25.301320689540773,41.8435279487241,40.123648185973785,48.13
64,30.071370042959217,70.47649878842209,39.49952608401827,68.88
78,26.776515181058436,59.330423158773705,12.560639348518855,66.71
25,21.435718332802427,31.18192930231682,33.888717519946965,39.6
96,23.0927924677764,61.89803966579851,16.559773144057168,68.94
29,34.81678280322331,36.821987627836656,36.28150493214172,52.98
71,26.640754501692907,52.28954572886145,37.60325831293781,65.66
106,28.675803755096137,43.70803332799029,8.573871604504397,74.66
108,29.679347562885752,59.78753640944784,23.05345613175422,77.07
107,21.0413576411914,55.952989545413516,8.042565361649672,67.03
9,21.04897408564151,62.00841119140831,17.201634642508317,41.45
48,24.865006296730634,46.6500956529099,35.12691298391856,55.36
91,25.677146352288034,48.1472135922996,49.79662208169157,68.0
26,28.434452238168646,77.881264225269,12.888632406094683,51.99
35,31.322567299112716,38.523896908695875,23.426503385234174,52.95
16,25.21357286358473,63.2455862243609,40.79524823553781,47.1
20,25.737894203660126,35.99145010088232,48.8374082882607,42.41
34,27.814369659080633,61.17928440013799,9.010599445220748,52.38
107,32.9702928805031,60.42432063298956,27.807729431921718,82.52
113,25.402046112072785,34.382137338191924,47.163102036397824,74.73
77,27.645863701275474,71.26430541164484,17.586659231216565,70.42
19,34.88237022234969,72.57124788725478,14.382973146080111,53.8
115,25.957681661438166,56.98663093799714,33.257752374768614,81.0
82,32.08888100176432,69.50152181535307,18.710561259411836,78.56
77,24.837919667696227,31.144691248806012,11.9206017350614,57.82
70,21.987870091127725,73.10072411363113,46.52407357310275,67.58
18,22.087970369262948,74.9130813646353,42.31995823135777,49.62
10,22.195609882433736,48.37672111457657,8.067753922347212,34.33
102,27.591613322701264,41.62756791826901,8.598442746168587,68.65
96,24.677241996278894,55.30709314201221,24.778025988480955,71.49
64,32.77172956326898,30.01662530602447,5.795951432596575,53.68
35,20.92024440666002,69.038079303422,25.691019069619408,52.61
6,27.26902380528297,67.71267721719315,32.87739881334144,44.58
13,22.133740530307943,36.069246971121444,18.647381640541802,30.59
119,22.666495817768723,64.58090277846597,32.81232534292337,78.3
105,29.228291573465164,45.312681039330585,33.07531263312373,77.67
42,26.39125075835557,36.535518837009974,44.897189685821004,48.95
11,27.882569329529602,54.08174232674312,12.959921531473448,41.17
90,34.45733413223527,42.429012885747106,11.021168132576992,74.07
25,31.404347346832026,36.855485286449955,29.088955915366626,46.68
69,24.852505923672105,71.71516829773837,33.31844627048313,66.71
117,28.219392334605395,52.71886672799805,42.99606872328272,82.28
59,22.23856666925264,36.35998813437248,43.909717646318796,55.58
103,25.63832427718654,49.72381392850177,25.675104578269398,70.37
25,34.343332859734225,36.65725020890485,9.596728834589214,47.76
6,26.564046860830878,42.73353110230256,42.83922107416652,40.79
62,23.795876492011768,69.05852118934595,42.13094881679167,59.46
90,29.55004523250811,60.696679238003085,7.999341825231048,71.32
92,33.236891606841496,35.2846739953137,49.47238719500591,73.82
76,21.271880240687047,65.81616940313411,8.243795119940302,61.16
28,21.58051300929209,31.77854335177742,27.886068025141032,37.65
104,25.245548446187744,68.73267655905909,34.76167749816865,74.45
32,25.322620403853357,50.60654651313858,29.7327219673516,46.97
116,34.51790052267546,44.77223887387101,39.615041652716016,85.06
29,34.63986274398189,63.36751990232142,5.469246472883138,52.8
109,29.658563803116962,56.51510666245792,6.887805054423632,75.28
118,24.833232551669425,36.26167852164136,26.345124945779624,74.11
36,31.22109769144298,70.58848940450687,34.54153732991762,58.37
15,20.656034388199544,35.54039810899035,31.933920905796455,34.97
82,26.591074845416784,60.64697912472627,47.43841269851184,70.69
34,33.92476299272865,63.79911377931777,27.322152740594895,56.66
43,32.69771508035417,75.94632668197772,16.350845907801272,64.92
17,23.315950571805928,78.91986394002978,38.66863576905489,47.55
100,22.6614315420456,57.25134594484692,49.31013827860287,75.31
26,28.093343307432576,66.39735883653717,9.857467159090895,48.45
54,23.20267049466008,55.29263464759145,42.831636260504,58.26
81,26.20124673942892,67.90925055382687,38.45407037344742,70.34
27,30.333279530751362,73.66614579304039,33.63311092906616,57.67
105,22.401074524318595,53.077873720989494,5.419922892219199,70.41
69,24.168531458733018,39.697693363388744,44.59174186738724,58.24
102,23.06053451943348,57.75424746511431,37.988208321335364,71.89
45,25.628898566639997,56.93478336715195,28.587162682677302,55.66
110,31.414861400421408,31.765567747011954,38.55802022290545,74.46
119,32.62955557245063,53.51595270508928,27.59225960698012,83.06
62,25.524642957602726,52.43053154772713,37.493192219123166,61.3
41,29.945630067507384,30.09399417624553,13.026766293829843,49.65
78,29.293840061897612,47.77465052206787,40.73887990746879,69.15
8,27.65164568748238,66.17023828061431,9.686181106412935,41.25
62,28.422268819392855,58.03300472080855,32.156944996840465,65.82
35,20.34399216902063,46.105400211459276,33.642079297211936,46.28
87,20.87826393865969,46.711915934803045,40.32036397001604,66.77
68,27.80444865377981,48.67312980720867,10.506954079633008,61.15
117,26.510290492608128,34.43002148398086,14.927537872004507,76.03
79,31.004237450634687,44.972175524594334,12.806603341968076,66.88
74,29.54266047062349,69.2825809040116,10.32512859155243,70.7
79,31.099795800284177,77.51563764652958,14.132136540870599,73.42
65,34.694700725508255,38.26470554850873,36.511338175003445,68.92
74,27.771181493582233,44.93627867943865,47.330566030190326,69.8
46,32.79092029813567,41.27706649628663,21.96113741313674,53.15
25,26.87280330106839,54.14844360426776,11.00659875871747,39.82
8,20.747630416744123,75.19566651301874,45.92255864037783,44.54
88,29.854327344007093,77.8307310541729,8.103110736038953,73.36
112,20.668923625594424,31.81438113067511,17.407393389299852,68.07
14,24.079245891929464,67.96991312089818,25.2382929102743,43.56
81,24.0220853014327,37.8190902201724,43.38903305316427,63.79
111,22.088680566763927,56.62103411376086,23.499302117031796,73.22
11,21.296369161438196,41.83921546556927,37.96019293271404,34.91
52,34.05233693049638,32.612893964301186,23.845699358337264,57.45
18,30.962314474710947,79.06485452486234,16.54385280999115,51.1
92,25.073946579985225,45.434937168659765,47.61661944824254,71.89
16,25.242595581302282,35.704789244396665,11.806107293072056,35.02
75,30.256311583655638,57.255276413034984,49.12325699004977,70.52
65,32.90209540024152,66.14071516042418,8.045076285500071,67.57
74,23.39220577384911,72.34593640442799,24.288374613671408,69.97
9,34.18547220500423,72.4987685740331,35.10600517980987,49.16
43,28.18147804110358,33.11365529409428,28.062619194664926,48.06
64,25.33960060692279,78.90309089867642,40.729537236560276,64.24
25,22.470595301484437,46.51075324357488,39.053817755988575,44.14
90,20.269185178527376,36.31268913963067,34.6833214877634,61.0
109,28.402733875623678,67.53647534996736,30.109133245218793,80.9
70,20.978068868907382,53.196568840616635,45.914909263770205,61.11
10,25.57899001875297,52.584840961584135,22.882162571839242,46.93
47,31.63417776387991,78.22383269504058,14.169490660746009,59.78
96,31.36222827184126,43.8220845291698,19.05570958484811,72.9
13,25.939557089936823,75.75450342035217,28.9862990260763,49.56
16,22.490514701242933,60.67365693195882,21.33953314853047,40.27
31,24.153567310667135,79.1760736357611,11.332018762194128,50.57
105,30.989528520512494,71.01887537244866,19.092289766777704,81.13
98,29.229470376047033,34.173204249469165,44.708736578330246,72.98
20,34.82623984118115,54.26794915799435,10.509525426152347,52.83
34,29.520069098809124,38.29774476478925,44.68674912370898,49.42
31,30.302914965125435,34.65152432300136,6.321387159607655,44.19
24,33.35387079526703,33.97032923215148,37.917342065316305,49.94
106,28.111906324783163,65.51213993116558,19.145755093268676,78.25
15,33.519440161619734,62.5833959353213,19.132735774672938,52.05
80,25.02812071056309,38.68807965678719,37.040630914885135,62.12
94,21.509562177853,41.993705637797234,11.388739539244725,60.99
62,29.206661282235487,51.77527271990797,30.97623788458759,58.6
21,32.621713296271395,53.56435836990823,49.059722210681954,52.39
20,21.59515589383662,45.74597943064838,5.171771035595621,37.14
51,22.62322155763939,72.78686294528931,15.22308006605817,55.41
67,25.105701390000124,73.31932571256709,14.698844095609934,65.62
19,23.189665645566443,31.65946772812131,18.677588055832572,36.95
80,23.491447206519332,70.36980151699757,7.659225053521397,65.89
83,23.904302863490045,75.3597515352915,35.182954035762535,70.36
50,26.905374068028895,73.2281804761335,29.59916990845048,62.07
39,26.19141693899039,70.11771645796321,26.558152839650806,56.02
18,33.771148282987255,44.00186647752447,43.62537545596044,50.26
87,34.59164484338129,71.30195258332859,36.46919188067916,83.43
23,33.09130759349192,35.62901952059685,36.66586898573581,53.04
65,21.025114032983907,43.16578918766,7.075560395108022,48.02
18,28.975362264466384,44.86189038543086,18.49636001781431,44.53
98,28.98212444575237,33.22456356245838,44.47577557229902,71.75
90,33.384537472094785,39.26650897643572,8.553612298587288,70.9
97,32.57228275327887,44.26451691786582,24.31321670283606,76.43
89,27.821685335653843,33.18204546433212,42.41180814735694,66.7
71,27.32561943474408,66.87828745464134,28.635789088407208,65.48
23,33.38784934932269,52.16900071895938,32.31903104234393,52.43
55,26.678691684271822,69.44011319526797,33.78225025299568,61.4
8,25.76766991467219,54.38335343106322,34.35009167954626,42.94
70,24.073531471265596,53.64485664054524,49.272814078494704,63.31
90,23.815873712627706,48.09265466025693,26.262200975293112,63.42
94,33.6107024706927,41.94283302009639,26.133879860631904,71.36
103,22.941465691075894,60.53900355378841,17.630744698218844,67.0
60,28.863011619065624,56.85037441756792,43.43611989427269,63.85
43,32.038785193697194,58.60243216846504,28.07004766803874,61.09
111,20.665816582562815,43.89110363908672,41.750697895282315,74.32
25,25.17834714202538,55.37059693589045,44.34001361083291,48.24
17,30.131303113206336,32.24267840117843,25.27686585424103,44.87
76,33.614165038348325,65.70163222334281,32.35573463408167,73.35
116,24.45091461656135,65.92146149093676,47.931490741326826,85.21
50,20.76703072163151,42.880361016686095,7.678611515649726,46.82
51,33.07396590932346,42.83471141550229,34.93814458901248,61.43
105,21.815375007277897,50.94738950937377,38.803012151378816,74.93
101,26.06359594466314,46.05405485435251,38.743284399640984,77.09
78,25.428799862567974,59.68303956042692,5.455903281248452,61.25
86,22.083069895947755,35.786880333935265,11.944470437738573,59.41
6,27.94987284389628,71.45088662727454,49.60684520301349,47.61
6,20.17559916096356,51.10171300638195,18.27683184443703,39.11
94,33.65201955173201,70.40113149532765,14.722311425525923,78.66
29,30.93760231324172,62.614582429596986,43.052196334545805,55.72
103,21.16421967097161,57.12671842661257,43.77841227132329,77.38
34,26.696292746023733,69.91901702591763,42.00900681507253,53.4
52,20.184645545241136,48.50261673371276,6.233913948769594,46.02
37,27.887188983099858,55.58406932907559,12.453275616271942,50.22
69,25.188161911067862,37.72298736116619,6.14514919575879,54.91
64,25.683654170882214,30.335519515202996,22.364352630280216,54.76
117,30.15680959602514,60.288962472634516,21.4067177688893,86.01
60,34.82053949233388,52.70008105980574,35.97234061011066,67.34
92,27.58182676865675,78.20087035588512,22.28930208436101,74.87
31,23.132961060586098,76.28186650126679,23.636760094770207,48.76
19,27.317767957886097,36.50238912555693,42.59661063720474,42.22
41,34.33878243432979,45.698335868867645,44.97816525389066,62.34
117,21.32302555684806,60.3438670788465,11.821293179144597,75.61
21,25.782678571053836,47.01935521272529,29.363342330641334,44.5
38,22.525054338786955,42.345371333379276,42.73471467062727,45.96
7,24.534998740272407,42.96674486585472,13.758072651719237,34.55
112,23.525558222057377,71.53442552600384,29.517244589533405,79.39
5,28.70701401490544,36.95983506728477,24.981968714099132,37.29
55,31.73582494190131,66.72889615607066,18.522022352019455,68.77
90,28.54066041773424,61.0330239912292,14.059044852009496,70.77
21,30.663270750234787,75.34714044174169,10.95675705657376,52.15
95,33.64181916405863,66.1071617727953,29.002398294441317,80.32
85,30.211338394407285,53.339103861559394,6.550756674125,68.8
74,22.231939541076734,53.13378025326968,49.14443201732083,66.59
59,25.629948618794028,44.28917777629351,14.145039098873927,54.25
92,26.6183557048299,60.28776515695283,46.34306197728698,78.24
57,34.71109015375144,50.37921042869085,42.238351494783636,64.99
115,28.602934271833597,77.80235718059666,14.021353198778126,87.02
100,23.605735830492257,45.594954000214024,16.522140429722945,67.35
73,27.65648733506348,61.32962555466051,46.6872173028539,69.97
97,20.4582418564007,73.60241692235039,28.72517813779101,72.25
68,24.49093382557522,47.935776270850674,41.199674345577726,59.77
61,31.900910214580215,79.52730163850667,14.029295783169255,67.49
30,32.42703949173676,44.730969817309656,5.644187495017699,49.92
5,21.035443113317744,30.283290726478363,47.16909628064577,34.26
64,29.878107735050826,68.30579663977932,43.06646478549795,68.3
13,30.84724229696944,44.01672303957605,35.93328638613069,46.05
99,20.990147662103624,47.44102669847396,9.994914445609169,61.01
44,21.69397464029017,72.10372186992896,15.90040480210551,53.59
106,20.753390171959605,33.645091768395176,23.12929771846867,63.59
43,26.019590363295684,44.62575455353709,11.854831525904096,47.27
59,33.59166503198745,46.0747850623941,26.43966438547062,64.28
57,20.50503767320809,40.73140366294014,23.725464263199154,47.62
29,21.843810176980814,74.43295401326993,27.638777785092635,54.75
76,28.319860220526433,61.85454185404525,28.682530715219123,66.44
54,30.709289487598845,71.12673971920984,41.178132839863416,69.55
81,33.751875360535024,66.03275726415566,23.065053391093713,80.84
35,24.26411139391275,36.691418149984656,33.330096360128145,44.58
100,28.90228644463902,74.78633629630863,31.246993301587043,81.54
12,20.057298839878747,42.34119346009511,38.34068252684322,35.27
69,21.94894886803552,58.24921788376268,43.99465917870891,62.26
72,31.833987076640106,74.59360724053673,24.52178388094383,72.54
80,30.127100917245023,35.80113406740846,6.903128715020654,63.6
33,25.814732081834705,61.635593937430045,36.67356912354491,55.04
37,24.176591123756516,36.4800325597721,35.4248704136485,49.2
29,24.47078312959165,35.268246112542826,40.1820738505221,43.69
105,27.47856199258564,49.256005995125,43.96190743500598,77.92
103,26.86549407738941,40.444136200258185,21.591822688915784,69.88
109,22.790345000084983,57.60346823266889,23.710887530935256,74.04
6,23.179910820479872,62.86767410850643,26.252681187334176,39.75
113,31.310345523925733,31.796933746077666,22.763045923017266,76.69
12,29.774596407159148,66.92987290661654,19.20323046935075,45.25
108,27.022312119515455,58.95876276873611,8.84036014179462,78.77
111,25.516789816342293,32.90459760401749,10.018049554457438,65.5
57,30.320666657540208,42.094444177707295,45.998091624532265,61.87
6,20.289914463764017,36.21841995002551,23.613920371338587,25.8
21,33.59098828529548,43.33375983309888,37.618542469175765,50.32
29,34.452488613313825,55.951614006477435,35.489402035652894,59.13
51,23.297080232347852,36.5759133458189,43.5708301935327,50.72
57,21.14577417487184,49.12901617853177,21.548014286229947,51.86
100,24.39962916170847,68.65709369593358,28.30822374706605,73.35
61,25.576089423594954,30.067681285773407,18.491023740435615,52.43
115,30.1337013792539,57.34816256856941,42.33934041294402,85.15
91,31.705641853564707,52.89978795017858,22.910238182952625,73.08
109,34.060676572464814,60.16459028574715,26.303039667271065,84.03
91,30.074634223190447,59.11043798841156,49.55940021144296,78.5
88,28.167234992003944,78.13841751266031,8.402226827753784,70.94
109,23.074718142902245,66.28136001372079,32.88805571448901,75.84
81,32.16685654900206,61.79773535818643,22.467456775714798,71.02
32,29.642283722002617,70.4930093680293,47.63278623139011,62.17
61,33.352117060940216,65.38606751337637,7.799145177411624,63.75
117,33.95910207269806,54.86562230844862,15.36129143197316,83.94
42,27.9448958591843,42.09466470564446,27.52716070196184,50.62
25,34.43465304481676,61.0454295108854,46.78971291566973,59.14
50,26.49224003314204,32.194997132150256,12.458740091907018,51.75
97,27.220000648034972,74.88373363389783,35.3457040560561,75.0
112,34.409404632698,39.84628522267142,47.81434146628245,85.06
52,26.100111049978747,77.65100105894496,28.514287252942395,62.33
22,28.903414030681787,33.65407810135075,33.005446907776076,41.21
30,20.212850740936506,71.46958134792563,37.94551730793301,52.95
47,27.82189458082208,78.86539539957519,39.07895932104975,62.3
17,32.81332859511302,68.6544520848733,18.94999717273052,51.72
85,22.44049615712849,58.25426562263782,39.723210994037345,65.13
90,29.04596459255775,71.7703915421063,40.2989386101538,80.51
47,20.690851012849347,70.4039641177915,13.004965582206054,48.32
59,30.9329216340492,34.76996386566053,24.29159094438951,57.69
17,20.00664172155812,75.06915483209676,11.92131610887235,41.54
31,34.32270489557702,54.73375947956417,28.072411151568268,60.72
24,31.31397460020534,75.92132160727044,47.79178675261468,58.99
95,24.13321908829225,61.10197811854969,49.659903021865055,77.77
86,29.84946610561814,42.019945644675346,13.62168255806716,62.7
113,34.61558358018886,31.375959257020764,42.79172729654889,79.9
69,22.62832658158741,73.33851772530002,17.7115434789662,64.74
97,26.47070973161112,65.95799484722845,30.3496088914871,72.52
119,24.237440989592784,47.652519580015124,45.234243613996284,78.21
75,32.687743256899516,50.04708812365233,39.339876362058874,67.98
12,22.79203846630022,46.57823495335969,43.47635907289708,41.03
32,29.540637031699525,48.2177119214116,18.2858811120339,49.41
115,32.163178715118775,71.79129639552579,19.948596490202206,88.99
102,31.608593326559976,47.63013029644291,42.1154535325004,73.36
57,24.237086395550055,51.261409271884695,6.690699067950832,55.65
57,31.48320125773791,30.000581737768307,23.745462281703148,54.85
14,23.008403766094744,40.178918877318026,5.454077301006112,34.24
88,23.456249931760247,30.07369110431557,37.82051573395984,65.19
73,31.386034088875636,60.481550582845095,45.32183598457486,74.22
105,30.689319996477693,70.8389733252818,13.17262854904712,82.55
104,34.77287604143714,67.71241298410403,22.693784046256503,84.05
25,22.244021742904287,49.03448405804329,23.651137199270448,42.62
85,34.28332678546392,32.12111491034459,16.939676189996014,64.25
72,34.238129403057684,61.607974959322874,10.847361752057356,72.53
67,27.63335833386584,48.46403851077706,46.981618815635244,65.34
92,22.385375056103918,39.009787706407394,9.420574648508623,60.72
43,32.757074221412566,47.23020422237798,6.38860569386326,54.46
45,22.928609044347382,47.26709761224439,20.102470442142923,51.04
51,26.529863321828543,57.4654885740052,19.03928091468883,58.17
94,22.445530053973865,69.31028261305289,38.04997694340162,73.3
39,20.171269751811103,65.18498898145255,48.66156993767257,53.24
65,21.46271488461346,57.9490317049887,27.54895461179887,59.15
44,20.775030824869418,55.23977991522641,37.33042762951475,55.11
10,21.77738538152601,78.07566694915424,37.14848436319692,46.39
99,24.64681788813649,44.502276598121846,44.213631538588444,72.58
119,27.52273192219601,33.544578794564266,19.07884223848085,74.97
84,22.442225745152957,39.34572203042308,5.890804625626448,58.28
57,24.601648992832118,47.64792517261783,32.95816020723245,58.92
82,29.08257149923815,42.3565777330696,21.013464166664512,63.97
54,26.49150319398894,64.27219416109509,19.96052707169204,58.84
72,34.73074305523944,69.243091147944,38.006903592144674,74.9
91,22.98488208439155,50.91669320511401,38.792290926349324,68.2
86,34.119086723627774,75.73655574782518,5.516629688722003,76.1
66,27.780514915708928,38.96823410061052,48.68044454343848,61.91
73,22.84722954458234,59.10916150462948,14.199825827729608,58.89
53,25.96418567829306,43.213813157931966,14.239982241805992,48.77
28,29.851340952118356,78.42686658499461,32.16367402517188,57.86
43,22.581659042341666,76.27611039259403,8.075034718052189,56.93
23,29.354731674353992,62.42524100593441,17.033091253589358,48.44
38,30.556884664857613,48.662990723137945,30.364698696294298,58.36
74,24.693610913204722,43.554812688203285,31.89507272162164,60.21
33,22.61122512967144,35.85330207120843,25.208813525492605,39.79
55,33.2449073724466,40.13163170676716,31.441364199923083,61.61
102,25.60332201571523,32.524447220620395,33.236895730292574,70.54
13,26.753813692143353,77.87905075419087,22.956589293909563,48.54
113,29.258735312730884,66.97041149156559,14.660053878764156,81.85
31,26.503741889489216,34.63127415256836,38.67729573543041,50.72
29,26.51031459063138,42.93558210777205,24.54814935529744,49.27
45,23.630331199713158,65.70263616890634,9.112616884929938,55.21
117,32.275543497220056,32.50092884105561,46.01845819963924,81.65
114,24.06209492055459,42.377988513994325,7.813683308428058,70.43
65,26.371572956375793,40.767219069127634,31.86930965840239,55.38
14,33.27446462270882,49.16421198211007,27.20754464694837,50.44
67,28.163809491705464,40.0141008933813,32.75526235336435,62.64
114,24.372436113855844,68.53712654527757,24.237304266054164,81.94
10,31.995781459472916,46.680339451452156,43.9337006329015,49.36
64,32.504647012159374,54.97158849334177,29.07614770695198,66.03
111,34.0442093220339,33.20031733043105,42.11344568061534,79.74
61,23.016480911640013,59.511632957544634,23.34347860908451,54.6
111,27.36643594074748,76.35553144292138,9.742694814851234,80.31
118,26.13165891843698,76.20134352128665,10.034627744710573,85.65
33,21.057379184647168,39.28233524506215,34.88987232450357,43.72
88,26.693018314663156,70.29222663089166,5.358398213545301,70.86
16,23.74935419596432,55.75028298548615,29.099921669585267,40.2
56,33.08953703820253,71.40584145031714,14.722705231014487,63.49
59,34.29222525503759,46.33712710150204,20.94912269568747,64.23
101,24.779134441454108,75.17792217162652,8.493834919495157,75.26
113,27.5469870882731,39.693153396844636,43.64675470256696,79.9
91,26.927652219126657,50.72580324083961,5.596296507675975,67.88
77,22.405481091796148,63.68227087374539,13.066396508267633,60.68
27,26.44412888198545,67.03130744471852,43.833757954413315,55.43
105,30.986015735875686,55.746667495662976,12.261326047492267,75.9
119,23.335419571222555,55.96122853901026,32.34887073930437,76.64
82,22.50396606226252,42.18647412621709,17.04203594877684,62.2
28,29.244507288885863,57.8439221586048,23.709879658549486,49.63
66,33.07202632064801,63.9489246519021,23.53391331878732,67.56
102,26.17937142551153,73.52634831346921,33.41385145482694,81.33
52,34.17671283134013,64.8313635608695,27.306668760435098,65.64
92,30.381104705365534,40.31260569180763,22.63367179346117,71.43
53,30.18346587616761,68.64933606527933,47.814891292655645,68.11
47,21.035688594718994,53.71275104884768,30.230523272252746,53.91
111,30.32947443961813,42.663619176135754,5.449044949630222,75.16
69,26.975828724509665,73.7085341078513,14.154641381124105,69.8
112,25.004425937552984,69.5779101295685,25.308235086316472,81.06
49,27.265166394372628,30.668384162969783,23.438265639932258,49.55
61,32.05306489193905,75.08870142731143,14.156273412391812,69.58
40,32.71891825645022,57.27925913345739,49.17683041345137,57.38
86,25.632033926997504,70.19072725967234,24.506250474003547,69.67
58,30.938521143704644,60.42044679400089,36.79854185604184,64.3
8,26.963577796088373,66.13688761194024,34.55282681247236,47.39
53,25.598617345688506,61.59943401980945,9.291722102287638,53.55
83,20.7298649549257,59.050754668755474,24.173193993174365,66.44
66,32.04503107936756,55.90040332023124,11.314603318708174,69.91
105,23.108634496533174,65.66179340416684,22.39790776852254,72.55
10,31.249666976781064,75.41142443501614,39.142189452376435,55.84
7,26.497446669727495,68.71513414722975,43.366322972225426,50.51
80,27.10881830174154,65.81985559790495,17.192421424236443,69.23
12,28.827574027384834,39.26863895412558,31.98970917367241,43.76
84,21.154575040713112,64.80780725689627,22.225944399637452,67.58
94,26.76164425829546,77.92489178338701,24.398908818048024,80.71
71,34.086027191754376,61.81871407666872,19.603031007890394,75.35
49,32.38876560974046,53.15573569187558,17.530589586810784,61.06
78,29.92953417190803,70.74698642702697,40.011135941509394,75.93
27,34.74958485227701,69.33541703536545,39.81481542030496,59.27
12,20.467236391900865,42.97882246375246,6.515438174350881,33.21
25,33.326961648843806,71.21634459396347,33.3517945315992,58.96
93,33.468787804364986,74.4059094467018,19.63807782627865,81.81
33,26.546293980943894,63.33859548919486,9.244734183096963,51.5
42,21.423769052325046,79.94463060166453,19.698766224165993,55.96
35,32.02021987810713,63.71294210032495,5.257336161235518,59.48
20,26.167872769918787,36.504033491447345,6.009165012292481,35.61
63,32.737685082525566,50.30059008530553,5.616434768401154,61.19
90,20.215721691081274,68.21766932182138,33.06843881888041,68.63
100,24.63433985102229,36.632228880047656,28.02360730527847,64.57
87,28.714255698322688,79.53395785328829,39.05285751808556,76.11
47,30.141880963824356,36.921774666469716,31.047807561601665,56.56
15,33.93709280023194,47.095263905274514,28.745485979976273,48.88
63,27.039278409886855,52.15296811652105,27.23664517870472,60.56
42,28.897373285592025,32.667399849444884,25.46439541486975,52.05
22,25.436469839237436,73.18207106483081,9.952847789050185,48.24
91,30.363259648262343,64.85679029459047,34.1887530545967,78.79
78,28.320315646701296,67.38971748796862,41.46163640147891,70.35
26,26.827579876004847,63.38802958015765,42.68151858965678,52.03
18,20.909073615723646,64.26976717230028,6.1234799954025725,39.65
44,32.04216402236751,78.04600734644123,29.11707854834532,62.38
60,34.30302646777263,74.08078199389988,31.30249079888556,72.55
58,28.747862064156465,59.64200902540551,20.97160973946545,63.44
26,30.53960308787343,33.32638041054276,15.385759426693928,44.58
59,33.24372224778083,62.95227050661162,14.505432416281895,66.64
49,34.64280462482125,64.17268887037545,21.89484993505607,64.69
77,34.958568498554044,31.50130026646964,45.38146396059194,69.99
115,29.04559332579925,60.949578234929405,47.334798486027545,84.94
107,26.530904692636035,49.798079437380245,35.118887412284565,77.05
46,34.06947847150841,34.25517430598927,22.3518916631,54.92
106,34.13575181003415,33.74106025974865,24.730552186276018,73.46
88,34.596151968684474,67.96462534592368,48.549265937130286,79.35
108,23.109094686015013,61.529047079154616,14.886805567613019,72.98
60,21.94518467336353,42.8231530508383,20.989388681324947,51.5
105,22.551731259639222,74.91190319766176,39.95614994629496,79.88
42,32.9698838278721,37.74626555717213,8.723157602818546,47.98
96,29.258282088168514,37.799043184946655,26.532325231518286,70.14
14,27.58263140584796,37.20393930065998,33.07993184880421,41.04
21,26.626197374565606,79.2117249617217,22.806858360820666,48.32
59,20.854680904960524,50.930363745916495,25.62941408591471,54.99
119,34.87659321468874,63.21008565358928,13.966067948374132,90.73
83,28.070340580458545,72.00540392196,49.52530089342754,76.38
95,27.841402123428047,53.54336781115884,34.52247598890668,75.78
80,27.247712949705026,71.91152105409003,21.263170058023384,70.42
59,30.477959378137058,50.80726838203034,28.123283055946906,64.06
108,22.94628823808026,77.5722412831546,12.897123232161082,81.29
94,33.04409123712166,50.138791661644994,48.66059049866946,82.42
76,25.582598828703457,63.08336298145945,11.355059451791725,61.96
98,32.81391183496004,54.538250335618024,23.29505527136469,78.26
84,24.285613514913354,76.35618909322247,48.64669364053359,73.0
82,23.791976660236596,76.94474800206376,45.229334227113235,74.2
80,28.35177366392282,72.25604257480174,40.81668742145761,75.91
45,23.7896904593193,56.00370305555752,28.487885156535373,51.1
26,31.27514258034379,61.17389152596482,32.012665723761664,53.92
85,22.28072851136738,52.91617972937877,20.80487243069514,62.86
21,24.40923651525346,41.854235425867,47.682632444818765,44.78
63,23.572199804985445,75.42172759396877,26.063107440543057,64.82
117,31.58774429119106,65.12441707942344,32.68641439770863,87.56
34,34.99336554875658,68.47244470410234,22.903956635784223,63.67
98,27.13531727016438,63.719982590699075,39.33020009994639,78.1
87,29.226937108117998,75.53028586072108,27.943430429770597,76.09
99,21.851012228083945,61.31611758280975,17.531182801739853,68.53
36,20.744215600082562,66.22991434238145,10.021684998076136,48.64
61,22.837086500344768,76.11837423350514,36.30310935593261,61.59
119,31.261544738165835,36.27431483995753,39.77471388492856,82.62
36,28.346843087381846,72.82467013812868,42.5779675454759,59.47
106,20.287332283268793,71.34292804863765,28.613103694764447,76.72
109,24.242016960057498,50.92911427657445,18.16323914643134,70.53
108,33.99807631638959,43.274820371453615,32.515862505154736,78.69
23,22.884648440504414,44.78272708062426,32.8827167125215,42.81
90,24.16197019587431,44.080802105281585,48.351214420071706,74.17
56,30.17170746431313,57.151071543338205,20.609868936397348,63.9
103,22.133828596652233,45.65816009148885,43.22903969695556,71.05
46,25.15080053266466,71.72858951278138,47.096803108737305,60.28
8,22.977366119080237,38.244238828256925,15.799521374148087,30.8
60,28.92819251190312,37.52361355029987,48.563437165283005,60.98
28,27.064403786521,63.095681631850574,38.802971162931925,47.06
68,24.0956092899171,38.85962505055956,18.242003148670143,55.14
109,29.952853908701783,50.55987444412729,23.10828166846903,81.18
99,25.35153067434909,67.87322227253588,18.278255716893923,73.38
93,30.94567859746133,77.01104027856425,32.17086463680933,80.74
88,32.464237565826025,35.994554673635605,38.07166313277024,67.84
19,34.24849502369114,36.854472903937825,38.02474088611436,49.51
29,22.46608293618318,35.829153727784835,29.601305693245855,40.97
51,20.227653234302405,59.070855279101025,9.763395614505898,51.69
103,28.499078883581944,62.85152491170537,45.42739099628157,78.07
117,21.24101059435506,42.696888596184806,40.09947471097449,72.71
113,21.134916558561663,48.07706993770193,9.147558131259455,67.0
63,28.922710692528643,66.94333385665163,6.459955072123414,63.78
34,32.95198595512195,41.15310307713784,44.289897924390246,56.55
68,34.074735929769744,70.93701147420254,49.260524293114834,77.76
77,20.476677265359868,69.10253846318791,15.803183321940493,63.02
26,23.397824390541587,60.698515316261634,16.378615321255005,44.51
67,30.33143811217048,74.88717832548627,38.533077291632644,71.24
21,24.922692241964178,40.4529686853423,8.810975384388808,39.56
85,25.375019850075105,75.64462223682877,30.45596774634526,72.93
19,32.3543541612346,49.23055379893841,25.66058104790064,48.16
39,20.251344567385736,63.95995756005847,8.445571629509255,50.78
51,27.133942877330124,50.38740525013661,12.254846538880514,51.13
68,29.288585480803725,46.605489165406226,46.7645825979404,65.02
48,21.745377277467437,60.63979177682552,47.231697119636955,57.54
112,30.4000273060206,62.411794869104845,15.41660431608447,82.25
48,32.22006507064984,60.59155100516107,21.805607530971738,61.33
111,34.43392169913735,52.20576232481662,38.7512785463986,89.93
41,21.051622094618853,49.76296577155789,13.180049024781287,49.52
63,20.437327790331334,75.36244721782029,12.03276692973993,59.24
70,28.355607699125528,41.569031818842404,27.609227922486937,58.68
47,23.935144501714184,45.652507253157346,42.642432077811506,53.31
107,29.531215352928648,61.49103272173538,23.144478493272025,78.64
78,24.722387440274733,32.15262013578343,40.143373863999585,58.81
49,29.870824757918314,30.40295516710599,47.442867033257826,51.53
114,21.61421277139788,68.40640891904411,27.52147921400232,75.29
100,24.115769078038813,75.07915026435339,14.684201587993675,74.44
67,24.07997908016534,30.318952170329535,49.025965417558545,57.46
45,23.16329341521182,72.85958285297943,41.9192069116559,59.62
39,34.20134367038361,50.010613792483596,40.248409233022144,59.7
91,26.89476229489359,51.5491950960411,18.70216397370279,68.39
77,22.71774918575124,61.137670161992055,15.020423560538823,63.56
34,31.64435716273922,36.52506320585921,30.443898542348407,47.17
115,31.359244674132512,74.89823234238943,8.785744801672228,83.7
45,20.78586943392292,37.98124507160836,20.103047284006028,44.44
14,23.507192496395962,31.18538768222592,42.57262425624817,38.87
80,20.538952732789596,76.34581731655541,14.616416370664778,64.99
20,28.609247991035154,49.644755444658955,6.289359240994453,42.88
112,24.70559768078098,42.39366793642118,36.39723383989818,75.08
64,25.96526621649582,78.69002066785748,29.488939812666597,69.17
76,33.56364937111348,48.73609852536882,29.744085324929234,68.05
108,21.39794179344042,50.52478970302773,12.350149164007576,68.0
40,32.25957968319855,76.51992100846627,9.29124145728516,58.2
32,20.758387819393086,61.32285098384636,17.92970224290059,43.96
75,20.769407734718232,54.62676903571446,24.8948165605874,57.81
71,27.26586778401274,64.69027784837058,29.87430656151124,66.01
41,31.402413946852384,37.69499523468868,11.716226138366325,49.39
74,25.198381397248212,50.38578853326126,10.650451038676312,61.03
34,25.878658444158635,64.85818460689902,13.704590433041716,50.1
66,34.640490479003056,47.240880387308486,20.17899293680524,64.18
119,26.169559580993468,42.026579259007434,35.25727294812667,77.65
61,22.116613910320268,57.27910608960332,9.7516195689488,55.08
79,25.40711757712331,63.56354126145663,17.178977389179455,65.7
38,20.450319982236078,52.22641265250798,27.707856107346302,49.35
89,32.99152318066752,44.4719760809744,26.045654561819468,71.16
70,26.515422472118267,52.32209608982744,32.84474346684523,63.74
20,23.022925670094693,76.72165193767208,36.00894441867034,54.21
5,21.937616678646656,34.97732564043876,32.14364745266003,29.53
85,33.34870064544294,79.59813736193217,18.233035797955,79.38
96,31.713790345791356,69.57317704447595,32.111142381655476,79.74
79,34.687273326509235,63.69194491350023,43.10992509930288,77.83
16,22.27663114776653,74.4788309165246,47.4767727564406,50.53
101,29.37995254931681,67.35391335645144,14.842125000794264,77.81
41,29.756378732357966,40.616698714344565,10.490333610960008,48.57
84,25.119779689250784,53.92641849597612,46.79867974305046,70.68
44,21.895796336085006,31.39219537887067,33.022952703177495,46.58
43,29.470629890723764,51.319917840081125,29.666534122760993,56.68
28,27.38898507832721,61.67058701210635,41.248666110922564,55.83
105,28.653218019668127,58.195978337781185,27.512534084349216,77.51
14,28.200444924445097,71.99101761017442,10.736855606311078,47.82
26,22.149221880539617,65.7359416751018,18.200903964845445,46.61
82,31.77154522737482,79.72076337794367,32.24665627366754,80.63
24,34.1888696604813,44.7912048748268,5.050044238828433,46.71
20,23.26837069440116,63.09172925569991,33.51702198944881,45.94
74,30.269392913974492,75.13527552226782,42.67683532123289,75.39
65,25.140963881418607,36.72881335520539,9.248850394721643,51.91
91,30.934088001577358,68.99104420050341,10.319838003098987,75.97
101,20.20451035858732,46.136328636331925,29.946050654736606,70.2
99,25.699686184480917,60.356764044178846,22.4926856544446,74.13
93,25.84849619436621,54.00236886550428,11.210696915902329,68.28
58,33.104277931058235,79.77844502453439,31.22215022051067,72.07
69,24.80040974843588,53.823063561969974,19.32368426115563,62.64
12,24.728591519741762,36.66049620683143,33.457831540947886,38.1
39,29.999256273190586,35.97809988760282,30.768928390201307,52.82
119,27.499384879471826,66.51245947647857,32.86277309146266,83.96
17,30.105526003132347,68.37494152953528,18.838840797070535,52.84
47,22.943685750592486,36.277489494923856,48.35659763634474,51.05
116,24.233937056193994,44.90378252624114,17.50303234429545,75.18
116,21.582251411915536,59.27938419363063,29.495519943544448,79.51
82,20.721384656180533,44.78325196358096,46.96450652086029,60.0
10,23.784678906045308,45.38854526465745,32.613705634522276,39.12
69,34.65547514817764,57.23861134913944,11.10597430065257,69.87
16,25.37932372930387,75.56695950393154,5.9420353022029975,47.18
92,33.861615738669194,78.75899879877542,42.49419604685035,86.61
11,26.812754941050592,50.61398639158328,47.062846196973545,45.39
91,31.85022262339823,45.89912756701675,31.087902476038643,75.6
33,25.08957900964351,55.29658271597792,12.286535298449618,46.25
34,27.48954419021488,35.31686486741136,10.136298618933445,44.86
106,25.80911617137262,62.984513646523716,24.89150394190056,77.17
42,26.830747032209114,50.748021803984024,37.872161486703476,53.94
78,27.161242842205304,60.09033669727236,31.1781491339534,68.01
106,33.02253942989756,44.868076565423614,12.314209436091854,76.18
8,23.13246403241885,32.928265264226695,29.856476201775543,34.17
98,25.454680383791743,34.92971151209682,10.241503235300168,63.22
47,28.4877584046987,75.40092727108312,22.834068147419924,59.46
33,22.1520418552703,37.572276096767865,24.474716795381852,40.82
52,24.78685234730694,53.49576860167977,27.612089457211944,55.89
34,21.202801352181698,53.841943886656225,33.35419070877485,48.31
57,22.92795746857824,63.92455843252906,19.539486574985176,58.34
94,34.56410374406928,38.85767616113128,37.49297288917034,75.69
105,26.339840506834374,79.78189167974041,5.4722138512975,77.6
46,27.219169268288553,70.48375181329448,47.7739769429484,61.31
19,29.155662429774914,31.20550967043334,10.240651871677063,38.51
22,28.991917094880748,75.12016380553374,22.244691467626325,52.42
63,22.953318076635252,52.05752761153162,13.973521899134075,52.62
72,25.296543334075842,69.98916822228917,29.960916115476522,68.32
29,26.680797889668085,30.728357737563947,16.13298861762556,43.8
99,28.11670737318267,60.25447592702692,14.921943773663717,76.65
49,32.294143295987,71.24268837435518,40.448398473606645,70.73
57,27.851020563830122,41.338631265982286,34.99348895118657,57.59
115,22.144413164011283,67.11467690851313,15.987272392226885,75.53
39,20.767253084305963,49.889672046454905,28.02683512016154,42.19
88,27.116523404311025,30.366707541809014,6.161422678843178,60.33
12,28.607987745156443,58.30092124439105,44.51150807800056,49.43
75,21.470115271711116,32.20329307851907,13.337458265009301,53.62
28,27.873499800887572,52.559659572536184,19.86761631495274,45.91
117,21.15781295339702,38.49435366095287,10.71249861897377,73.62
30,31.351371353703925,64.02790808895507,12.473368355008116,53.78
73,34.23471000570502,37.12782775165578,22.196276367465618,64.81
82,24.288508006568037,63.61949063993522,12.644266748201435,65.61
36,27.34466114048049,50.772150029604475,6.080227018019999,47.24
101,20.333277230383707,79.42699935228534,6.864263996872449,72.61
28,24.730456148991763,49.65735647470076,15.661579725352556,45.33
29,20.764623155336636,60.87645575311558,14.350253943276115,42.26
51,33.836514254841866,33.63674738893342,17.62703659570622,56.4
59,31.736387183191816,79.62573100809857,15.830173164071887,68.41
48,27.348057150766167,61.53587222459646,38.28573039933987,59.91
90,22.713378520683474,69.9578985552391,20.038672137789945,69.06
63,25.581803228625482,56.09421640789716,8.058798491873166,60.95
53,34.35795445278852,74.5069026723457,34.35237999045726,73.75
91,28.528283834069182,32.95885359317709,33.47611747976781,67.03
39,25.94001449578423,36.65048994536644,12.143154351843929,44.22
68,30.963194349833117,65.03627606421318,31.50590409414102,67.21
81,28.906709479151782,58.7796714320041,12.265602532890803,73.15
49,23.369036601123273,33.457678385925064,42.2374433736053,47.83
55,25.32247783314744,69.01063242678168,30.375181447493105,63.08
113,26.18604590701799,39.78778032028123,28.092878702691614,72.5
49,27.322665129662212,36.65910628337617,16.75998580484227,54.31
45,22.741267489811538,45.95225371661199,23.69813283779297,46.04
79,24.284389828433646,66.73041503552676,6.077581937171757,65.95
103,20.9135289964924,31.5465440696783,37.1486345661724,66.49
92,27.82065532210612,74.8287329234505,13.833243603998017,77.11
102,29.404526517930748,70.41974411520115,32.524088872549655,82.08
58,33.695622003347836,58.60614818611032,13.13533177530708,62.21
59,25.770988647611674,51.799759028529294,31.732225950506503,57.7
25,26.397496208627917,60.77103899104177,8.670871652511467,43.38
64,20.219134956633244,48.01877461815853,32.217774321316156,55.6
8,29.740682303549335,63.44382655203427,40.939510116048645,53.2
22,33.28870993246137,70.80395211716757,5.852543151845956,49.95
113,30.802361913964106,44.36106046025754,44.588858103245464,81.42
103,33.54835441017061,31.23089919206193,14.425509627927998,73.76
17,30.123398045812323,41.953319203751484,39.111818945504744,44.84
60,33.97546960521753,61.01856260618605,41.16898562052932,71.77
89,34.018158210732736,45.16927718145666,40.18509108486004,77.2
54,24.928372248286976,32.723302368341876,13.210611829362053,51.11
29,30.939647007158094,58.75302867294073,14.306805191002832,47.78
86,23.098715243326712,45.66332382903052,33.62307891585016,65.13
90,26.0798804097043,43.45807854958146,13.93842262378411,65.54
72,31.92587026409197,46.18654128052118,39.43372251894764,68.35
18,22.74220082808839,77.81459407566807,21.950439819325812,46.25
115,24.011229177081617,70.61953620930754,8.70826873378767,78.05
84,32.132394852375256,73.77443251979483,18.610984285766136,75.21
28,21.462615386958127,72.66646082793939,19.76720325591235,48.95
59,27.50868976146247,62.28625216755268,27.975668392782662,61.7
7,22.65690716297381,30.256981379278017,25.043428449760405,30.44
52,24.93233926772914,63.115686936536,38.83213156805065,61.38
13,34.79844671171615,59.89199934228425,8.688458058964798,47.81
72,29.374696225640527,61.91752887102159,18.821554164689516,66.88
91,22.524178827615692,71.82210962349349,29.700933423803225,72.2
54,26.026897026641368,58.891398575571785,18.854335637346534,60.18
52,32.443440735245744,65.46944109121931,9.743061982840803,61.76
18,30.065194707993648,64.85120830021498,21.334227818174224,50.49
27,29.18012794939183,45.31504984437687,19.674853363065807,48.29
83,34.42124929463074,63.95812841597814,33.41191899395194,75.76
51,32.95226912553673,36.614397382551914,48.99154821552695,59.04
65,22.08881106177056,30.535764884767946,29.491580165686287,52.36
112,27.913454734991298,38.5798183532595,12.535688503309483,73.5
75,33.19871940090522,55.27603958617452,27.849102718485597,70.44
82,33.03762286104631,56.50312275258662,26.059120811511953,72.95
65,31.77595881569647,39.78563200498245,41.911399352520036,62.41
21,24.153049542380185,32.303153184098875,46.88708337455513,45.44
43,24.812818141247654,59.80250578804751,49.808050342309535,58.91
20,25.64622443781041,58.53807404795367,26.541718608448512,45.89
46,23.294523928918537,30.011351910912776,46.175069198638724,50.12
59,31.292729838233093,66.64295936659155,44.42866152213002,70.37
75,33.93211941031828,51.52679104565185,10.361330239822166,63.48
47,31.16042870521515,65.55004809749056,15.552476495334218,60.46
59,20.533853462097145,79.71651513428574,15.472775701199833,59.11
22,26.78303718655308,66.95457109964765,35.893127436946365,50.34
65,27.633411051048203,73.07228430106622,43.97160537705904,70.28
22,34.80343918082446,67.72846806028683,16.187219807598787,54.86
69,33.29753789962854,49.9321247106532,43.831507707994504,70.36
13,20.10473392820522,50.174048451349975,15.563948977623708,32.08
55,20.274126045852594,75.20676762890953,8.08918997665425,55.72
75,22.806864056157526,57.777478494281,18.1112482776985,59.42
103,25.449091945983493,51.93237501230274,48.987331619400194,77.97
46,21.602010560035453,77.67014396910474,7.710212520513386,55.54
21,24.719433634027983,63.70087674419837,42.99416888685721,49.97
23,24.894232273534197,31.03790160619821,39.23986899521793,42.5
5,32.31875231839557,57.231543555356794,8.503543382394632,42.78
65,27.24276911615157,40.614282083429565,10.200126950628428,56.67
104,34.02193276239175,75.46010681032436,41.88311912964402,88.44
75,27.555625806261062,73.92079315224808,47.863255535806935,74.38
82,28.168329869820134,37.99398816832207,36.10609987036952,65.12
105,32.44731897075928,62.73626742492215,23.504183024533436,80.12
5,22.336598908702552,57.35226728077889,8.935092580994844,32.77
27,34.26227989874647,40.49488147931154,16.74133608425756,45.91
31,25.28490581378809,32.1550054474162,13.059272269768169,42.19
65,27.555329139923582,71.457532014207,27.866377339933745,66.57
42,25.724247486637026,68.7617269449528,20.416598726500933,53.18
38,26.754237257472887,56.555474816876384,38.55729497921543,55.6
62,29.381501752498902,70.41341056081392,8.10666216101187,61.53
100,33.894624153817944,60.95840221215292,42.11631265909238,81.46
34,32.21575881003622,49.10617472299866,10.952092179431677,50.36
46,28.465930705084844,76.64783127641137,31.39303014668519,61.32
36,25.4375297679727,71.19988259399892,14.183944752009213,55.7
6,25.67336772865017,55.86467410761266,23.58983289772149,39.85
93,30.25805187363548,31.267430213196924,36.052109978425236,69.25
105,25.40591060081167,34.35356027886541,14.096722965137184,67.48
92,22.20744876642418,44.89886177479219,9.039177525207071,60.42
13,25.14258447208176,35.5743843919391,30.668427113163872,38.07
98,23.086915654841327,67.07830542334148,29.600476920379027,74.26
113,33.14920740523837,66.44349022441705,18.56583767564603,87.46
49,24.91757298275051,48.6041127481448,39.192064629277475,55.88
24,28.746917351793037,58.94826601479022,7.453036734702183,46.98
81,23.85594038283813,53.25181671104549,15.214034276218445,63.63
93,30.37124086269728,43.08755500672412,33.090833164888316,72.93
100,27.33572600673925,47.58249361709527,45.92968128554622,78.68
53,24.682878256795817,66.2555579966658,40.83352985368095,61.78
30,25.448830275137155,69.69675667259256,47.34465451584967,58.17
20,20.61602259185608,67.24125377649565,25.06799952914458,45.48
29,26.028144068551093,63.68781148920449,25.265767360135676,49.2
20,27.204413881870337,63.08519227406734,14.86067291018604,49.35
30,23.06096582819901,44.59555867489036,38.68739188618245,42.9
56,27.97035247629043,49.788883983021535,32.591835999635805,59.13
112,27.126505110375806,74.89776080925097,28.627220311042308,81.89
102,30.000972947863847,55.548537152253104,24.294393100160757,78.93
44,20.588975774729903,78.86419115884647,15.905916281154303,55.89
6,22.29716750125934,66.40582186680831,32.01131345448124,42.27
16,30.51298548688143,72.77755617179363,23.823099999206867,52.58
114,21.02661063863939,74.8698659160793,10.372145510218855,76.64
16,32.63160293725267,60.7066588093759,19.662106280875193,50.32
23,25.100065790898384,73.48248424060856,8.966049393951117,45.15
52,25.341396277496326,64.0192206881261,17.33541637186403,58.16
57,28.030216520924853,61.76616733541605,13.841913513029501,61.36
21,27.771157477963417,67.40080383497012,42.64389008424066,53.63
39,24.59401830506922,43.254064216928626,36.32866026354905,49.98
42,27.913819599082487,42.94521373965698,7.377200886412489,47.66
66,32.17358006527322,54.113700004077174,7.578963950471906,64.23
46,22.49382995524551,48.98687024108244,32.773740220263505,51.41
102,22.756769976618518,46.41927498083027,26.924540311486126,69.8
61,29.037037556858998,54.489293399412034,28.789547179517402,63.01
14,32.19721482751977,42.87394880718624,39.84887725728365,43.19
110,26.54369039535736,62.915371975303096,24.69725712200936,80.06
54,21.045791387505943,74.67023645439934,22.452542130699246,54.37
13,24.91825991027388,66.85662069783196,6.652082456737999,38.04
66,20.180045409090237,57.64074378591745,38.32986114799817,58.76
28,24.869137527652423,63.6377993123462,20.177010322440182,47.5
43,27.25247127660206,51.45747459791609,8.370312890089268,49.31
61,26.852267068342027,72.28336745493857,10.140671236612812,63.86
46,20.92919777868482,58.84039598191279,10.364469927825802,48.04
102,26.03460562073558,51.247675953121515,22.229741627788258,73.43
37,32.659902079130376,43.1204188244651,23.977067788666236,56.96
102,29.25069061470164,73.03994684577475,20.578859900614745,77.88
76,21.599354284048967,48.33991603231342,9.47726009928341,60.02
56,34.898977946446195,73.42785141247305,30.408793605329087,66.78
93,24.27808704020621,61.53852100863104,25.504229724794484,71.46
23,23.021958815802993,43.26042684984145,12.639164062677192,38.83
12,22.578688365906565,57.366234216974306,12.406967316480863,36.74
58,23.74616268844033,47.163774453222416,43.34217871121118,58.99
80,33.59350279152708,67.17175869780972,28.977216683062743,81.64
105,29.048195931492565,33.98575365936425,35.740142857537094,74.09
20,20.528227602882854,67.30898192761362,41.091722162729084,47.83
19,33.19756621912202,62.434147667868224,45.46620132301411,53.73
54,32.67456280460152,53.816117610345216,35.13895030482115,64.4
32,30.14597553365009,45.048315981581084,13.282014742259609,48.24
15,30.436924504111182,77.21044191730539,49.797993560713984,59.61
89,27.02835491886702,37.397916705470294,49.30945149158778,68.74
20,25.127986531972265,79.29018297251525,42.7373999390283,52.72
35,20.31513735479541,31.721565428665727,25.062149742215727,40.35
96,27.580478847588946,50.15156556413683,33.555041048368615,73.37
32,32.44348747142553,36.68478271997181,47.09275203505094,51.19
46,26.429664188127976,61.425108511810194,14.6820029730825,57.64
109,31.479744492880794,76.47017419245769,14.216108407529427,85.88
9,25.986891506674493,42.11285787923837,14.156959754989064,38.21
8,33.777824041557764,32.34962505015587,20.246585972218167,38.06
105,26.51796444956743,73.47668359074899,13.129589359008643,77.26
39,28.138599904489332,62.67933850222099,17.329495169435816,53.83
49,23.63816414874456,44.5846725360793,46.59393051736511,59.34
73,24.338658542295022,48.467706504471614,34.86842323814241,62.81
43,20.24990706866324,46.947238767422434,40.80471037976489,51.22
8,30.51646381046405,50.5365771745506,27.70867795898457,43.44
35,31.25496163729934,45.53576641557237,28.152032104041744,53.06
59,33.648952372395776,65.86309379328782,31.19315590059006,69.48
72,34.08315462713409,44.747291202117104,26.39586227761042,68.24
71,30.457493814355256,34.16115331040361,43.83318304908583,62.8
59,20.45623821211952,66.34384530698858,44.330615208892205,60.18
62,32.396969142382744,57.884434559272634,7.457463644606107,63.23
83,27.541252874144185,71.97266171047754,34.28749497026682,75.18
49,22.890145947300503,36.453562346544075,18.403672927559505,47.03
11,20.1431502960084,33.76507167992349,21.913360933189065,34.71
70,25.145400688850366,79.40620379773176,26.835370509441027,72.12
64,30.584229571764396,56.07754919554836,10.609134304676601,61.79
117,24.22737504943208,39.21506984750495,6.771284591887827,70.96
65,34.03739200104234,52.85298296328882,18.061479741763826,63.69
54,20.1576983681248,68.0944947188742,45.19870222046552,61.4
112,25.838129279351584,74.37122676851801,45.22700798014957,80.39
62,27.311094546512113,77.2685824807389,7.5756512082564225,65.95
9,22.14221456709301,58.991478802386254,17.714762038338748,38.5
97,32.35468392129636,65.45007556631899,31.443214397679892,80.12
44,22.317812449857783,51.97814708864493,27.97070591058986,52.82
59,21.11501913329107,35.768140065285195,44.13565955046482,56.75
74,25.023174352054774,58.54269681393808,45.9317925999925,66.97
85,29.378241875471574,76.88198899789509,35.586715035957525,81.72
63,28.063102154605197,30.709831723586184,16.593439944358813,57.16
67,30.32507617319847,67.43492392195776,14.59139536912715,67.65
44,22.537428407636302,78.87282815919212,43.399273399996375,59.04
80,32.67518355733664,32.952507222913596,17.2248886113645,64.34
46,34.854277558774115,60.56708281238631,21.693817066647608,61.18
92,32.25786576089961,30.683084273530472,45.307685998180155,72.35
39,28.647333547097986,47.103471732877765,41.44904346575626,54.21
69,22.812566856784706,67.52992283720633,15.61984726591569,61.03
107,27.66640732208597,52.275890724658055,48.51358315782419,79.26
31,30.60434477740134,62.717322982642884,44.26339783232131,57.03
99,30.77021267190502,48.60217839061037,9.160228266667996,69.62
42,23.937275118508865,59.06077387446916,37.317557640223114,54.73
86,23.71447464607158,47.40259777386602,45.300008339324826,65.78
88,24.844845247653026,74.45060950554797,12.22851256783478,70.04
52,31.04709761928609,32.582867855732054,7.2182521743987405,50.74
92,22.08453487829937,67.36487787799284,7.156124056100018,67.94
46,24.642043236329013,78.74521364051175,23.500103764768188,59.36
78,27.837452133358827,62.051242881767735,40.38492449277682,70.43
107,30.153084137413646,33.204735551808774,31.826419229745362,76.73
62,24.174014912281542,49.7709135121189,35.92354984109045,58.21
36,23.26381909897467,36.6889072496984,47.89882254120676,50.1
71,21.033918172019728,54.177492539518454,14.90405297212726,58.54
14,24.34591975607322,41.9375885543012,14.609428452065362,36.35
73,30.836170766953167,30.36959507221465,27.91109358147196,61.55
72,23.624883812287777,33.401865704583486,19.260686197428114,57.38
99,24.016887117839506,51.61155297522541,9.116938327435642,65.95
117,20.913583148527742,65.07826328014711,5.442239865640453,75.76
56,23.38759448335088,38.80123775205669,43.980479162045164,52.41
71,24.408751407574005,52.316317999328064,37.71583371563603,62.78
88,32.776855079908124,32.62871989055016,9.698691627415311,68.91
78,22.345432124673124,67.58990817934665,30.572087732094577,71.66
49,20.03114776400122,43.03543870664261,28.322587430991998,46.57
14,29.47583627489876,55.93739235573547,7.302447790046416,44.66
79,26.73902237698455,44.822244387207654,46.83423234655977,67.96
102,23.87161464760122,53.19927087201904,10.997791613697792,68.05
21,26.826134532805767,38.17768972650937,18.685573226061628,38.17
90,29.426104364614844,51.93245092179922,6.744062099938211,70.86
76,28.660301018295016,62.32036876140445,25.626356574183777,67.9
42,21.27902512417516,73.30918544345147,27.463390291999872,54.23
68,28.181419253175697,36.67081677616035,36.12395308879932,59.93
58,28.77552753077993,54.42712332201286,28.58883219784883,62.09
17,27.00891494011254,35.335590955117716,34.23002030406328,41.84
28,29.646565289267755,45.78717012420185,32.968342581532184,50.26
30,23.86218824738704,36.78307335801889,16.702161811359524,42.44
102,34.54236349109267,52.69630682108979,27.814982906450634,80.38
23,31.03880609560923,43.754944077956225,33.75985311476178,47.08
15,20.36966606954484,64.83444939365984,37.639687583114515,41.47
25,26.118439060573202,47.38912015244436,5.974050260614262,42.93
69,27.713405168989663,56.95955397568165,16.479204477457074,61.8
5,33.6772785430917,51.956533040242526,6.797658797874245,44.86
112,28.890440999643168,71.25176595714001,43.624869430141615,85.76
38,27.035374095768255,76.4277766447068,33.84887466119717,59.64
53,25.073464509759273,75.69381451608982,49.14701880145096,61.01
9,25.329259613553837,64.12558650581,34.80044712483169,42.68
76,25.14577598779476,63.34679926019533,9.613813920251062,65.84
20,28.965235032851886,73.4847942425817,45.08744667303351,51.74
25,33.040284514885215,66.8413227875752,27.546810664307156,51.56
66,26.31951322450047,71.94196683826351,44.47042104480296,69.43
68,25.00853707289831,42.71295804944653,33.397222697159926,56.34
89,31.40052352704761,32.43831594065702,42.96779567196159,66.95
116,28.73800666161104,64.18941004449373,38.89034812308534,83.95
84,33.04424686598392,39.47217165837014,23.05165862713089,68.9
97,20.262473209810828,32.45023224856368,30.77466245091256,64.02
18,34.97478134856435,57.0681319198066,17.782627506819306,47.95
96,28.711339985834886,67.08420644959116,35.38538769029169,77.84
11,30.341257008069867,44.18989715207746,36.22384228440795,46.71
31,34.44098875791708,61.41735587747222,13.284559551243063,54.17
58,24.928559490984412,60.11281511886286,19.50461710112412,60.33
26,31.212809551197573,72.54263786610477,17.876076910624143,55.99
69,20.287518312874667,51.59946857317205,6.485537115514726,55.56
92,23.53074892847536,54.718540552287905,46.16757274985952,73.01
69,20.2197069090873,76.05719400904209,48.923871088980725,65.33
63,29.68891839534559,41.64395730759075,12.054219289323768,56.74
102,28.905269298630998,67.74137291811655,18.925815940078206,74.26
14,20.034851091978954,79.1965470071201,45.77618912573657,45.21
54,28.468911219354823,42.61613721318726,46.18804731706732,60.25
105,34.209499991301,40.281074384967056,32.61574344779346,78.49
36,34.524904401488826,52.64416802077558,47.5571798798461,58.14
60,21.06556132105012,70.91539088376516,20.10570802892788,60.71
59,21.569906605197218,51.14717718707789,40.80102693159139,54.53
57,28.17473417150027,34.33914770324952,15.658226176844583,54.51
86,25.310968435326412,62.79103836636964,29.177405315061712,72.78
107,20.265050671931508,35.13841213248909,12.748886574063487,66.65
21,33.364608270360556,58.4748629259288,42.45759687658585,57.21
63,30.28477623897799,41.31386670719035,10.931307345350572,60.65
55,31.978337571958985,35.35145671055191,40.13146868772329,59.25
16,27.338582921416617,40.8874352417011,8.523575171580088,40.5
9,31.431944306754872,76.80882820832525,47.33378866555075,54.86
13,29.361701300684814,53.70381320539288,44.40583074137477,47.9
66,33.683123551722886,61.65893374478861,37.447459740404234,72.82
33,30.208409992082565,44.977815980744865,25.598471772479602,48.87
53,32.34505361670402,41.751564940595934,34.35265007683008,63.27
68,20.69294724802443,58.9798363706337,46.06722620973997,58.79
24,32.295155041706884,79.96751502361002,14.514406609951003,58.11
96,23.5519637818427,34.19812817233633,39.65095528051229,64.48
9,22.036187796498517,78.87190921020061,48.395895531619395,46.74
34,23.198058970837025,69.08644945023798,14.168996863247468,48.16
34,21.387928315500787,49.97161395154272,23.85181507718385,48.8
107,34.79265195925542,71.04245046315643,17.66647861029137,85.95
65,22.154320671032245,62.897474289081295,37.73646850984235,60.49
81,32.64418223684296,52.294330992990396,36.88625955955214,74.6
60,22.60945558855008,48.06080294879059,33.678597044211074,55.76
59,24.498114026660975,31.72016042267291,33.57183785529847,51.99
28,26.481009275999266,69.81953613098545,31.793666072904877,52.78
70,23.73195595629722,75.51083274833223,11.948709089264586,66.03
104,21.403391103685035,30.833577529981653,44.30904189103466,66.41
34,27.59067038617755,38.12555326487281,48.18855746578861,49.39
24,30.7605916109446,63.21696833028411,20.452000530855763,52.19
31,26.830923578719112,55.900767445425984,5.335841318774873,48.13
43,31.196297450147735,37.275865019371246,44.50902721248466,53.69
76,23.550807137807496,61.40152322847685,42.34728169455995,66.3
30,28.964486598033506,66.94652276747361,6.312645153083448,50.05
22,23.063847019045944,61.3401315032422,21.14341297442999,44.78
43,27.610846476277356,52.075196164058745,10.880268368596807,53.2
54,26.76695104696762,65.9349632986398,31.380597445134274,60.7
76,29.281204736864094,34.0839882433177,14.7976204459506,62.14
10,27.302423179118552,76.74465232772542,33.6688649984622,48.54
55,21.940709254500515,48.79106095039705,9.461575052493078,48.6
59,23.307057214990547,38.22830292146675,23.284950393369552,56.56
17,34.00370684010034,76.63011037518218,10.635351153293604,53.26
63,29.996109570423783,44.270203423171125,31.361377739685995,61.66
71,26.44767004614733,45.32211682751215,48.29958095521751,65.52
96,29.217491903827888,74.62345469760058,8.538201994539111,76.87
6,20.370049318107306,50.344921569531394,14.931458365340081,33.53
62,23.181218562160666,41.94988401057756,17.657805359886535,53.4
64,23.101965140662163,76.25322782235276,21.475090306793806,63.79
119,25.077603191382092,30.35459063871855,35.61128097486683,73.43
119,26.119067275517615,79.01306039082496,34.255095053864615,88.06
22,25.530877332062687,68.48657091484401,41.492083670267476,49.7
25,32.66278843736123,36.96511693539571,28.410438222681144,50.8
7,32.38302262280624,69.56553571563335,14.04101028584851,50.06
90,34.523132612943584,37.39262189311919,47.3394320372619,76.12
70,28.063717070772714,58.78962355611549,34.03175374854065,64.18
41,34.742901767831306,56.82351955942366,27.61835520295641,62.23
31,33.98400325881458,63.29735830402321,42.01958608161923,58.07
9,34.299745583014406,75.15953453613929,37.116781640451826,56.02
29,27.548306222879518,68.2574424930632,26.838078532777192,55.31
71,29.72385431116733,38.619318105258316,44.25775535096667,62.75
119,29.645914903100447,68.12670188877674,31.321890229042474,87.81
107,23.797983605192154,70.18467259386512,41.80199331047858,80.31
92,31.02539223657648,73.32255316245207,28.439698030137997,80.45
88,28.193714001962764,34.47365614051936,23.80928384781111,66.71
13,21.528376309573293,30.79601336313993,32.728233434566874,33.64
64,25.341009486787172,69.44569814829336,15.516070197141362,59.82
45,31.447250866183417,70.1124589617557,22.329775534546418,63.12
8,28.90362881621447,36.3555245433512,24.23938349118704,39.64
27,32.797637183867,59.06605098625266,8.551843476728553,50.06
25,34.042445623264946,55.675893337088496,47.76256506251332,52.43
23,31.952923554142867,47.04832817312423,41.245982736826406,53.13
66,32.70177502804618,71.5970770844026,23.158399659809504,70.43
21,33.76658978741659,75.41736051215048,32.205834961620894,53.86
38,25.010683226299392,35.34104964819953,15.748032218162312,44.28
94,22.55807073347339,52.36752745028129,14.470685247944042,66.74
11,24.84717825919126,57.20543119697343,29.827056740898513,41.0
54,24.931401913316748,43.90560837769017,13.299583576291923,47.73
10,26.866469190562015,67.97600743584721,14.269468288481294,46.98
101,30.841530140161936,77.26535201258184,46.2684550761416,85.44
51,20.784186549031393,72.62713224377501,13.918837388975067,54.04
35,24.788379466792826,75.29558356173237,10.698670648326846,54.24
21,27.7881046190519,41.71850453389378,10.560491933070928,42.04
95,25.64388993995633,76.16430105069679,29.51711040530443,75.24
22,33.72041840505585,54.67718297947265,25.410776432682866,49.3
96,20.0587756242664,79.97303405298365,41.1023163716365,76.07
116,29.04269570593455,66.37682136150713,10.182010433129166,85.45
41,31.34465145470441,56.98308944515762,8.48676319499672,56.79
6,29.30835270535188,61.917503256536534,36.47231334443153,42.39
70,21.62600559074934,73.79665110931025,40.24220130625563,70.99
59,21.428734009593043,31.373528125649244,23.16316528714537,47.17
43,20.94361214027036,39.367339566339446,6.461184726128673,43.64
25,31.18442498780753,79.78095298113533,34.95427252816819,60.52
100,23.734653487420474,48.615354928652394,16.459869465048286,68.59
82,26.750962556236374,40.235972697499946,30.493317451452352,62.06
76,29.387617924735636,32.72546387068598,42.639788181925546,66.71
102,33.28339165378447,30.500520527956823,44.70841338997048,72.97
19,28.902446237327773,40.505888797010726,10.234927720996755,43.0
32,25.84274038918113,42.053217292836834,5.706315751832584,41.81
31,22.18442970058135,64.87158086185963,33.92629659887781,49.42
38,34.997738667296005,30.109207142862438,33.74026862541824,53.99
110,21.356284666874913,77.39282836268303,16.635076863811065,79.37
86,24.733302116646662,69.44725619674634,35.68034740048046,73.27
8,25.260646819881266,68.64200417132517,41.1426730234729,47.69
34,27.802919115858284,58.28710130354507,5.688976398210745,48.36
44,22.85572679445552,48.33609542968995,9.761226118543139,49.69
82,22.646596557055254,77.79515861940911,8.168241308113137,67.59
106,33.67012724324613,57.704964019791305,12.852431887907983,75.94
110,34.58119003211836,37.95795419969149,20.936938854177274,75.12
27,33.79688857669154,34.74245966265781,29.48567008833954,46.89
62,27.504357780172697,50.75778380286552,12.614137325476332,58.53
43,22.609660992827052,46.873852285648596,5.813649149255845,43.99
67,25.82946418410654,31.861085228466457,46.29203133178551,58.88
26,22.34919222338975,78.73800406680976,42.91422032293866,55.15
6,20.762801354537316,73.17784014991548,20.342651073917438,42.45
97,28.241177480914466,59.54331336975572,34.37276556997509,79.07
105,29.32905100635064,60.33964479106684,43.2261455712648,84.55
100,31.432812667911232,65.68036831317357,14.338017292319556,79.09
44,22.124258674799258,35.12481645946064,29.095922734562937,45.74
91,25.8415202011651,77.58512031952685,19.38743822029344,73.77
88,30.475069569191042,44.68972353271637,35.24236432274128,69.8
26,31.743854213863585,52.13274241302166,26.83700340541797,54.45
53,22.454247331138326,58.280176387402165,27.676086142127,57.41
37,27.863820808066052,63.53636627213004,17.124775083664474,54.32
13,25.132796086379862,39.723175959115686,30.287664949695767,38.01
10,29.27154448342545,55.47544366121009,29.558735590074605,44.72
61,26.39446576105139,52.116772902510775,35.090189820405186,63.04
14,20.790646847801586,31.87831147719903,37.27316511710409,32.79
40,27.630589763244,42.15622652113343,38.5137829233465,51.57
8,33.504683593617365,63.24089953581355,9.734879985717637,45.97
56,29.76457617827817,71.22585348999647,23.796885513783913,64.44
79,30.467965930282162,43.412517946115535,49.970132599257695,69.72
107,27.77308598273781,31.876432876590155,30.615359544115158,68.02
113,24.66792106706014,40.4529064390433,43.18169944701829,79.96
48,23.60367527696456,53.49021607243408,25.49595074028628,49.23
99,27.552702669469948,33.005427803919794,46.21707331300192,73.97
105,25.07551798887824,76.77615113794286,46.0493407062132,84.37
116,20.8054561789896,35.31228542347802,12.815223662945293,69.07
47,20.417615768938795,42.33282234223889,25.68266382798169,49.05
113,23.991619342539487,71.6595829892727,24.205566748726373,84.4
12,26.204982853748106,67.50804164773005,36.20303840430698,43.32
27,33.78120957206377,52.01871115126053,29.695093666835525,53.89
97,28.746015266332154,78.01090361914123,34.71511237313574,80.79
42,27.68132865047996,77.03450938616159,7.150161410663242,57.22
48,23.078301309411078,39.47595216186884,10.652702592030618,48.13
100,33.731243022000555,68.09671878715486,27.730200008480285,82.48
112,26.979162969138848,32.91189154101376,16.802344481674318,69.17
86,25.808690723052123,69.22028328042,27.180332851307124,71.69
90,31.021427170330163,42.60719779194718,27.086463557061926,71.41
24,28.2905583506831,35.7370979169096,10.676194610726842,40.2
84,30.61911373609992,65.68260372468714,16.358077172396804,70.57
41,28.087906911909716,78.44073452889023,26.789591270643875,61.59
35,24.32246784325927,60.19602218311137,7.231707869903875,52.91
93,30.818367012483748,41.51975357572822,35.83406541964398,72.92
117,23.978427837540117,64.30455769717435,47.69557239613631,84.98
22,32.77953880333763,47.8304456437193,16.762879245217768,47.19
53,31.495269208360853,62.897495560229615,42.075337173109894,66.28
66,29.749281472488335,67.68841010225262,32.99041349640413,68.93
108,27.922665821345255,36.34364140315466,31.662206562938227,78.65
87,34.55657823326146,35.61929661457629,17.08272127637759,68.89
56,25.754135605327377,51.21860130268173,37.161324005298,55.42
114,23.573141532134244,49.43373753354753,24.966565116335055,76.5
28,26.169954354968553,37.26125099576245,28.594172225305446,44.54
75,27.11679769766785,30.498461736725925,8.814476949184993,57.77
67,24.301503163368256,57.980842782236195,17.570533591905196,61.25
92,31.742729269799863,72.27554054202803,40.95869655973795,81.37
35,32.82012562076395,61.527801545459766,38.62562621177976,60.05
38,23.384968745780824,40.589907494075135,40.664289542960155,45.35
20,30.142360001801677,75.38754001206189,37.83967302081565,54.96
12,32.62423189636723,57.731024560557245,45.5734053268862,51.95
92,24.891590849581902,41.0218942446307,46.63796876569198,69.36
111,26.899129269409443,60.34865581371327,13.482493375800251,79.69
117,28.384298604055655,46.819686170145474,28.35597621103501,77.32
14,26.630993196771126,46.70523260432816,28.48238938873352,43.68
88,24.419049994106842,42.93525351621433,6.165323161226832,62.87
114,31.323988096775757,77.75875802390662,15.806821820990638,83.27
90,29.11794236121471,50.16821525131766,35.4412464571585,73.63
25,28.401739745140226,49.32312821639676,23.911232081339385,46.43
59,28.2464682689903,52.61765192393581,12.624008094196114,58.71
114,33.80057246163579,43.53418021508656,21.67211466767814,81.2
92,27.545656213355322,63.10559129040896,46.06697055161257,76.93
26,26.154555828089933,53.535049974553075,7.211677565532967,46.65
94,23.748314096463503,47.812494730189,12.97467755954564,67.62
117,31.234985261074353,43.61576985905414,10.287582809556799,81.44
32,31.53661615260949,75.09547858744443,25.08595607434667,60.29
68,32.106605304792694,56.164312465012486,10.2536556245958,65.22
111,32.27889845559662,74.98002973816179,40.1869660904694,88.26
69,21.52770897713574,66.42469669237201,13.985138211829101,60.36
83,27.525487490096374,66.27340842250814,10.095405046660641,68.34
110,31.507560776735914,78.63443716305426,17.862865189853423,80.95
42,30.393176415449783,57.79354070994796,36.478754168115735,56.82
37,33.94687583945755,77.39317209995343,8.118702770843692,60.16
77,33.60299866009754,59.36849342877885,8.843111793089323,73.16
7,29.029720294616787,64.8723914082153,9.072333999314004,42.63
79,26.158980458574,74.92984552844851,45.33155224122105,75.75
75,22.970045454613302,51.901089817516464,23.393469326383755,61.96
6,23.590547545130697,50.89842540069435,16.303640207201028,34.51
15,28.395761538924702,47.95003840396319,41.37610201241333,45.36
89,31.19678193285671,74.6754985696659,39.055515030607864,83.02
86,31.89038859274067,43.95720666111522,34.08643004556452,70.08
40,23.69522370863453,33.16267044493398,10.926929084285979,43.61
28,33.117126549254635,32.17166786178187,16.746277619113165,48.78
69,23.497813316324244,73.22014935971988,18.92158529360058,61.15
47,23.116856970571305,69.94742810358531,41.13667223453623,56.08
80,30.155567223230154,70.16060616220466,30.28446303086809,75.85
60,29.150650181866272,49.124223029129716,18.70354351181225,61.86
107,20.05871158603086,41.36038389160022,23.288282906044795,68.07
88,28.176251192898352,63.073310266182595,45.64731300075114,76.83
72,27.47298079342528,51.93338860157877,14.82229394516722,63.34
115,23.461018853105806,44.55982274983121,39.752040057687765,74.52
41,33.33282647590129,67.28668668406794,6.582064642182564,61.62
76,21.345513785222685,78.07718614405547,41.32677421968127,70.13
24,20.061593043461727,30.550667916780373,23.748621683618776,36.54
81,34.15661180517224,30.191514525016128,15.715617946429944,63.71
70,22.142688613878857,68.21257990346977,40.548852500754776,67.3
14,34.91846385026787,63.958584976899644,8.333370824470148,50.84
19,34.99627345143567,66.24655987598096,10.138270110670948,57.87
60,20.02142514618765,52.47916764601311,42.658854000196655,57.61
38,34.988109484151614,44.34233228236,17.62047791420249,54.43
35,34.587837434504934,57.201498264728784,30.19080749808939,58.15
40,23.48434481144679,74.0648772807046,19.771479017480168,52.16
84,32.10167213759471,37.84586360186136,5.676014389125483,66.25
86,28.822155600943972,36.914158670237384,24.175506693761847,70.34
64,30.93860373646352,73.73735367444874,47.24236858900384,74.96
114,32.75870295959899,57.52726503099977,42.164970189206656,85.16
5,30.325364373704865,42.98972080855802,16.459775889460104,36.02
27,24.69266942008502,34.90222690554699,28.706772472268604,41.86
68,31.99537793004187,66.97373269420567,24.184323229581558,66.77
25,28.4726215507614,38.9828482918423,9.489360096627909,43.01
52,27.15719563983574,36.544056927678795,15.600467056752557,50.56
58,34.03623892286826,59.88065954662302,41.42423698082667,70.22
118,32.16656849457977,39.86213330835084,14.609186504777812,80.83
80,34.43293814416987,44.49623813165143,43.38248915229319,70.03
78,33.56170490719258,37.82646067078706,21.49869650434054,64.83
15,22.390923271571033,78.40110860228694,46.163719792744715,48.98
72,27.612636417039973,50.062629160186404,43.478527368635966,63.73
115,33.97235580378389,75.42050536342848,40.15807913325615,89.48
108,29.437202509554787,48.51465332206589,15.176821991095329,77.36
93,34.36649987264334,33.88562091958627,28.95621056875917,71.14
70,24.595981975429368,37.614512353382764,16.878898386942346,52.96
45,21.24371872091722,61.00006667387042,20.310034750306567,50.63
70,22.70955046911973,54.28153670160628,36.68790002876104,63.98
41,31.508500912388342,40.29436553832997,19.475886591558925,53.92
79,34.049919568770214,35.31392557852679,42.88925876262018,70.05
39,27.649776189702457,53.029127534733334,45.53420731028296,55.5
38,27.25103354784506,35.58179646980308,10.193133169148366,46.84
62,24.800893462753738,51.08871209680629,15.337232765745426,53.99
90,23.464689657920953,70.09569764180632,43.3170131740946,75.88
66,33.55004009784058,33.48453483650598,7.619788043390284,59.87
114,22.591359774216308,48.96827991020933,45.987540214538924,78.31
44,21.483100139939772,70.60897936463758,43.97104358062811,57.43
72,28.241429184327743,62.80895181113435,22.200679400652113,66.27
77,30.471058196051025,61.90699512581347,19.425345096241607,69.41
23,20.801880689072274,52.28458951233732,7.2207303663839575,37.12
32,31.4945610667835,54.89742962911319,18.95153108056025,53.55
116,20.704466336115008,58.3161440083266,39.34827103987767,78.14
34,22.20522432349668,65.54471652302709,48.80149547685293,52.04
47,26.701582382594104,30.35482662474436,41.87292039349217,53.19
20,29.618985638853047,50.682228236384944,18.176579003172595,46.43
37,34.5345179312345,76.65388265330725,44.18021606964443,61.67
96,21.896963681053567,72.12772507325906,21.29817212573682,71.59
110,29.025299129306976,33.034153447534116,23.60041069420365,77.68
48,26.540704611778686,67.43360876254954,42.25662295453906,61.56
76,25.29036680254602,46.28511057888511,26.265913386973505,59.58
9,26.44171845618054,53.53529736579687,12.081721250745968,37.93
106,22.3944913516016,74.8140776081894,23.202097900335925,75.63
86,33.67365330894579,47.281008445039475,32.96782900121379,74.81
61,25.807749112339014,47.30542500822038,42.61497836568091,61.47
80,30.13838934245316,42.43626968953123,5.697420882178564,64.3
27,27.563951911895472,73.2822518186366,15.860736672687494,49.92
32,21.099587271705797,74.70910793082857,15.267466118790761,47.31
55,31.889937151274253,60.19015394218767,27.200371462357122,66.08
47,30.990502758062107,60.84423779825907,5.1310273025204935,58.74
113,26.68594731354304,71.80593077725213,16.923517769994938,78.71
112,22.3052620371087,73.14820232377377,16.97096195279608,78.21
77,22.259164296027787,76.63240502712392,22.23764628894516,72.46
100,20.305116228232663,40.25935714524035,26.91871449456101,65.5
103,27.016230130619952,43.63969463499229,25.859813804839586,74.55
20,32.039843662283296,42.34827062335312,45.48256202175418,54.08
18,29.506954639890935,52.50259652769461,20.201766949470382,46.52
76,27.463491250830888,37.74213408101137,13.231531668293812,58.03
72,34.594424524280626,41.07254456866225,41.25237299664416,65.42
72,28.60962762547613,61.87023061305918,30.051916544878424,66.38
36,26.102339710976974,53.00320583737809,18.395544135306743,51.93
23,20.27537575998836,62.699711071012416,32.83633170824519,43.76
64,27.22979280239609,67.80021208870386,25.3541315773101,64.43
99,25.350847539633595,59.62414969507982,42.60072672907919,73.34
35,27.29066297726981,63.20503355739455,28.762135205170967,55.57
43,30.85983746353537,40.60224246914872,9.729389759613724,49.6
105,33.62125530589782,70.21872070688502,7.96234295134192,83.36
110,30.51516900642561,35.66348765323429,39.77962598585832,80.8
55,26.150356801126144,54.099745886643355,8.170730495013123,54.83
117,27.180525808539983,38.61746070724816,38.85508300900482,78.4
34,22.43275058611816,54.322119357093726,38.23425677641584,50.87
61,22.961732256366975,79.20594419131186,38.1314276582208,66.58
25,31.620094057726973,43.24081608891594,47.01169146655632,54.27
39,29.3914715298057,74.56003987009046,27.754536084359874,59.52
87,21.559390638685844,78.11826582272641,45.05993017495502,73.01
68,28.764795976440634,55.42637158867863,19.330338506261196,61.72
88,30.948336765553968,50.546645248137914,33.31486368537314,75.2
55,30.666827255229286,32.598304906559015,43.68865125582801,55.12
92,33.57442820254871,70.89253317074161,20.581971869063683,79.28
25,31.24588620175315,34.84093654936093,26.42255159679778,46.44
21,34.72171393143694,36.73736325654537,19.166227651425572,44.23
72,23.421505668535776,76.11116590774301,31.665568224417207,67.79
30,33.71789230703084,35.652648391725506,39.084129651799614,47.47
5,22.646178656418293,70.63664521523397,29.37921439734569,42.65
12,23.976337531280542,66.71549944915537,33.617280953364514,44.11
107,27.77599439949598,35.63046146746103,47.02943383306778,74.48
75,31.40467476656636,51.01666547159213,47.459891554223425,69.77
102,22.561523900050055,43.3604947743037,27.91010233343849,69.44
79,21.61121488154333,35.058190575877056,5.509966694201939,52.44
51,34.19113427103247,42.23577985118504,10.920438798770958,58.66
28,32.877053788973946,57.31952336058681,30.626443159835482,54.4
22,28.42376541450362,33.6571254739142,39.40896076763505,45.98
32,27.101524003910733,60.65851803715585,44.09604931180191,53.99
62,31.305207733144854,78.40561182030584,40.07987909578678,72.49
28,24.267679396136664,32.35305989384737,35.08460128012934,41.95
67,28.030563089575914,38.456243132208904,19.510241436979236,60.87
114,33.559295977848336,46.033137736821615,29.85521060549763,82.29
40,34.73202776654226,79.15099990381792,46.62396267057656,67.25
5,30.04930236288827,30.020077201266993,41.26510261385844,41.65
90,21.194808914306343,32.42813616478308,25.157916373153352,62.22
62,34.45874018109782,62.07898406216971,6.05448299153247,65.44
52,21.075976067223625,62.99349334145195,24.421294810287915,53.65
81,22.10748514693276,61.12746981065569,14.352072865647612,63.76
34,32.84918504337389,76.38372707497595,47.74231424688646,60.49
92,21.169907996141138,35.30650096545097,27.175160563923008,63.4
36,28.81527125592516,74.78964364473529,34.39342351210156,60.05
77,21.935546133341372,51.51582140211954,17.361726476321465,59.81
21,30.04954886144985,33.599040923166086,16.550626624261856,41.93
85,20.468203405081212,78.34327751466968,28.69677241654052,73.68
84,23.960192691078394,30.26992710918387,35.082720551794225,61.55
102,26.641038915596873,77.44581090943575,16.06998831380578,79.48
21,29.11543855246412,50.13356041269989,14.352967463884205,46.51
65,31.072261322625344,39.456934816337004,30.80712937509395,63.62
36,28.3051675030915,39.41925046674365,7.531101244182762,46.29
58,30.40795013492592,54.46613737375607,28.065929716589526,60.14
34,21.843828199984593,60.97841123893298,35.39895658790255,50.53
50,20.633007028719476,54.81475627503198,29.500759946712588,55.09
30,21.139902594737478,63.93941111301225,12.92371848642723,47.31
67,30.56740454617527,52.69232819034558,29.327494744612807,67.56
41,22.91821954549867,66.58397993937409,11.936638595135037,51.22
84,33.51361595400486,63.709347441480695,33.497101280186996,79.49
47,26.33809070335782,44.91688717937494,16.836162608425283,50.42
17,28.83215405234335,34.46110840286193,24.394237828126627,39.2
108,31.669167912054817,72.06698595030241,31.08949058454229,82.87
82,34.63806294175305,44.312951769159156,24.071368332810838,72.71
35,20.37045946529167,70.51295652586435,29.146018551287913,50.07
23,21.928693677675035,30.919049488762102,36.03373338465077,38.49
77,20.984011474175443,64.53076561933182,30.75834766854943,61.05
104,27.697550244958464,54.7845385114357,19.973036929273498,72.84
61,28.956749300232552,51.20925278729881,25.10099247850992,62.52
25,30.318651371829866,73.19774110047553,18.448843495409044,52.98
117,21.28865582304231,65.7059570462458,13.830542675953502,74.67
57,22.227247745079268,57.71503529239763,28.72167717313691,59.61
112,24.644477150042686,63.18671803469692,34.96029806609919,79.29
62,23.155581222947536,31.15235442033037,45.353594745848504,51.23
41,32.91216294030106,30.272185459584527,6.582858418921847,49.45
117,22.013036394895252,62.237836329504646,20.284727921664924,77.48
7,32.63557000727483,68.0303290695031,12.569499159509371,46.59
30,26.55722157567552,43.39367914087204,32.1802248982775,48.36
109,21.40986394124903,44.536115381033255,49.26793342986527,73.65
50,27.191824672246483,48.36388506403546,46.12165351812249,58.66
18,33.5217024430757,57.87146396321599,44.08142680412463,54.88
43,25.012145335757932,70.89520884162198,6.726373761006551,54.47
84,20.30068999298847,59.12844546074056,36.447515170071476,65.45
63,25.144497795501174,36.912278281702854,24.775941846129896,55.15
91,30.74679472338185,42.48123522052917,44.497083231362275,74.6
27,28.542235822048877,73.05567600307128,8.5252197992903,53.42
11,27.55429906960402,73.35399985792118,47.8702789924584,51.76
73,21.876333647546055,36.489148286130565,30.05682621252384,51.54
30,30.221901731379077,42.680781381928206,44.76800249741241,49.44
20,34.9322541609983,31.128429160118856,10.078616512074301,44.75
91,27.324644642387675,46.885957228110854,29.71708220067992,71.49
119,30.817389023208158,62.88943900180931,48.160053139833224,90.65
118,25.322685851459873,60.63421723373036,31.341894025593035,85.59
75,24.08360813759067,49.20803789767312,42.617097050742856,65.63
26,27.50296903284178,72.022137527301,36.55820039397729,53.39
46,32.461510828921405,44.620754194212395,44.37037555690668,62.21
23,28.8637413924084,79.4608341710293,12.507336722761828,54.29
7,21.57897743720638,58.63414079283447,27.52614002517344,37.45
68,26.97282171219906,61.52943486542718,25.23195077034818,64.62
90,28.604417869143617,71.0767788944843,6.2856912975804695,70.34
41,21.700806433288587,66.03081453318575,27.513732035953165,52.13
88,29.334749558728276,65.33592885222801,18.411769944250295,72.61
68,22.52898572651055,59.03984149267379,37.14744029167816,62.63
116,25.566591366493086,66.00508272695706,35.41966203903531,83.84
31,28.01831817134059,63.756494292220985,23.78517277534081,53.1
5,26.665282941462426,77.19979533553057,7.152746562816747,46.95
84,33.42142980518742,35.87786245604683,49.56001405767832,70.54
99,33.560524796818385,46.00905837142193,35.16142892199616,79.31
20,31.573545890837394,74.04407118873684,41.25861014801541,53.8
116,33.528741617568244,49.85934431585645,16.03756872384653,83.88
56,29.578155911028702,32.52984268382909,46.68259828317832,57.14
7,30.359341131220123,55.67172485629101,34.27729354634465,46.34
112,22.183512647498535,50.305499025127894,10.070308698565551,69.98
60,24.88371698778517,79.17986498693871,35.030802337267815,66.13
27,33.83073203190661,35.22639439378471,10.793624129407089,48.83
81,24.99035269539005,51.914930401658296,16.821198944600233,64.12
65,31.33948773396872,62.0096934268516,10.394961416773043,68.84
100,21.083440224087166,37.37265046330898,8.296052184832554,62.1
81,32.17863672439857,70.39690150071416,13.543369712193611,74.38
45,29.634172452606727,31.918077739398733,32.96589901955531,51.23
73,24.48519019414019,45.82990302052845,35.204970035584296,61.28
81,31.546584610783782,58.0677912094669,44.72764208051356,77.16
47,34.79492260340189,55.6302526510794,47.04214061587446,61.54
5,20.801519035865258,76.87751687036692,28.844403148319273,42.34
39,28.332876020940795,66.98108423264975,27.465930838614863,55.64
64,24.593588678426006,71.89206904527592,8.256076598359698,60.22
99,23.849925348438717,59.6492373877747,47.11973805508,74.04
94,33.463432901797404,43.232475249938076,37.00696211197039,79.5
9,31.261853467696817,62.235998869090885,20.988033944869343,49.96
87,20.237803180603503,34.59922553353999,19.701006013928676,58.89
64,24.192041618444726,59.09326332523539,7.490740514814283,58.53
70,26.388397325550226,79.2762066627609,29.932627255709484,68.32
23,22.661142051817734,35.48181412675932,30.51647525755524,43.0
55,28.13579840285658,56.372823186086606,11.350675323469485,56.28
76,25.77743941658811,47.078481647213756,44.35726075264247,67.06
23,29.979092543553662,33.93492883537547,32.16898147269258,50.86
105,22.002033189231927,70.29288526670311,49.538146897052194,77.47
112,20.205997821238675,76.07096674381638,10.788082719763644,71.82
80,30.321764888095252,36.40940364052309,24.14104233214926,66.63
90,34.42073705215573,60.13349804722526,30.176386675535582,76.92
84,29.207689175115863,34.38588208599822,22.619169482073314,66.66
21,27.91751056341911,69.39654692188834,42.81801491702032,56.0
17,30.785342306504013,55.19443983956367,36.894453455554455,48.31
39,20.386136146208244,47.05239364153118,41.14870580831151,45.6
39,26.56021358648892,76.63205312769924,33.46124910851648,60.88
51,34.171251203153176,54.46081243440453,20.3870522108627,59.1
90,27.50446811590988,63.94504211151037,22.638548312350835,74.2
109,20.010752880598698,76.84267150455076,12.403641757676558,75.54
112,22.79867748880462,43.46798503317689,41.029877368639006,78.4
51,21.72951635508574,35.349563058731164,37.37569854514874,48.61
34,27.59684565554771,72.22011715952661,15.765044614963609,58.0
22,26.472621797714638,41.49591854308163,28.21756453364405,40.83
6,34.108059516544216,75.29719839631323,30.50627472547097,50.28
43,30.729006237638664,57.83661538796089,43.46332783663904,57.55
80,34.161421788955465,46.797307668946694,30.231251661905606,68.88
42,27.923399115907355,63.09391940223456,14.336124712649474,54.17
90,30.377958622412667,49.15346848632534,44.10945809261278,71.25
39,21.976156994479464,64.01188769218916,42.91056437532861,57.58
55,32.996411043481345,31.66615997197542,46.07543234239364,61.12
11,31.853898559125405,44.78764173101647,27.30442643974612,42.95
70,28.564873569889677,50.394130509849155,34.765151747589556,64.71
99,22.971961127353655,30.460044881268974,33.22662802861902,67.54
10,25.619738285222432,39.146766064210624,24.352490533607345,40.18
11,34.10269752093862,74.60371755468103,29.09848622386836,55.14
114,20.23171141599617,51.78671784216538,15.092303820885737,68.57
30,26.858456294293166,57.48111505530174,44.951793815111856,49.49
35,27.412364053277066,66.59366265313601,22.270606515808133,54.11
66,22.257432471088784,55.178503720177744,41.073916542411524,62.22
49,27.359203638472987,72.4383792640657,36.77261515871139,59.26
56,26.119439033085897,46.227705486546306,40.17591939948788,57.94
91,32.04699633404369,32.207278104372776,49.6441484162969,73.57
91,21.31363360124262,70.2837689521352,35.11326434896144,71.01
15,28.062406305098516,32.4649831204585,5.105636324035392,38.17
91,27.09238437344454,62.17881113699101,9.863487214987472,68.31
75,30.681079883718958,38.92253370491874,8.581466631741911,60.6
18,30.922750357827233,46.20675869163982,48.98403264711865,50.93
83,23.937629063998163,36.09446060401795,27.939068010539213,57.81
84,20.724866132830954,58.16279219128417,34.1520037170996,67.83
45,22.45880393070417,49.07044049515617,11.339087177788759,50.52
59,29.952531041078856,47.2865126096499,12.712924054613861,59.89
30,29.04520795046882,32.8566359671665,45.219838449287515,52.8
96,34.99611908387139,42.20320054836256,39.348842684549474,78.77
104,24.723998411883986,36.44894539635826,26.080755668918894,68.4
97,30.32496143499015,60.20653144282676,47.111703085001565,80.5
41,34.73978617240354,61.85237767518137,12.27369622030663,59.52
53,33.82590004177492,67.87345253615516,37.92673727254182,70.09
83,32.07088975612147,60.774547983335964,38.92012704888869,72.02
68,31.73002738390912,69.19762590489205,25.396779763663684,69.26
58,29.896454606796254,36.84911111547639,35.90899221807095,59.22
54,21.75206161600928,43.65798101849725,14.428365094063945,50.91
72,24.385865357716106,65.26533212679635,38.09464672514839,64.68
21,33.838586073587,58.42361010784098,21.36764845110579,49.62
52,32.31617542997361,34.61729194727161,35.330331040822,58.33
117,29.550393715369125,41.061890990334184,35.46831706963016,79.35
76,27.098197803265982,60.886346203089715,25.534666572007936,67.32
7,25.046917438658184,59.45781886968941,25.449004362179352,43.12
119,26.091231988396565,71.31086878876101,15.243464111872656,85.42
112,29.63314455504046,42.281578702440726,9.917575041567197,75.19
67,32.76505650195874,68.8602123675426,17.10735029339733,69.73
11,34.6960150216079,43.41380102267783,6.84402000124507,46.2
19,21.53396421495674,67.20633428571851,41.260678968120565,46.43
80,22.079787936699557,36.36559393733625,12.905253408586304,53.2
36,33.67458034602955,62.62423642030788,39.82103368560652,58.96
9,27.209720424686132,57.591436676708426,33.429867964374,43.34
56,26.501955495996857,49.836380023419295,47.212423409926835,61.69
88,28.559968684711833,51.77945790063545,23.668108263571774,69.04
30,21.03761285758126,46.560415116426086,17.712442697943402,44.99
14,25.54606716309033,54.30287709513405,19.120196448757795,42.59
21,31.66520564412339,66.94006916340948,45.18340662671723,59.13
99,32.75565378949558,41.485115768106716,15.78690852091001,68.57
81,26.649804811590478,59.29315252639608,48.92352496126335,73.64
56,26.13838220287694,67.41168582467546,10.105798626795831,59.02
56,32.243417777942,79.41310575715934,22.49831734133524,66.09
104,31.134653683005865,68.52058935343219,27.48282853994429,83.44
20,31.79724551443859,30.903010987998027,26.722777436455253,46.56
77,23.632751683906516,38.58549944868441,28.84252500329316,58.15
22,34.840109567594354,63.95791728717784,49.32276423627398,58.88
34,21.904040865112645,76.6807688917547,44.030958760191105,54.97
55,27.802744035985906,58.35643537661865,30.251801600238025,63.55
90,20.95303583635878,49.8123673408203,48.37179475346812,67.72
26,26.062226476655844,73.76856316636166,23.697202851316145,51.04
66,34.264120277987516,31.110140649392516,18.667573323432162,60.9
60,31.718854306742784,48.295971770678776,15.872110791801795,58.74
52,21.583975940392115,65.32749011414134,27.479691557886884,57.11
38,25.774380839563356,50.11473390381593,40.24805415974899,51.23
51,21.368774886785722,30.975132380526013,41.256715661654155,43.64
66,26.54321625680068,39.73969013219634,41.721507603593075,60.4
59,29.89025454648875,75.48634189670985,49.2075749532905,73.64
101,30.9577198103949,32.01626198604754,9.264581196556728,67.98
75,23.07070921392652,46.740917235672555,19.86384594005953,58.45
35,33.10087186863829,49.749513527451626,20.075385648096308,53.14
84,31.366024167534405,59.120048243396994,36.004999324485574,72.18
84,20.98838247547959,39.56445783482572,23.333237222510693,59.25
105,31.565575553672822,51.761535900471195,47.607914825038215,83.28
93,24.58120247814127,37.883051339845395,12.83047016072559,59.47
88,21.591881278473537,64.4322526132195,49.039433660208424,73.52
25,31.001027740023588,73.56384940605786,13.666173460633754,55.38
110,34.63175786202427,68.07294167180794,24.052403708035783,82.78
56,23.044903387867958,52.59345223261389,40.86263768070406,55.61
36,23.798792254485743,75.46161882307507,9.578953782545709,52.32
90,22.289872468111756,65.50866332950804,35.480383073668236,70.9
58,30.264929756828998,47.99570181076817,35.05127989939776,61.05
7,33.69808942721259,69.89011861043039,46.46559812974387,51.31
30,21.550670108029397,39.033134945120466,10.851181504255967,42.7
12,31.903061033432465,34.279977641138416,13.255604814148928,37.83
52,32.23498311221951,33.13610857072294,41.696949451106114,61.38
79,21.044688016223986,59.44680112812739,28.429490918035018,63.75
99,22.11664472498974,60.43989800901968,13.06833058670218,72.81
92,34.640302362867416,73.67777881135444,19.822013016539795,83.54
80,33.549516910831386,63.613941473704,45.388788006958904,78.12
89,34.54159063513818,64.66047711094339,8.191228614735628,77.33
16,32.45288844604357,77.80664281711844,36.42226670887459,55.16
54,32.42795389372263,69.41376040854149,16.656581484650623,62.79
80,28.793122492857634,68.21278370120706,49.69193466155723,76.93
84,26.276742457631872,55.4269445748854,26.45392439787477,65.14
91,25.721230156750348,33.93310291571294,12.734316614266106,65.95
67,27.424741920686913,36.546562606338874,36.32996462545726,59.41
98,23.163910041597678,63.626120211906965,36.69165835260888,71.44
25,32.96345903392336,53.2291382219623,38.496569193679576,56.64
113,28.49444215586131,49.920023330471224,17.806810754116327,78.46
92,27.295581512377215,53.13096359668648,40.328233770358075,73.81
95,20.400151439133086,30.621279689696614,44.59146960738583,66.49
116,32.167439058186986,31.641274940962006,26.053675818537194,80.24
47,32.512079907853774,54.48520159289275,39.31570007561988,62.9
74,25.220404447830788,74.60764584349805,26.171299385472054,67.83
84,26.80055908406236,55.85604440566652,39.36247158263714,72.74
42,34.517935267448195,73.14855136660722,25.197426193129182,64.3
99,25.953340896335593,67.17721348186473,31.133171290880835,75.42
34,24.406428095410796,43.86733808623146,27.510416551661084,45.61
81,22.560161529533506,63.14531261722829,43.36424333851852,66.75
98,28.43567570576603,63.54133403879677,36.63922566917448,77.91
114,29.090225037191647,34.481588665230895,48.165594589571995,75.34
104,22.63400209562776,33.22679419223381,30.994764652384863,64.78
52,34.352535013145946,54.95180864520407,46.91907721198679,64.76
49,32.6943100472969,47.818331887752834,42.46244154436848,61.14
22,27.645847574053477,48.99799761298763,25.181835260118522,48.09
119,34.95697841237549,68.6205499813642,39.25739553576856,90.82
45,22.247941983298276,58.591438559134545,16.4139113453619,49.66
100,33.61809015402861,50.9543876835483,40.24926005987126,82.5
81,24.62948972785926,36.51619733511641,13.958704077258098,57.14
15,20.69387283891926,43.31228496970017,27.37410816004489,34.14
104,20.332016765442457,62.035511236361074,23.626672612366498,71.04
66,31.209737383593293,32.652294059851414,29.4316875094903,61.77
101,28.476084245550403,72.9336027464748,10.286415449442181,74.83
84,24.17697936373019,74.82364286296476,33.629847290120516,73.24
60,22.12417025926849,62.1416695407869,22.189102045832566,57.98
101,23.056640512865954,67.1449407049216,35.852137994519346,76.36
18,34.93406302705259,42.63315010856412,24.654972619549387,51.8
31,29.170355196475736,78.20270650657446,9.300850144817051,57.02
26,29.75138676709897,62.68282382028102,48.02995281396325,58.13
90,27.35006376146515,35.520474883836314,23.878116920188262,65.71
105,21.372244368944706,55.693791738911685,15.421234608004973,70.03
80,21.29636948670856,69.96190471017292,45.437744342456185,67.4
92,28.33425732023604,38.507137008857896,19.224719957340305,64.91
112,28.311930743156843,60.436147108910816,46.71448136680079,86.47
10,20.006154341587624,59.809133470118844,46.21743517793236,43.55
85,22.78288962886579,62.58398974392135,37.06706332842769,66.95
52,26.209515477260812,54.16960333410632,16.85782190843856,57.57
19,32.692907992315604,52.6161738817148,24.097505813262966,49.07
30,27.31372405095074,64.88231913898625,28.845288344927354,50.57
25,30.200690845614048,61.75784944319675,45.92999427967411,55.32
45,28.654509657025564,37.6087300940959,12.948936344171129,49.33
18,33.31344607724287,53.53811961938015,44.515183864356565,56.5
34,32.889992295856274,59.741635694375205,20.089805335652095,57.88
84,32.045682870138194,48.68251481864921,22.46546555458237,71.09
25,22.505835042031784,79.64154127223486,30.33558244272484,49.81
110,28.905586744271517,68.60158929861774,42.26957410489674,86.74
111,24.3911232287474,33.95932045543129,26.952027682184646,71.56
9,26.72241310053503,43.72063158178409,22.692669555391888,35.84
6,24.21064613696891,79.96581340948563,17.06051752338188,42.43
86,29.88992191976002,44.69806882051491,14.711191297686202,66.43
104,23.322907278535506,53.17739196294609,26.164582157174287,70.52
27,31.639652747228634,69.877123949333,29.20637868481594,54.97
106,26.043350465750727,75.36215836385394,38.31408638797781,81.64
79,27.944667905527,47.38850488022189,28.423424013868154,64.21
35,31.292134917665148,71.1634326557386,44.572864698764796,65.38
93,26.120301369276216,64.37324020248641,16.24403593660682,73.72
51,24.93957969296899,51.17702886207541,30.723647808835967,55.85
23,23.49579781977288,77.51898757410466,48.12474589166241,53.47
119,29.546431156292737,71.70557916331626,40.98932342578579,86.69
93,32.935023746595974,44.17305746320396,35.9040074126859,73.13
37,28.13821793450969,78.92221960767847,41.45080001208185,62.78
71,34.20560417216539,55.243740754765355,44.91979306334017,70.18
100,24.131700196857636,43.25174590702737,29.128652567699188,66.47
102,24.590014603747512,76.36032323954154,31.48637438071644,82.66
48,26.1913748041609,41.38891708089007,31.273622028860693,50.67
38,26.611487021548122,53.94852807267357,45.36473351835532,55.92
70,26.505855542471316,50.60468048162696,6.602546762277867,59.1
119,28.312545824165,57.94204354773332,36.816402619529796,83.2
50,20.95413494264751,41.05394368467209,28.05978959347479,47.29
59,23.212643791093804,33.00365841774912,19.647650215676094,51.3
32,25.98262117920456,75.22007182584761,49.950467917077745,56.78
47,22.642916092463715,60.310832111038295,20.16148608845355,49.22
90,24.641487064542247,60.310112680516596,28.569132344878245,72.17
46,29.87425675139236,43.19030374731788,5.543147088527808,56.51
71,20.94740792246209,75.67554834156206,23.705568282329086,64.96
85,33.918509447930404,71.41890728008232,19.53404300137136,76.09
41,33.58960495263891,73.17732658357144,35.33263037391631,63.07
111,30.85371050659971,70.29850643354769,18.027403930387386,82.16
110,32.698417549419275,33.193318667051194,6.4229017206858785,77.61
96,33.25024551533156,54.78585050391378,19.09628332199699,75.19
101,34.139040507271204,71.60955761537788,33.05256741621714,86.94
53,23.22116753612536,47.79841954161182,17.784686715234486,52.85
76,26.812512052516457,49.29297234180545,49.193482038603385,66.29
32,26.719931820033022,36.038976121628934,24.175187547385075,43.62
50,26.477655384680446,32.69662914204356,28.2445929675168,50.09
68,29.26194121869832,68.03306710118032,26.632555541103795,68.57
48,22.94723978604378,42.57150760937317,12.810746486814788,48.47
95,25.418995826089844,40.66815340164856,22.327280564162752,66.03
43,20.294157987113802,63.56840044483979,28.542116741793873,54.58
30,28.855714478057912,33.505902287349485,6.183397700810085,43.42
51,23.820807506863233,43.16230874152722,30.030637731159775,48.84
16,28.028791019439637,65.23977999626477,20.262403963626518,46.71
18,25.08454889259232,37.154069770865696,43.605013336080795,41.04
30,22.453325576207273,51.79241797568041,25.352353053011253,45.05
62,33.43718152097868,32.88940985099321,11.329400265515003,58.24
100,25.345797177845423,46.17438808215731,6.041604736175376,60.33
62,27.149306844658106,68.18076494808284,16.621896104922357,63.11
112,22.203633635343905,57.60804134855062,38.87676617399644,75.35
45,20.60763759411983,36.14555912711225,14.138176681402795,41.96
84,21.306230743871428,31.826018969068695,32.91298936648632,58.33
115,25.358629522552043,58.85266708567721,20.40195167553858,77.81
97,29.409756175369466,45.074420767717974,48.560943255243274,74.53
84,29.754454611102616,46.45028648311164,22.615442185751203,69.04
101,28.751330227745026,33.077833879999964,34.49370635612848,69.31
81,28.76337183247577,76.0098493037137,7.212133562964241,73.61
17,32.80444892791935,42.09638640596183,44.43315568357718,49.77
36,20.67321524709077,76.00569066613144,26.163330021120863,53.14
59,22.16251723727074,76.01361844012038,24.834436145391603,59.39
98,27.586134475331665,70.85510665013075,43.74539695886061,81.11
50,30.85414156636927,71.63416118100255,14.037293757871439,65.93
22,33.756477577576916,36.69874333748906,35.218031327646685,48.23
9,33.752098671121644,58.00859477836792,11.922166602833492,47.26
113,26.643711470629455,31.708779452054372,19.38434280148853,70.85
20,25.34316975880804,30.363640384700464,7.741050209218718,32.16
68,24.08700776049644,71.58926500925796,49.1211859002382,65.6
36,24.47292316813398,59.9282175079155,27.627937789958906,47.28
6,33.68876326887234,69.02609013785109,38.99467726320115,52.78
119,27.972288909567574,73.59331229254724,35.93184879640089,85.15
60,33.08694222625511,40.781988136292455,8.771187159277735,58.35
99,22.16155944549449,78.7339205403558,32.174326032178556,75.84
93,20.573041756360865,60.7607448298457,42.26194785984135,71.17
42,30.82233759697509,30.29641076684391,31.659833992930675,50.87
111,25.905787544795565,41.37108643617646,12.709604500446872,73.8
67,23.09072840319335,37.377592341435,40.86264900088512,57.75
101,24.700541096455368,53.11807236238696,22.55297295864327,70.94
103,24.715775616011875,70.50627138594285,16.97712737230294,77.14
17,23.686254682788316,58.84795750604896,17.35450631332001,41.21
97,22.551954910754134,68.09436394453763,39.806330802024554,72.12
110,32.797594679700836,43.2298555940515,28.377583464424152,80.42
77,29.81849286835397,77.70469574511503,39.882241783802165,76.5
116,28.570092926796157,33.33751274253785,10.240048583812015,76.12
97,29.11563667747891,49.698891445862174,16.939089814812863,73.24
90,30.3105869863671,48.62637264013974,16.808352015683525,68.65
77,29.73042563799553,61.87226893589511,29.90424653541806,71.81
54,27.68873940270705,52.93289797461851,33.90438429390849,59.06
68,25.105772565163235,53.82839717900093,18.322947951752617,57.56
21,25.608918045601758,58.140630547681496,7.129603856138961,43.55
118,27.88040722729247,66.24551359180421,24.62217340876645,80.94
117,26.03464300687199,38.079897797901054,10.325934559696439,75.23
37,24.299908719305343,48.34789159084976,8.775408228300918,43.28
55,21.692872474155457,56.67607154904919,9.556933144433435,53.97
95,25.729370285679032,58.21505323349151,10.15397907468567,72.54
23,32.49911457543136,52.71353621802126,37.38012859694457,50.94
84,28.656834048716632,65.12087640751824,33.53413752859275,69.96
52,26.8419081341995,31.501011285866817,22.875238830480463,47.55
98,26.48533988220147,79.58497305092813,46.7402606968569,81.04
58,24.725124127846613,58.777475391555164,47.77672846690059,61.27
22,34.12449772227804,65.5564759001545,18.303724930083625,55.39
92,31.62325148379423,49.63675571121138,27.697131693444508,74.29
107,32.37021858841905,43.805931622172906,46.866499605568826,83.26
85,31.27519650547135,51.14342045295435,28.271766302774477,71.06
68,32.54118912750258,65.9223640651208,28.54663308223958,72.64
49,24.961894871414835,67.74701000791646,19.82090859124796,58.74
9,29.375401817154934,72.70081668343933,41.11069169018167,50.76
22,21.53112387149147,60.07053610018057,44.3219819523014,45.7
89,33.08159095619872,44.446850832879136,8.881212708678422,69.72
74,31.88004689195294,46.21568319377903,37.2274042179925,69.75
74,25.263831424485193,76.52646338370093,40.98552861441206,70.81
64,34.14947595868479,56.388610453443846,29.301313651730947,62.58
71,20.62732435679698,61.19444715814852,30.313045361089248,64.6
59,32.932294374396825,74.45652678524291,26.053213248141933,67.21
117,33.203719917133455,78.04520770644797,45.18506130784237,95.06
94,30.647070699085578,77.52960065379692,16.00773233235197,82.44
9,30.34412028500612,63.96235006621373,16.352553180957642,48.54
59,24.843516028668517,54.06369759138025,32.78094129446302,59.74
64,28.008926607486515,59.797397539630715,6.411270596206478,61.59
108,25.326976460385744,50.35821492335625,23.41384897035424,72.0
70,31.76758403444326,39.267698786092474,33.54482107658207,65.74
112,21.89203679443648,76.63228586705839,32.22275059164669,82.91
53,23.60104479660768,57.84625511951033,9.870199104449688,52.98
21,34.40017821228688,71.02306450791575,43.42768083565446,60.16
111,25.227637246731284,36.60334053845204,16.96528589122679,69.81
66,21.141499834711613,43.69574353149518,13.994283859224964,52.92
94,28.85469758487603,76.73259763536103,5.385614486483331,75.18
60,30.531457825692364,66.04466095260489,37.781192550136645,66.78
73,24.66245151541242,79.21203584008245,42.42911633610112,76.5
14,32.14682793032157,71.86095714793493,9.197932312488582,47.17
16,28.066587369134652,37.65212985819107,27.751362403297893,43.6
40,28.989403494657182,53.816914674718305,46.97807996121346,57.24
114,27.516795512380224,64.34762206927192,40.63579422900066,85.76
109,31.942789226508054,30.188384727526653,33.41198463779432,76.6
79,24.941249860616644,56.84341089853011,45.9857718729477,69.08
37,24.370765790310983,71.13682430217156,25.313345169510605,52.36
47,26.03917157510244,74.51512785567601,22.277700241833767,58.9
7,31.36193785011033,41.17639111507557,7.505276672928901,42.39
92,25.50760721646938,30.944043928811734,9.523866141132615,65.7
116,20.222132916989377,72.05224912562801,28.107408260383576,78.93
32,27.387827810307627,75.7443075060752,27.0138433091277,53.32
93,32.489135195575784,50.091984284496036,37.26388730990967,76.19
115,24.562328817281976,68.54072608321606,19.724953242265425,78.67
93,23.938585571539356,42.74016330158478,39.7516624093939,67.32
63,30.310848690285717,61.664174116649775,41.48243028253287,67.85
9,34.35970419787059,45.908163521132714,14.882857046570173,44.16
76,27.828266928912175,63.1852239463128,22.149523112531632,66.12
104,29.670084291084265,43.89334500719471,49.85026738487564,81.07
84,26.269543153797905,77.14563556958782,37.468030092954066,76.73
48,27.010359324974175,61.32428199853787,40.78474639386722,62.8
17,28.232626333902108,56.9163186004956,30.428320616604736,47.81
52,21.32730343548521,31.31918090027692,40.60387229381142,49.79
25,32.69801739685108,55.25828557613663,38.661563270371495,53.7
16,33.21002693825223,49.86210657334176,17.09153310894207,45.99
41,25.247925413337178,65.4162024538985,21.553123151426046,52.3
60,31.786290858300994,77.37669253667227,21.013066006023674,69.18
56,23.144913831675506,74.2337492476675,32.73009132231288,59.03
85,34.66053591166454,72.179347279677,13.02125647810835,76.9
42,32.1451138713211,64.78388316076695,39.46029317220759,65.99
61,25.53584239012706,66.10487231339404,12.838288463060753,59.29
74,24.659014570929944,53.048479610626984,35.33006169814341,66.6
7,20.874458057935357,79.9210616961887,38.858110417376025,45.25
5,24.86991900777791,49.81177622686518,23.298148289749275,34.61
59,23.024828169003385,33.91210492900114,40.46535229753486,54.29
64,28.788464050291353,38.98043694136514,38.076043918017675,60.62
29,26.288738739784485,39.69969781116986,17.818370447477612,43.56
87,32.04018744058878,70.4516349753666,16.038712267658653,74.04
43,22.876601874405065,32.50322635466472,44.31352201856151,52.31
12,27.39543656781559,58.206347188099826,34.42691120077041,44.82
11,33.68727581345553,43.298703232705606,25.796321297145532,45.75
75,21.05757433352386,59.001924395046125,37.38625571573769,63.95
107,20.121622953293198,30.462626121795118,25.72547034030151,63.52
92,27.89779171599854,49.786843168335935,13.116018572674335,68.36
104,22.9824279542972,55.42029883223135,12.08203316909904,69.32
61,20.78963168940742,32.96544474005484,18.739665456496986,49.59
6,23.96606446894468,56.3812228419354,28.285745422293104,41.17
9,23.19586026099509,60.80461605749967,21.886088386732265,38.83
9,32.34332102440253,39.44350933814272,36.55135091226096,44.55
79,34.992445256280824,43.15348569167706,30.92363955565222,69.34
58,30.7285528022395,38.55923719175627,9.70170778885256,56.99
82,21.042631571728794,78.60833118703452,5.642464175862456,68.55
118,24.84791097986504,45.93486286426987,25.184414721580673,80.51
44,24.245254488256542,51.898198198128426,20.97477684672591,51.34
35,33.06907776425176,63.157391469991126,20.377034570375976,56.5
110,29.926860707217813,52.41140072630445,25.097085549799516,75.98
34,33.886828242418524,75.46325217276703,28.047648017024922,61.5
27,24.75267415475495,66.25465619932712,10.44498953804299,46.36
111,32.22770347954834,78.94280075891173,44.61132979767592,89.22
13,25.604519781390863,64.43837579795758,35.194795750864216,45.56
115,20.084469691220807,39.315838825926676,9.487679173401558,68.13
44,29.56496069222886,44.803192035629294,36.9691122374051,56.52
73,28.758347350580728,40.488770688955405,8.33489371851747,59.21
25,29.234179278835384,34.75232293308428,47.7740513537675,48.06
114,26.95513708659767,34.42611576073642,32.40495999733678,75.68
106,28.812687191401686,33.08209417184118,48.134552307083915,74.78
85,29.356582859762796,39.45086413732486,26.124568796931975,65.43
52,24.141291327338934,40.87238170038501,16.437997143754586,51.25
68,30.07617260716225,33.737295181815774,25.73082380669602,60.13
80,34.68394470525486,38.61952341678578,21.08673965713473,67.67
79,26.27575006569907,52.04275563512579,33.54093909398942,65.58
13,20.50683726422373,59.65779977635671,13.402984734381695,35.31
48,22.390853986233818,32.204610819876606,22.729437847087482,43.57
90,26.763610072834314,71.34517720134843,9.410243669192377,70.15
54,29.562482044012448,62.263887766178144,42.20274417783269,66.98
46,24.12691636064138,55.35719413201926,40.3831801668325,52.26
98,25.687412959699152,47.01374911170154,32.93746847483868,72.54
94,32.64893064232646,54.479379812152374,19.01189489734945,76.79
26,30.695252536006684,37.885181062974596,16.352109032038065,43.55
103,23.316848943335224,43.713092507944985,29.642539286426423,69.36
26,31.50752210516528,62.99013507001583,25.06762873942582,51.36
10,31.084880947343656,49.844398911245946,16.831591143446616,43.27
66,20.82556563339074,39.36752088312135,45.9257359121947,51.78
72,31.587467691444708,38.547244678379286,6.975707613378676,63.53
54,20.3390665903884,42.19213649830527,11.865840093607044,48.83
12,30.49569615731506,42.31353670515866,45.65334901382568,46.87
42,22.477594992776716,76.07168145122267,24.03839852584173,56.92
98,21.07254536497453,49.48287111440577,38.37213588817439,66.14
18,26.406987965725868,41.677090096318416,49.7536586772365,43.2
108,22.37361112722894,64.76771253659348,9.75760521940107,70.87
71,32.012142420152486,75.91290839706531,32.13517281934602,76.18
44,20.324404886926906,54.17965240521645,27.54713200074882,47.72
10,22.433533222108665,50.81747493982158,42.484193361429696,39.74
33,28.847515916596336,40.03081855623263,17.929864995244223,46.34
14,30.48659308099547,76.0894616554263,21.8020351791578,50.25
57,22.933559706522846,62.0837855080748,41.77666710443853,56.87
7,20.588795796065,45.27221132742409,38.507165555152106,36.81
49,26.17990984238259,58.945826629635874,22.671460101152363,57.27
87,25.81928252982338,37.995662251206376,22.916727208530794,69.37
6,34.22079922779335,33.43754760443387,27.832734223023227,42.21
85,21.119924669678362,75.72201848770237,5.928954779560698,62.33
7,26.758737392241763,44.27625358576698,18.411913525611016,39.9
117,21.64099888190501,62.99104213466973,19.35837375443268,76.15
82,26.403579809544553,57.60090861478256,15.3923749069435,66.97
108,23.101407861046425,39.984271308408964,27.7866381943494,73.79
15,33.67427308255142,55.10810053818267,48.46274487762486,50.93
90,32.894983214997126,42.88776078140548,15.189332228944249,70.82
17,27.184909004589656,30.871527275102295,38.025291690481694,41.51
48,31.551335468811228,53.11642487296413,37.13391602082579,59.59
9,23.909501821355022,38.145829650080955,20.15685999353556,39.03
20,21.88491718369374,36.91892812709592,38.66728095629133,42.59
112,24.70362698096046,71.93522622669298,24.285407567080647,80.75
77,24.67666470207533,61.891108962970506,5.420522906880989,66.53
72,26.861924698787327,55.88393341154786,42.43208532736926,64.53
82,24.601914246651518,31.80186887495937,46.975060610948056,66.01
41,29.71170385626872,47.07535553420218,40.080940198757126,56.43
87,23.64072480197875,79.58365264158391,13.883168017874414,71.42
57,33.87896962485446,37.344828443888964,48.68843890404651,64.85
10,31.33146650933041,43.35359706745439,26.45769986861322,40.91
117,25.082017548906695,38.781323278400116,23.961962354623473,73.96
44,23.851542733068698,31.744015291001382,23.46211122492726,48.81
104,25.478663024230578,49.63928231643524,36.30383390504336,74.78
24,29.883000003830333,62.355563048704724,6.4873487695747905,50.29
5,20.30017585443162,42.64274893812794,28.283058042123475,38.31
5,34.01054735988516,46.37202814770333,11.112459278596956,43.26
69,31.773244750816914,40.00044605563738,10.88790626069689,62.49
78,24.572197169676986,42.824376160357716,31.71878385832308,66.19
118,28.00384595165613,35.65528782508599,42.27231041671948,80.58
110,33.167071979134775,68.24430800826481,5.997048323730959,81.54
94,25.46614798993105,47.65023754859182,33.63677175693158,71.84
20,34.916751328183764,78.99930536435546,44.69750260119649,63.66
62,28.04934919603241,68.5568024085411,34.75693878192912,68.27
69,29.054481498395997,75.82110945837668,7.251002011245104,67.03
17,33.350283517231475,42.2476754182978,37.83648323510244,49.55
62,26.13111555137184,71.167373847307,35.6271741553619,66.33
64,26.10213937035274,72.39858466562953,21.544612072659877,64.83
75,33.559700135837616,56.378186067840275,38.11558936408362,78.12
50,32.94543168875427,54.06913558742137,8.533723367370776,54.83
74,26.0048222373092,48.32467895805817,30.1808678880143,64.69
10,32.090247569046035,64.64858968868336,5.226147651439037,43.44
81,24.321876932820377,68.42239502298088,14.237237336171077,66.41
61,23.950454284971187,40.49323386395606,31.95946962962386,58.27
70,28.61861755209526,71.11373557364627,30.32012933079389,68.08
90,34.0421950314817,32.74524454553872,35.302616556342585,72.45
67,28.287552143923158,40.77347163746056,14.015788315178266,58.68
60,32.17792549748876,65.94534723023952,37.83229921559042,69.49
13,23.303658161042907,73.11048203766195,38.42288282543406,46.16
13,25.59510649817841,37.43941419245765,30.127301490659985,38.52
61,20.003613117767998,38.425732172959215,6.3690592844338525,49.4
60,20.275075835159747,36.381159311887664,38.94040955072969,49.79
82,21.837787138056406,40.60139252511145,6.329388587517197,57.08
118,24.56953748440365,57.16100471835804,5.921468751298905,80.61
95,21.377755058438016,52.25093418626776,49.97773353688324,71.63
45,31.64604983033155,45.56696214647083,30.54996303943452,56.79
94,27.091900179523744,63.8563744286951,44.35273827671347,78.21
49,30.15651914536047,39.94586797576334,8.58823508432576,52.25
72,24.046940868385462,55.571820315079364,24.80668012508596,60.35
115,33.92159134217131,56.513161281917434,20.911601568079334,84.12
79,31.127097128692583,67.83524550557348,35.01074240078947,77.55
56,34.665116211930616,69.33334744374812,39.64700461769088,73.29
118,21.644422916051596,67.48128760745118,11.11487675574174,75.6
79,28.517421667584742,71.57991482205382,46.96213008999559,76.71
102,27.28017345701627,71.50886214997936,47.77752986343006,83.52
91,21.863550583337137,58.97470913951306,34.930978708267645,70.51
52,23.299992083549377,53.96081287167581,35.393199671088226,55.48
68,32.23731276537943,52.5191606519504,19.6309817780119,68.33
21,32.864839823627406,74.8754417554177,47.60185617652497,59.26
105,23.753694878944053,64.34691778333516,38.41973233953896,78.42
87,31.444233177673418,67.97432845941535,44.87332851929863,78.99
8,28.968664883949987,54.4946872192087,6.447437164518412,38.13
60,23.601899306772797,35.04035985695426,16.70951155710891,54.8
30,31.238544959037007,76.81734737355416,31.621969531253285,57.33
80,29.80851719553886,63.611707490030255,5.240261388635984,70.47
117,34.63354195034123,60.813524460459575,47.12666470308604,93.05
113,21.495964585158237,76.09778150663752,11.3346705997046,75.99
71,24.493889833778233,61.15808768722899,26.11804599218673,63.06
43,31.35725870461159,79.26036629555469,41.446090413774066,64.44
88,30.4931671064832,53.288509774896376,28.041422841117036,71.95
116,32.31800305024932,75.73769506689798,29.161546763905267,88.0
22,20.5662097545115,59.159758094152295,15.348263693046539,42.07
90,33.160617808120875,67.14543599768612,45.49357768321377,79.76
23,34.85561644368294,39.608636660722446,8.903649551178834,45.49
107,23.039853829856465,52.10770568932914,7.557825682057481,69.3
101,33.632360464531956,31.05861818676892,20.660600919357183,75.0
58,29.18466933260595,65.80869384782153,23.753707728082393,65.21
119,21.617836642302716,62.5125359823095,19.061974676428466,77.05
31,32.418680932235965,49.14121039817519,31.510343119110644,49.45
21,24.538882289961737,43.439064908080205,28.95106132138013,41.67
27,25.066339806983436,65.15158499870657,15.017163644355698,52.98
56,28.123931941975144,63.7594707755812,33.499047849647475,67.77
98,30.566354322162297,54.605832854293084,9.240937988203653,70.64
43,30.03430565102412,67.35042497984796,46.21674857467015,61.11
86,23.48503318886027,61.197278738069414,25.714462552582926,71.94
104,27.296699175365713,61.260852932642614,42.23228871233112,78.97
11,20.477851437923903,53.465149818000356,46.608026802913784,40.97
48,25.552218775256254,33.557762794129054,45.234829301213004,52.28
43,23.60340749593318,44.01082034952855,7.3904280889550495,48.47
76,28.081588791726745,42.88285114955775,21.480853151012678,60.89
103,28.30296328035775,60.805540020786054,26.344650674763095,77.47
52,27.7821246812653,31.68251660675283,35.34946504108686,51.21
12,26.864478118177626,55.944476582554074,11.296353975214734,37.1
77,27.134309214623883,51.219814637426786,43.71665617762163,71.82
79,29.399655249676375,66.37966716523717,35.56924993910991,73.94
43,28.07875078781305,42.52217008768018,45.09748372288194,53.11
51,33.12052976490068,38.528018900325925,11.130514319557655,54.79
22,20.324718538808717,56.00097731447619,35.59903468928427,43.14
57,34.787102315126376,63.35951723212804,16.017779786428427,64.32
54,27.819016307360986,38.60499263249311,18.744426170736453,51.8
45,30.84351511171667,62.228157731591104,37.775877686445284,60.7
89,27.57839716702511,72.5603692722372,35.641784148957626,74.16
33,21.36867261956383,63.9472712140335,37.629320850394286,50.29
97,23.905960381176076,30.92282095215113,29.552380899221777,67.13
113,26.23601372485081,48.98154337428171,22.22574386654076,77.47
76,32.907672298811676,53.68800768693602,40.981038984590135,75.37
22,26.286120246881616,30.846067173247157,21.42307344507013,40.5
110,23.21010669760811,53.77632608130967,19.31788442789164,74.29
17,32.58573752119036,76.57110970431097,19.510038058318425,53.05
28,20.607317364924565,50.144478947831544,47.08480145768937,45.95
26,22.763976142561155,40.65302755087677,17.197834556316366,39.7
17,30.20164547649916,63.45400084311416,47.40505227207667,48.29
16,26.77005087731146,49.20970924629887,24.45502549453994,41.63
73,30.785500081848312,54.83850565635818,6.8548120678264794,63.77
25,25.406945437238832,51.521095404398345,23.428331612542127,45.68
83,26.837997502706497,67.44137318019938,35.02459812838583,71.73
35,20.108299205055765,45.82981742063234,35.473582565269496,45.46
70,32.31364451105924,69.12560041029147,29.488196940408535,71.12
19,33.66851465472007,71.03136967095185,10.757747341389418,51.66
74,21.164478278746927,65.673097418325,5.1609895070014105,57.95
86,24.21890030570712,77.67179123789177,7.409509290170371,73.64
60,34.10467701391627,51.35532814185212,29.9612158541176,68.29
82,34.33432069672034,31.431559691782642,13.987772605005645,65.44
107,20.894382865809032,70.62280887094522,18.531008043219963,71.04
64,28.699429708026663,34.45015889913398,36.2296448775174,60.27
115,22.204406088557175,75.85390994327395,49.92248429929609,83.03
34,21.898166880701122,58.28224411923943,11.3927724249378,47.58
40,33.57617191691722,51.73038269336267,26.964151711923915,57.92
70,27.970412475429,40.062518227558485,17.810347637606796,61.14
82,32.31665791612274,51.775251372662964,8.255682945386848,67.65
42,22.350639436443785,67.07586261634951,31.974277644968833,56.67
23,34.364952122134596,73.3852729883344,5.096341370546385,56.98
82,25.074283883148638,70.40388338503128,10.602736446456152,67.08
101,28.323974665615147,39.146199921065644,10.904696731925892,72.94
70,27.69604134295157,70.70083677599649,39.95871471042266,72.74
21,32.82632995859054,62.908123826316675,24.549046671344215,52.47
89,33.024859454755514,74.66180736049733,44.886937308097785,83.47
77,32.140142431080534,53.526896739513745,47.70398048538182,72.32
28,26.349900905337908,61.30897264622574,17.90580781348429,50.73
42,24.180705727117235,37.94263459719779,13.804983303140409,46.83
86,22.65135301135191,73.24969865147673,30.330492186055547,67.96
81,23.559765563058367,44.43331513377302,47.20945394567736,66.47
30,22.359103011145898,62.137595697977346,29.13342646087339,50.07
107,26.72339873162337,60.0512938744345,19.731950605192964,77.89
63,32.57985731738685,35.17882830515075,42.69780943801953,64.21
104,33.34170137527516,79.96824660963394,35.165913784780955,86.94
30,26.83919278652992,47.22140231085942,36.21835844142478,52.14
106,29.351572005411683,47.182365422269925,11.930734641846481,72.37
93,30.156229579266622,53.79908451746101,49.719789624556924,75.86
22,29.002729164714886,44.203023103985764,44.624675405253065,46.24
114,23.776826800203267,48.516008772526106,5.91063046879777,69.96
13,26.36946739685436,53.048602612782446,5.922142109508851,39.83
7,25.53323782333834,51.19780897316309,21.22398130332415,38.13
75,20.781318603907263,51.80207914564751,33.04163153011806,61.74
55,26.926555495944186,75.51731731543276,19.703347811481706,64.42
23,27.308743405181765,47.771834036226565,16.318086785438037,46.36
47,21.235132446450827,60.32629335252668,9.667857404412239,51.47
12,34.05668740882208,61.380993699135296,19.483098584059412,48.65
95,22.49818382890702,56.43149187683096,31.555239005501186,69.31
108,29.020763341530966,69.48641309039812,14.684929036987048,80.7
115,31.944502789514956,51.58664119214246,25.384914537348372,81.02
59,29.593431470509408,33.35987853761869,16.39184564703278,54.21
49,26.63736970502056,62.34733541686527,27.235658351357177,58.98
60,28.367040218137205,73.06431663773819,15.075779086106625,64.5
31,33.10339403408919,51.61356438940843,23.574338273695716,55.01
86,32.97133843405774,52.2729344185467,37.133202926405076,77.35
22,20.812016126034813,59.84284303922455,24.252825678217384,43.42
21,20.04761447276755,77.97862938145329,31.64554563579583,48.5
116,31.069296803794074,68.36391505268242,45.74179347180923,90.26
7,29.88179176521369,61.15664603763424,27.25654001044162,44.69
114,26.028480619339497,58.78596526656021,31.25238045474866,77.56
43,21.09577665215991,48.909734154054014,36.95132064538531,49.8
54,21.76790163019655,77.91255861162516,9.095531309713264,56.47
42,27.817233582576357,79.86136023145659,28.616753766413353,56.74
26,28.854486076333995,61.50035677232616,43.043864076534646,55.83
42,22.87987925346185,41.243754590284794,17.21951459007976,49.94
112,21.910580540500412,71.18621430684937,23.442731514931733,76.7
75,33.415746145577835,30.493036416856974,35.50408772259854,63.45
42,23.374250658155507,73.89160839450611,26.684302277524562,55.71
72,29.387699990759153,50.457189395881116,16.430951709300324,64.65
96,22.75809861081487,64.00714214558386,7.5517093116520995,70.48
76,22.90550439178553,40.419183950441266,34.758678302909004,59.87
102,26.260218804562122,78.14311670928711,6.087665846007657,78.76
18,33.03135845804881,56.82773355053997,38.83443099661359,51.99
111,32.015123647968736,49.860365215344856,14.5481172155093,77.28
68,33.99703802609328,54.87875720770678,5.2922757199665424,65.86
88,34.434373125088804,62.680147626761325,42.7171640630489,78.54
90,20.83368009421903,54.436563448864376,31.06014214440224,63.68
20,25.524655731300975,48.20137346072832,48.17478180835242,50.1
109,33.98153548185832,65.86317626789636,39.407843030612824,87.13
5,27.12796579185424,77.2558753671273,14.650620319587272,42.57
86,30.31253139206624,53.514423835158794,25.646312942106604,71.49
43,32.40423537626166,72.22131665600435,30.61137067044207,63.99
105,29.00021716220953,39.04092395011975,29.34240620022171,76.01
114,27.05757618488491,32.398377928973794,44.69216837034644,74.5
6,30.68177084501203,51.13434677540801,34.31701190883258,44.17
90,21.487917951693177,75.4443720193234,14.676015621028306,69.52
97,21.10325718464419,41.13741621895943,38.68541233041321,70.44
48,22.822999725197935,44.26389984704399,26.416701381423348,49.01
63,25.29316025756501,37.15303411023538,46.60851549189665,58.08
12,21.068100763118487,69.93436854651813,15.948586759233521,39.23
64,21.02522557172292,77.7549278082843,13.685674343256437,61.03
16,20.486902126434146,67.22784285522897,11.000840303912607,40.84
8,22.765523570295407,52.15379664667244,12.45870569248047,39.46
38,30.917512438690572,34.695498241551505,34.67188343387718,54.41
107,24.308188566910424,77.00880316505283,39.29322440478766,80.27
115,25.48657278444533,77.48010735168158,19.808483760051438,81.73
110,27.635051682239272,74.39090574824993,36.21910641570838,81.4
44,27.86674091708378,79.04532791450649,29.87736602415798,59.26
20,32.78548023893065,67.82763300289082,32.47309238414721,52.64
28,27.2961364848663,41.23750190886788,13.78285767680028,42.88
66,29.169760805796223,32.223859440158,38.84552772118823,60.78
74,33.157323505567916,73.38736950408654,25.298423232118683,73.34
90,30.83970803091603,46.06755500948606,37.60741371147427,75.28
30,22.739774281156585,67.52619903483745,20.2589425968206,46.95
21,22.79051092056918,76.72684908206017,48.957541933108516,50.36
75,29.686855366926093,35.879980829935086,47.673922119366495,67.82
6,28.960239514667798,53.62310569574453,36.42409957732521,41.39
98,24.050030671708704,63.39683722740327,41.285987635711535,74.97
24,31.91244063256414,40.1233771047875,48.15697985921335,52.89
79,25.411216175828137,63.466558935136945,33.46669707372487,68.88
77,20.13222249941709,65.80638202383687,20.49972297928295,61.31
73,30.60901877999659,63.58330286047352,13.828127312209041,70.26
66,23.7864679115306,30.92791682617628,36.464390489181966,53.15
36,21.00195615893258,77.11717538356787,49.38425790224058,59.63
102,20.958669814237116,38.299723033756266,18.542852438521468,67.84
15,31.36264734227759,35.89894997185129,42.49442556096181,46.12
90,34.23295768842195,61.772858980944505,12.015555959297608,78.06
110,27.410643004036,32.76088133752028,47.95868810120251,77.74
13,30.461919008400905,55.31155180454401,6.153451244799016,40.56
25,20.898119400820786,78.08333860912482,29.70282836110222,49.72
20,34.49613944185143,58.747674661482066,45.046897515054404,55.34
38,26.025358528424213,69.9536709743098,28.521376908726648,60.18
73,21.93219610644482,72.76572321814692,31.433682370670006,66.01
45,32.8599173530033,35.223649290796814,25.218311940331454,53.28
33,28.351975765597572,65.43642899524498,11.04939872760803,53.07
38,26.905058474041027,35.80086935615016,35.28130209291394,51.5
78,21.287161575641584,78.47632616620034,6.740823121573619,65.28
84,27.08296757927263,66.34769343665499,49.96984646718885,78.42
11,24.213249096013996,75.5110850705156,18.68495033042766,48.63
74,34.42990864800234,34.07138443534677,24.612816599272673,61.37
103,25.80936760512995,60.010127354629034,28.114370231959832,75.28
72,23.516732732120595,66.5803972184262,16.560401272005347,63.42
113,21.378441381156595,71.72271074458482,21.2354780485427,75.63
117,27.419270226650482,36.59914990062036,48.01238733573455,79.93
23,27.715748697665305,59.43797317825047,40.54406483208843,53.41
9,22.40561352750008,62.379279440090365,46.82415852619314,46.92
65,23.450006788226,30.286046577098233,34.30939537518077,54.67
86,29.299494371942508,56.78073909371659,7.709916400035632,68.56
54,29.64519470277149,53.25617995738898,48.69397362151162,58.08
118,32.51710615193943,51.01451300271276,30.968484918429443,83.57
119,23.839711382644957,31.600902665972548,18.352285321056844,68.07
97,22.88062990338506,75.2212671158575,13.914688740848932,76.68
110,27.21111368614584,30.14813602801984,15.926067492182383,70.42
79,25.09240872589914,64.00792733794393,7.616020596207287,64.78
39,33.588146331443006,79.08422529685244,20.75320905237288,64.06
88,21.21270202464881,73.74666621753244,43.643806663590134,69.43
63,22.439807806431816,50.387012346485974,42.39663409727085,56.82
9,27.280585568068258,47.69529131284294,45.11547790503675,46.94
100,22.603410201092284,75.64194290969876,9.164995063746272,71.97
85,34.198457644681156,42.3308711345337,35.076231595282735,73.82
100,20.040022520139296,74.69042716083153,44.772319556396845,78.73
40,30.38920165137651,59.60950902146091,44.54139127217341,57.83
65,26.00352130456482,64.49443661192018,45.774385233970236,66.95
29,30.17589719608861,63.026620771824305,32.65892685206987,52.85
13,22.624190205365448,59.81927092016146,42.60616642367114,45.61
41,23.85765704036641,58.204246084431254,28.9863752669715,53.97
96,28.197836867486266,55.29827815100015,15.005885864464151,69.98
91,33.153783978062705,63.802800250662656,21.064266146305084,77.76
24,23.610091247679303,73.85793021330696,22.786434489601294,51.43
33,33.968999411020064,49.893929373868424,47.88572792181992,58.17
54,20.75780340008502,63.292468230006406,8.22557208539006,52.32
101,32.46690825076618,30.774122956875768,17.281272214596708,74.04
43,20.235085608330888,50.89991298627686,8.8533153827841,44.78
34,23.819402999793432,76.20739745683494,39.88920892461692,55.1
63,33.30753032441886,42.96127435725791,10.505235918296357,60.89
112,27.35537052747781,68.6372072273206,12.577338423637451,81.5
101,20.346282208276552,36.66906183188714,34.457967310867474,68.14
27,23.78841606904288,48.6139828404954,9.866784021064959,38.75
75,21.334633038040074,73.06246925915326,41.58972711998798,67.55
106,23.36709304142904,57.6016187919925,21.08193815515831,72.6
48,25.5239418480787,32.27750779826763,18.510220019362386,43.21
13,31.149487584604685,40.8471612703668,7.7527289824674686,42.49
39,24.94313200285823,49.0810522088302,32.811688610463065,49.29
108,31.541549924016444,35.26209490388262,39.60277102217282,80.83
117,34.2920577237376,69.72761472108527,6.800590874080595,86.12
55,34.369730804136495,59.426284069668185,5.497121534574992,58.34
55,34.83999930242413,43.627382394651455,44.374527276098966,63.37
10,24.780127305992984,50.49420654376353,33.53346775438545,43.52
32,24.384352590638798,62.788865089209004,33.87289994214841,55.2
17,32.2356390500311,50.163021061124354,47.09954927802948,47.8
113,26.589549084919952,67.30410782864465,14.216068622262512,82.65
25,33.33326411125749,62.07986646724324,33.95995101303886,53.28
80,26.719136257657464,72.56411061082656,39.904458589671506,71.53
66,34.10182839965799,49.11630822801202,25.114383056363806,64.05
94,33.49974915317981,64.40872183611317,49.368844295848376,84.57
41,29.30047411517352,37.36763830083693,12.19833128604444,47.54
119,32.936065284396335,72.71338463287654,6.003576720438961,83.89
118,23.59392324448087,61.06923040369145,13.031783345618816,80.04
83,22.69450739558211,63.13612116840889,35.244728015619415,66.64
48,20.178567032717755,54.925723049452856,20.750313393980598,47.48
18,20.92520444379643,40.437294119931465,26.861925148717958,37.56
14,28.425220840469155,59.65563891623637,21.754166349841935,46.01
15,34.65456581939391,62.106457343213016,6.385395598733597,50.43
57,28.536004973631343,49.12944118354601,19.66235089718275,58.55
87,21.359931327640076,63.36224143166198,17.752896255676724,68.53
112,25.274524600067732,33.14378910572438,33.01514614947399,75.89
96,23.977713126954843,71.76227738690012,19.719117770073737,75.09
88,29.314476444157883,70.97403608503109,39.26248992972263,77.85
86,33.52480080069058,75.77364937867576,39.94880334676803,79.83
24,20.576500892020455,43.75272238402502,42.568786312987804,41.53
113,23.731148994367736,51.611353774552114,35.05701809550841,73.37
21,26.407365210515657,35.09669026913043,27.210775697104147,37.33
32,26.202457055950575,51.17929134395394,36.618219784564346,53.23
53,29.863907483658156,71.73342608948525,30.127645234790315,64.33
55,27.653239011176062,56.455163383021926,44.42915130012432,58.61
71,27.530189365996257,59.41538846902954,20.450902388722337,64.19
96,22.807596723904204,68.66520200571877,26.346768798857855,70.38
74,28.93520953734673,78.548766493003,49.238620067885016,73.3
85,33.52612514060963,46.42545271689316,47.86030684158734,75.22
12,24.119553197254746,43.654072516065916,18.618002828684993,36.68
112,25.07215307336294,42.54461881769256,31.720885673694152,73.37
105,33.99022853540753,43.224643667373925,11.745243289767116,74.39
20,28.450756109992483,35.68812312403259,11.244914785068385,38.23
83,23.669190051042875,68.27741770496579,8.111000111787021,64.32
118,23.6796574697897,78.28957650534838,5.370630871638205,80.18
43,29.226898738254675,32.3699288965582,32.57249233737906,51.97
119,28.815035772098906,45.89696648534114,29.92239121405206,80.62
117,24.63188044700894,50.50818846153187,20.644955184148998,75.83
82,22.965064053114034,57.42417928745623,10.222405672305602,62.23
36,31.05028813804048,44.86588547560235,7.635321973421526,50.16
31,34.17253179531106,68.98043212712325,32.094582355730736,56.07
85,31.58228497239673,73.03008749301452,5.59540756371282,72.8
68,20.700467268276697,77.25942898797723,19.118086648009424,60.57
82,21.025214272845368,71.31993868723167,16.786816018170306,65.57
116,33.29846168946728,66.48863186680788,12.41016181282873,82.1
63,28.854680157361425,67.1500959260474,46.259367301571864,70.13
14,22.5483001220993,49.15328380428893,44.22275808479826,42.78
71,26.568961457710564,72.12390191007825,31.848863242718075,68.63
41,25.89141378387079,30.218699114150468,17.324231886741693,47.8
64,21.90978893382937,69.10171349424596,48.55862504841146,65.33
76,28.846694011671175,68.4593394997964,24.29844625879873,69.12
83,34.056325971597445,34.37245421844433,30.105535046472916,72.06
69,25.242277734621517,76.0863710265533,46.98331468551858,71.89
30,22.028417764327457,43.633852619724074,13.583944838446875,39.79
39,27.004511137456966,41.39003778564281,13.970755802510883,50.75
22,20.27822293586611,66.23521375742791,20.739760560278523,42.7
65,20.665928974539906,70.87662079790604,49.54514730079436,64.17
80,24.674766509144774,79.52974901053284,25.029996562405767,71.33
27,23.808260164416023,68.1815957773567,35.95928096856514,51.93
43,26.78846755153374,74.05986697778205,23.953612092142585,54.7
104,32.713610446853934,61.47551610763249,26.991777577622088,83.91
106,21.09143564359441,34.93845256993756,23.71624398197222,64.93
28,30.24620260211203,59.02596383381851,31.754754551527018,51.48
89,23.901739745230987,77.09524864191646,28.85398236114908,72.05
6,21.194243769911566,59.72741913058286,31.521936769165276,36.66
66,22.89202853999689,61.368775221768104,49.073894291203345,67.03
86,34.44430930362995,61.74180779896087,44.910802597647915,76.16
41,21.48309543314454,35.85536157526389,18.47060494181048,41.66
43,26.658750470698095,54.21065328798953,42.42380180761989,55.91
71,25.898460469593164,71.31815924282323,17.028278693442704,67.75
91,20.37456350651197,49.975323763028214,49.36821359519074,67.71
18,27.047128443243516,58.047824974857306,11.417002422336068,42.37
43,21.217816805756467,61.35691970305587,20.13659203476694,50.18
91,23.93690467101025,62.251566727597506,43.18575843119208,73.12
79,20.87886331565203,40.77409913927873,49.93521118182809,65.54
113,34.81989488669925,69.1778008321213,30.878886262330187,88.18
85,29.05126367708425,49.45615048075151,30.093907700442134,67.48
103,30.133998022611877,42.484019399025556,30.81130731292051,75.95
88,27.23807611200009,77.01580766196321,18.215438601129627,77.33
14,25.21452630464302,78.2570350368843,27.036742738909904,47.88
22,24.061005986325988,79.96675614155578,18.875978178453963,50.45
40,33.195210569746905,47.76336090286668,9.916770046588574,55.47
58,22.40590812509218,46.97865706040848,20.085043109610723,53.2
42,25.421766271618125,49.84659311921743,12.834916138995574,48.42
71,25.634731032395013,37.05298997461485,36.91957337491853,61.03
49,27.608563328113355,70.20113947595655,37.06439041098486,64.02
86,31.347165182606187,35.528959353432974,42.72520192670233,74.16
48,21.428786823564877,35.97003210381568,40.239440431256746,50.05
100,23.365502415385695,47.642205918675,34.039886577328474,74.0
59,32.491380026790715,36.07555847688331,41.453118870315244,62.51
115,26.933828642661506,45.07983037229618,32.576025746125886,78.34
59,30.862039682489495,70.61197693043735,35.56079741006879,70.48
59,27.868783686102866,41.1374385136852,20.194527596042278,52.26
25,26.211029291606636,42.68484149979054,44.139585560626664,46.8
10,32.12547035265225,43.170180597792225,5.176819463999801,38.88
89,32.12573646859174,56.02635564045818,37.58944238660119,76.47
87,24.29988872670879,69.0745121629286,11.821456035604376,70.25
56,24.583445915321448,54.776231165592236,27.57334140153924,57.56
94,33.41808278360887,65.75528068090446,33.77992218697901,79.29
67,32.945815896739234,56.27748350751148,28.77584551480562,71.73
57,33.49639423052386,46.807983249254946,18.244478490405616,61.73
22,22.266365714080788,65.03522880936842,16.594527956323766,44.95
57,25.775618567606173,71.82365958329856,47.747975419949185,64.73
31,29.538117909965106,76.88765077557417,10.782679032554434,57.72
34,25.785750691415302,75.17796518486409,15.754396449005442,53.34
118,30.493384391774498,44.66780399969938,41.86085997024506,83.01
29,20.977892032770367,32.49612428316895,10.200051447635246,32.31
20,28.75631283174605,44.07871429277651,8.491801188926706,41.91
79,30.487661471923595,31.124616481777025,43.53993700904435,68.43
62,26.009867726569297,79.30901558043476,41.950563175297596,70.14
60,33.282857581297954,74.32933005301717,6.088011968937659,68.17
93,20.24805686841006,70.7396000817948,21.163703107513168,64.95
114,27.514080376248415,77.55731157027066,39.29488100138469,85.93
85,34.98125051586975,48.59300576665472,18.446137883747358,72.45
112,28.077449761175895,74.59024430425511,46.1208316741983,89.41
85,30.32170814391583,31.058190699101914,20.151755100389007,62.62
109,31.222179036547118,79.61242895777877,22.855679665954394,84.04
63,29.25326107949592,56.705084504293275,14.822126728402374,61.23
70,33.3048060428498,39.91782341246665,38.686295615158976,68.64
106,20.881940248169556,66.46332029183168,19.798037969404533,72.2
112,31.010065258994068,38.660919059345034,17.854924498102534,76.23
31,21.348174201509572,36.59649128769054,27.29791297987872,41.03
26,28.35434194791103,63.055896367276226,19.97467457221311,53.28
60,25.62861698745372,59.95063185573061,43.53204440858366,59.6
21,28.053519057806326,58.052641976193954,22.277265036676653,49.34
70,30.431107228839586,42.637133437422655,19.01325402701951,59.79
30,31.298893078937283,68.0397254576699,7.69669917037047,54.7
95,21.905843980365116,35.19368951394053,36.956526691842654,64.17
88,26.110322174441748,64.94430425585338,45.6875847296477,73.53
33,32.50086971156906,76.45681168608841,25.639736946709444,62.2
64,26.56996621843331,45.373108651676304,49.322204103688854,61.55
90,33.38813543797842,33.028142170631675,44.906930030458476,74.0
53,28.00007172338858,72.89976113636793,38.15375994109523,63.95
69,33.01466049368,46.6323817667073,8.808223798404065,60.86
70,27.638678757543126,64.71373732179315,10.031016705527172,61.16
107,26.712634485295098,63.108650616178636,36.800766306730566,80.93
31,20.15350784613136,31.107976777226078,5.375738188119635,34.99
52,20.274019724145152,73.44818864241469,13.787299996122236,54.0
52,22.40144206486167,49.20574556218847,14.866956571666103,52.75
105,33.06215637163427,73.50527291720522,31.052145173315147,88.25
68,23.426544439968126,51.15180895410924,43.08244046013314,64.19
63,27.053734784899643,73.60148674214334,15.126817956988972,66.11
110,30.09741099170396,79.86022539253395,40.10863682606142,86.52
50,34.89756184397499,79.74065146518862,10.16538253972756,64.95
23,22.40576200765507,65.77284776799083,36.603437883705084,47.11
56,23.608026297739205,55.77734970375711,30.636708441593445,60.12
89,31.599630052963953,58.52289576439305,9.15903126072816,76.25
116,31.84868002554268,70.89573130233325,18.071672252402465,83.44
94,23.633534901137107,42.16719417450615,44.48656381589747,70.21
110,34.98636151695966,71.95457493260527,38.28664105015181,88.98
75,28.830334615040243,68.91978071766059,9.199765412142188,69.78
83,27.901217786450694,48.069130578277125,33.17267891492731,68.81
19,32.21102431080021,45.71207602497525,48.80869483267633,52.39
36,34.31195904586363,75.11730282137933,40.56100141555163,64.25
28,27.979576017447474,47.839812782746726,40.64976649199083,50.83
93,30.61182187599352,53.974031559550035,31.307376179982125,75.6
60,21.952916898055502,34.063955242044386,5.938035791346536,50.82
24,26.81614626922196,53.70800872590627,26.053823181235206,50.02
48,32.38413008761391,76.83869747615009,41.14058747805674,71.91
85,21.796503978663274,64.99949172760793,5.273748991173168,62.15
72,20.00236616867085,65.91189974906422,9.999374398069573,57.56
110,25.96935915943654,63.733699601158094,7.5037396697916225,74.28
68,20.964855458499287,69.78495163357437,15.836158046957857,57.64
111,30.37727879187576,36.08090784098247,7.927068098171327,67.76
14,27.901182437074098,34.797787747329494,23.090381224288762,37.61
34,26.221465385692987,72.82859511796678,37.48389079527502,58.21
105,33.79405129132155,75.74659508851482,49.51328739647432,91.42
65,30.29374903786261,45.90553712041584,12.956074990882897,59.45
98,24.440368272809156,73.5445895233903,5.185721960357175,72.96
92,27.770035045948767,67.1689582487808,41.701241310587974,76.66
28,22.439424444735756,49.40246350292071,13.352182877994492,41.33
35,33.35598183620828,75.79453173683515,17.497203765825766,63.22
95,23.59414748042308,72.97638526237449,46.60756395498374,76.35
81,24.909697832445318,36.80682201752556,12.036812563998811,61.28
52,21.973560678183894,32.46459995119022,36.246015004787196,49.92
9,21.319295125530935,65.24851669036029,21.205925949824348,40.26
80,34.51718205487285,72.35787285015539,18.939135346637926,76.98
92,28.19774067525845,51.107758246374004,32.84045190809893,69.71
57,31.27698416778063,34.749332248865606,19.43439863097651,59.66
15,26.466230697252357,50.0667971549713,6.274596089616245,37.04
88,27.018048704508974,43.75201294703667,11.38229729094537,65.08
12,26.02274381276903,51.45488917427948,48.55101110343534,44.87
7,22.62836438549173,68.73608113046708,47.60560275267292,44.11
34,21.060064470426585,57.04862529572334,45.15523115993638,51.26
71,23.634947171806086,68.68396732396253,28.790863415546887,65.0
102,27.8877445439572,69.57875481964956,10.18810669476201,78.42
5,24.937050583341204,74.29618352084016,43.14251183970421,47.82
27,32.55066080875193,38.727294175174826,8.186661562359403,43.9
44,30.58151277641827,63.78726275820917,41.29531844586815,62.19
18,31.23673368538806,58.25866281119687,25.155110518000843,45.84
71,23.788926396787,77.88520535032436,6.357261717807753,64.17
16,32.76637823348217,57.860952246502194,14.307846716460256,48.13
38,29.63869873706811,52.90413448378652,40.6530478998906,56.47
47,25.940365194535193,79.16207182361993,41.380713026471675,62.61
67,24.166460742158826,46.49079044281805,34.266450222295056,61.15
59,26.053842061477212,50.218734978541015,15.183692876805555,57.98
31,28.4666276248072,77.61506923005533,40.68471431266301,62.83
55,20.476837243327065,63.7115724874266,23.06287023407124,57.0
106,29.554364270311993,78.62422811380796,8.071963963497545,78.6
13,26.064686468296383,73.7664541318954,13.521030245629929,44.9
118,26.61868814646766,63.55562491872179,6.456891977348365,82.12
54,23.022711881361626,70.37777754996505,7.423795150479341,60.31
37,28.49278976476063,60.60749108066951,29.716307212005244,53.51
110,32.736063123552384,60.82396792706223,13.392995562682689,80.27
29,25.0984373174275,74.99757019532132,7.240561393446911,48.4
22,34.691761446692354,69.86197875114001,18.580065041132443,55.05
64,24.339236366629443,72.48376537005623,24.69270329322575,64.89
54,21.14929720894473,53.65175625418502,41.092815168986135,56.02
18,32.55991150736777,73.88194357938875,18.487826812441618,52.91
107,24.913209064077392,76.15719438584289,17.121061318122237,79.63
105,28.680426180764698,40.34514474254529,40.80386051984555,73.0
70,21.703318157652408,35.702514885269935,20.64522836610101,55.98
66,20.53407839774763,70.22662978715618,32.69788498692694,62.37
16,30.052782011168112,38.75874318520905,26.320251303852,41.52
73,22.34366171377875,77.87636139054234,40.04321706163238,70.67
108,27.311607106396828,36.90138044689484,35.30262106021239,76.37
31,23.228490981585992,46.2013977816924,28.374337803528874,46.33
14,25.652294092219563,61.40913022551776,29.62568425456776,46.13
48,32.04641863820953,60.60248107240766,21.96027575983462,59.8
107,33.19125965396594,31.96217880202732,49.459218998911744,78.8
94,22.753448674209903,51.23219856545248,22.63802630639685,70.07
8,32.69982370253442,55.92758780344889,32.17313143315722,47.89
41,21.090232337612164,65.70607637011528,36.62828705282146,53.58
27,33.59167627169987,39.44625334195623,16.543419229661357,53.5
26,28.831917937703444,45.559622217718825,25.235593289832078,46.44
49,30.192620341048332,45.774460324111196,40.662575683765965,59.66
97,29.879337634446415,78.77191449267853,44.24660869364937,84.63
117,29.25328674891224,55.45010917683691,49.621899898849335,86.3
119,32.92916137371487,54.5856286745036,10.748424359421008,79.33
83,21.10041139275379,39.791962094711685,26.83639645669521,61.06
71,25.688178593534516,53.28093474189811,25.997933810248107,63.93
45,29.22401266875721,78.85938695662091,10.009144466489758,59.43
58,21.013293244663014,31.645376149048584,32.23139885612905,51.0
70,34.88057710667892,35.14164080320787,7.383780772074537,66.9
18,30.1103449159039,36.66982944704046,44.59574449885066,44.55
43,23.141297252004215,78.50383094550006,35.05371000078562,58.49
69,23.18937124045261,48.73754580880468,5.351301252000062,53.52
58,28.416651631526012,56.675429306725675,42.05538741916943,65.88
16,29.490925790113497,42.10443331427525,24.6550047359566,42.69
69,20.590852443345298,48.16230892810886,32.47892379147402,60.82
76,28.547382159982007,38.381098537770065,42.69908504076527,66.32
91,29.696458669880048,40.799263786475166,37.78890456726051,73.83
96,24.37734781360951,68.25557552199248,39.38056815495743,75.14
103,33.318527574924815,50.20974398044407,33.11297833530265,79.76
100,27.047031135465193,42.820918478771034,45.10532484641603,79.17
23,34.315469233272566,40.28624137648332,19.02574655806826,47.97
34,25.167527827136926,61.28335903157965,45.96849903101523,54.33
45,26.343051735952066,63.47403731929657,5.771825631347634,50.0
26,30.195126967109523,47.56098153337848,19.124571806769424,45.92
71,25.99093022065326,53.02134111833007,45.81384318808154,67.13
86,26.475544679846287,78.46748072099126,11.314558389552174,69.95
72,24.08891429569978,58.91538147352902,36.52762182833925,65.45
57,20.73587551112965,35.180193478477605,10.786406581907302,48.77
107,30.391722596425154,40.000813063291325,48.797606823503365,80.12
28,24.853664060592678,47.06010361960767,34.78629785710669,49.38
36,21.801360598573268,30.283150026289835,7.330254977438035,38.42
118,29.84224571754748,72.74628282555356,16.370583248270705,86.67
56,25.90366730218637,54.162434702231224,40.55970926983749,55.96
12,31.749165219235543,51.584872282046646,16.34025520451223,43.83
19,22.221663873335345,70.57735031673664,23.926575837060238,45.2
67,32.61333465067227,32.50720115359051,22.847395970045515,58.26
84,34.03093931275551,73.42521952983854,43.89858459801178,79.85
74,27.90948699693191,75.04339472007896,19.08255278067613,69.91
10,28.272354430270052,52.58662924380208,5.709847539715068,45.65
69,26.77004049108933,77.92581375013029,16.736379223674934,68.36
29,31.068650804974837,36.418030644759895,22.183015951553706,47.77
16,29.00185909909245,37.813066990567776,29.09866472130198,44.13
39,29.56439652419396,45.19267904341112,29.323816299002104,51.32
83,21.075657813273992,32.178034028621,14.776583022223905,57.82
40,25.885986533616716,50.03742238237889,13.034878667821237,49.84
116,21.683173088709093,58.65639616362823,40.143848032312356,78.97
113,34.03532566321439,63.283686811464555,16.92911308673525,85.04
42,32.48338670756568,52.93841449782964,31.712307172212537,60.32
92,22.83137716901156,33.15083894376854,24.09637049066061,59.74
93,23.7814798934345,77.7444855004629,26.75094363765045,73.0
10,23.97841243067932,36.46904655337706,27.995397605717574,34.93
17,23.479526782366786,36.05692869244508,5.27393889390155,34.77
60,24.62591887947719,73.84292915130858,40.177501969458184,65.19
26,28.5130367968448,69.56021267940355,30.18913218181808,52.45
66,26.373018906020164,44.44436496871134,12.749824499316471,56.75
9,31.96126863249873,62.17359661228641,40.16570656237873,54.21
5,22.050426117335544,57.566527484615065,32.24301673790049,35.81
29,23.182418943965438,40.09690809709329,43.66275627064701,46.27
69,23.189347844289696,48.71680768483698,17.243787091008997,61.34
19,31.93182365933123,49.399324004766115,22.261156364446606,47.83
71,23.172929387951207,49.67177447184301,7.8860863506822465,56.32
61,28.72670916388582,46.17136776611076,28.230395423761134,58.97
60,21.112589454273834,79.60858572242047,34.50172780601777,63.53
57,32.31994175525365,55.5903198719312,37.30907903091732,63.06
73,29.823579531767464,48.78796739019815,49.211719297749816,66.8
115,27.023263941319534,42.52567365819457,8.604147239611043,70.39
41,22.36533008109721,55.81699094191633,40.678004022670486,49.69
82,31.7443664895092,33.57006005434535,44.25859294190158,70.78
65,32.6331512031539,62.40840244897718,23.18090462882661,68.5
99,33.73251314368123,71.42498560721346,49.125107340918206,84.62
109,22.87831324577143,62.66357829163719,7.416373457271843,71.74
84,26.055189238797713,49.811007224089046,13.702037444557483,67.11
88,21.33874627454876,33.93418284709489,24.17681968028257,60.23
36,24.44404753931704,50.757225193414385,40.968050265689655,50.4
99,32.91695364567172,54.32129175130359,11.0505668345179,72.4
119,21.72033976716138,79.58571143937183,18.611052214318068,83.93
15,24.407554334329408,67.79636724986186,22.212577880858046,48.74
91,30.17273876883602,75.10970591913379,22.357954755492496,79.57
73,33.50925098152924,36.543176297168934,34.67886435634912,68.49
63,32.17111254050984,35.486190062356,10.478839894145528,54.79
49,21.48021376225816,58.59232998931598,9.309554878983214,52.47
55,32.02880588383974,75.75383826394031,39.04672703063585,68.64
100,29.518252112924404,64.21927122960366,29.019647409441085,80.19
17,30.75255810100854,74.0733382439778,33.74145926974276,51.61
86,20.47185792869039,64.77378020945386,24.729300140503128,62.56
64,29.742891931240536,53.387391670008185,30.90873376417316,62.28
13,26.76746005531394,60.18222622529939,45.298405417137175,47.22
18,31.66000167545924,37.59962807223387,12.838199299381763,43.5
14,34.795443525453216,56.101170883217435,42.188671798199685,52.17
25,22.33514188312963,61.52108740844616,38.09363114781514,46.45
77,27.185355974137607,59.96457911100707,8.548206375678145,62.99
87,27.35178854190173,31.442895666806226,7.888796869901645,64.93
98,22.609217024062897,72.13474721113808,17.794385914023117,73.71
25,31.196288492661573,50.201497516423,35.5257783254759,49.56
28,21.278873369552908,42.235092257482926,43.48887656828054,40.39
30,25.919074274918607,38.992222341777065,17.829477472234732,40.06
39,32.67410063028162,76.2108381121773,27.736492561290962,62.23
115,31.906502105446307,43.31141431587341,32.14811797754078,83.81
33,33.976744899143796,35.37493185547145,43.80346476383558,56.75
33,24.81882760120869,35.1509597221103,8.231339545046113,41.78
105,32.94955272267686,62.99066601440299,37.454230623287465,82.77
114,33.24748516963427,38.35200818100092,15.025323389448209,78.0
19,23.156307256122773,56.063540344593456,46.462891460008834,44.06
36,29.267229196383337,67.58081968231384,14.630002224625168,53.22
110,27.72421027271667,70.69919872866544,37.49700106924825,85.48
77,23.759839700623544,36.98703297821772,22.557682187227538,60.56
20,23.88333112955757,67.72616537127823,37.4733336202115,46.83
22,31.879474879469043,67.13883205539474,26.43467512634885,54.22
68,22.3735889401132,38.38071280733147,34.785074961540516,55.44
35,21.38631650679768,75.79752352561721,40.032189475402056,54.39
94,32.55934788587727,60.65069805259859,12.76021101078808,74.65
112,33.606761287701985,64.9116494906565,46.67850146477525,90.23
64,24.908899177542985,40.90383910305765,22.61014532092214,56.81
91,29.42743145133593,38.63282679161995,16.638810648679474,64.42
89,33.84764042684495,67.40446828515633,34.989197636701086,79.95
10,28.45024043559446,68.14167126512672,21.51837278352656,48.61
44,31.250227688430428,38.78077671655832,21.735319979352923,59.11
99,32.17787334364667,71.47067486241595,41.087584402028135,86.15
57,25.599731095489116,73.72882383591003,14.600595855205693,62.39
108,25.450208501972668,66.50976330807774,18.439070611403373,72.99
56,28.18554524049423,61.3815177450894,47.086264147744984,67.5
21,22.423812526371023,71.14903126571453,31.39652302495202,50.13
58,27.017570196870725,50.96949189841946,13.022366374491835,57.44
73,29.21172731693671,40.31694392910444,11.52794275881906,61.33
27,23.755595760604663,57.13506236283225,40.955466710856136,47.09
55,30.425590647461057,51.50591368038453,36.09831229720564,62.74
10,31.87360863395042,77.77070823730483,23.61401396804292,52.02
55,31.24985648212555,43.775400996599764,22.17694185920937,55.82
101,20.870695055277558,64.81317376502665,7.377109001786152,68.04
60,22.37833952437493,59.63861496637661,45.3289009225728,60.48
108,29.172370015735147,35.029282829831196,22.847275640793757,71.36
65,20.037913247478635,35.05755289592143,40.65128150738082,53.48
14,22.20272253610139,57.55156763400785,11.509470590313958,39.81
88,32.81819752602935,79.9504730834434,19.31777111742919,80.7
72,21.661227617457637,47.62377207978497,12.809161383749757,55.44
113,26.262842091612956,45.02955613904592,34.54798772629081,76.64
55,26.876388110673734,56.14791387841136,15.79152517559966,58.66
87,26.82516548460436,37.48183607544634,25.237728874570188,65.41
57,27.177362898428278,56.880285336320654,27.136238888856955,59.81
115,30.05604336524546,36.33292329591308,20.590308830437717,78.02
75,29.367770230465208,53.40327302131156,14.786795923834012,61.51
26,33.97412143198886,78.6289208829738,40.15025807940563,65.01
25,28.774041775085717,63.26020517405336,37.072310133134735,51.82
77,28.352355663237063,38.564527733383656,48.44829345588152,71.74
88,29.994579846924385,57.32568543506018,14.236588838132155,73.88
8,27.52367974859684,73.33041144645794,40.76282033313254,48.55
70,34.30484676444907,69.18113712217149,34.6965932866577,74.05
78,26.172270681787378,65.75506693812335,26.915692626512282,65.19
69,33.10997017419625,74.36455008886648,5.4934662225401265,66.52
41,22.949011952223355,73.03444252869947,11.598386676241171,52.18
29,28.616506359445374,70.65601363107098,40.38392987196259,57.75
90,24.887661362373915,58.71143071638312,18.158130532701367,71.65
94,27.497333866228836,49.3783169149916,32.588253944722176,71.08
42,34.129407313443096,64.06278150934375,34.052185078008236,64.04
66,26.42845756708546,47.91838161661992,24.82414916555202,60.41
88,21.87951344609164,46.24959476317942,30.424998703186205,64.92
32,25.077207655519665,62.897541405970706,37.29750146345711,53.23
63,29.32575777805764,33.24618114899206,28.858709952521302,58.74
80,20.27522992510449,67.784088852476,16.94041136631199,64.85
109,32.44236009507364,64.77522180077642,30.87777014673657,85.75
74,32.74133404182335,60.79219472106179,18.154828212918503,67.54
11,30.60041570513772,78.66303716819496,45.191242327074505,53.82
50,22.04548480776862,59.46904690045869,30.549255146648598,55.62
50,29.365032898268083,41.88106087802102,27.647170164526297,54.97
8,22.52611923515045,66.39279340250734,13.268251662909256,39.71
24,20.97904988675491,52.183909982772974,43.27781938372722,44.29
70,20.091929709705212,53.2067593599366,6.10952250681018,53.53
78,28.148164807082065,71.61665703167915,10.021792687195928,69.21
13,34.61476455806621,30.858649533118477,47.644324388649004,47.67
78,22.908878364796607,41.83183703167633,44.457486302586744,63.61
52,22.718717090992325,58.276945730983,33.6787171892746,58.32
8,26.2209895455521,31.80763302706446,19.46395750152518,32.77
41,28.731820562297543,73.34367913995894,47.898157836483044,61.2
114,29.47084522421718,42.104947866317204,24.465841925150777,78.7
91,23.82138192799768,45.24673188488304,21.20294720978277,64.74
42,24.491191703699492,46.16226585297358,16.717685612495988,46.94
22,29.516599117525285,71.38397036017702,24.246180910229207,55.43
56,34.63778119015383,48.353122785547555,14.34578429289189,61.03
50,22.258112198968043,76.15429096197147,30.425372719377403,59.41
71,28.688300528413368,32.113449711796726,31.403965851112464,59.41
52,22.487093540454385,37.69939951387284,36.83578955998347,52.76
109,25.424679916325292,60.06881057215802,32.449167176651216,80.04
33,24.031204179346524,56.47892082571252,44.71764924487345,51.84
62,28.163551364156262,77.52751859718782,33.14289334461857,69.62
98,23.80180540805547,47.81827966605191,13.607554455360386,69.47
94,27.2598612549881,65.09312134121079,15.223606393199725,70.75
82,34.63435055723482,73.12505204465457,41.440924821819415,80.1
65,34.964755075632105,38.205721979789516,7.4535151495225875,60.49
72,26.42971761168073,71.21014557811273,39.480026810182075,66.06
53,30.68866914870891,61.74757578804909,22.424803568564215,60.88
97,25.167710083490302,34.38847818838373,26.56742361322497,65.46
14,27.831103567059998,46.5454291539013,29.41006127347431,42.49
70,33.671408282797216,55.07820766603171,21.28098559383754,68.64
56,22.572694964720334,58.24245854997872,36.65034295335196,58.93
94,28.608714634193937,31.358701814696072,16.84496312902106,64.01
101,34.92579128718871,76.8908482616281,5.1926791026246635,81.74
83,28.087990029909523,55.52575466943243,12.168324161199344,66.78
91,30.09159972093661,76.22851098433668,41.740882672632736,80.07
42,23.62196342298824,33.11588625245928,13.078773162215004,40.3
10,33.72317570926056,37.01336067295845,29.194180879445565,46.24
62,28.163770659133608,70.21405467810865,29.16540885571499,70.72
62,22.82898396907388,58.08162666421899,36.17637772320953,54.93
119,30.887796265075927,69.51413676864209,17.996752657292966,88.87
58,31.362234871101784,50.96000036353672,18.37852696515377,59.09
26,28.59132849927282,73.39818849680759,46.82068361109463,57.22
9,32.737049542416834,41.78211659998435,47.082290483605014,46.0
68,25.95389420935721,71.0770191098308,8.645670177406888,65.72
20,34.93986576419158,55.407865328007375,20.53418139679029,57.72
5,27.512974124913324,41.58503290879292,29.384147437391846,39.52
34,29.75150828975831,75.21771701251572,8.846988680820713,56.88
52,33.89750928566332,31.610768022518645,25.814072448306774,56.23
56,22.986445911051046,77.03226716802618,39.269369663424904,61.05
14,31.75874764518804,74.86020654658958,24.744299929323336,54.3
23,24.164187544420002,58.51881001744118,16.27287961486256,46.14
57,26.485216075071975,71.37228679898067,6.109865973410486,58.99
46,26.495073951687203,62.33036184196467,17.236829185586927,58.35
53,23.52393789543715,35.01655266060344,11.672714205316218,46.44
21,25.979515022683017,46.95868100011221,24.632098750200324,41.8
95,27.61472129026437,45.778665408998755,49.59884021609117,74.85
111,24.402178660385218,40.573516002487324,16.958586928399765,70.52
60,21.931138431997653,31.720181385714724,23.646632355795088,48.6
55,30.02355525466016,65.84420877986386,31.15334042294511,64.05
92,34.540575165948106,36.881949902068214,23.837315418187224,73.02
7,24.756106540445874,56.97532869921477,36.09142565320377,44.13
81,25.632619666433925,52.3645769936314,40.55746171689273,67.54
113,34.3533266394945,73.95310022761251,23.203238140180925,87.03
118,34.17404068048094,71.19052609401754,33.716977946907384,89.95
82,24.85774446118767,40.99671569152906,48.70484554823519,64.42
25,28.55154937320954,62.42122091853912,35.509776690150275,55.12
117,32.53043531268339,60.78962760506927,33.5204788795251,88.76
47,20.300515761158227,37.0489668495057,35.54808732629876,47.43
89,22.798368682934235,61.817215765904464,27.504155110200497,68.85
61,33.313834860782876,58.319536031554875,35.66907500938119,67.77
45,30.106438238703987,76.38560654497886,20.6385974188212,63.56
45,29.773683919703778,71.61308853362405,25.66933272943844,57.64
49,24.668678788678953,55.494628786543586,43.83621266673306,60.42
60,31.70659459866766,76.06240741638473,18.776689291335863,67.14
102,32.492837129268814,32.21734309768006,18.8789489972906,73.93
71,28.32463002278822,44.76409852414749,13.896404984461128,64.47
104,27.525544762645236,75.05945609773008,16.737582326178938,80.4
35,21.972878358285648,63.81195926500554,15.384577549115944,49.9
22,33.089550315367966,44.86718737700228,16.583505358851745,44.81
6,20.482437124655753,74.7921945233395,34.343720729588455,39.81
116,32.6897193866902,70.62012420156577,26.44174435348717,87.5
109,29.288118875447346,52.89547034823577,30.52240458331418,80.61
21,22.689691592372085,70.655889598449,47.320858347285544,51.01
68,30.998072074294647,51.56827281940009,25.06843716819826,61.13
63,33.086834468769624,73.8339759354163,36.535079279625656,74.99
99,24.955365330485915,41.55701710049239,45.004623735034954,73.44
113,30.859998111793438,57.549462224811165,39.66858567035216,87.36
16,34.82101912941725,62.94173501794191,21.443275890570057,50.85
69,23.998251806814302,47.24368918466049,34.20700102706963,60.07
101,34.2721587927889,61.86399050615438,40.44658472145265,84.57
101,22.112177931394992,75.86515727320253,25.674743597827035,76.53
51,24.275268638893525,66.52660654349971,17.45510366595986,57.52
63,33.04638874351532,69.84557828713149,20.592277842957124,67.56
61,28.403466802973938,40.19391713107996,45.62721552770697,62.68
12,27.80933697757178,49.56664182330964,48.19676542625757,48.34
34,31.536405097947252,49.69664893231236,37.82794999814452,53.88
9,33.693439704593516,67.74658665361191,15.220686451633952,48.81
82,26.8341618215407,69.98703218564197,34.141214492194024,74.56
107,28.942441968660162,74.66708209138041,12.738668082959432,83.58
15,21.68302050148464,79.52826063783674,17.617738036565775,44.55
119,20.41239334447662,33.23501652519943,38.02415392457787,69.73
22,27.948487637075115,72.172022183237,15.572685327502672,47.8
96,27.906858826665463,53.28159607795685,49.98513394053652,73.69
69,20.401558785546918,34.59689679604188,35.86681493186988,51.49
10,22.881614587991336,69.67207956860662,6.544947701428397,38.32
98,27.967981913622673,64.13897500970651,15.67913724026382,75.45
87,34.168405554007215,52.20862923839053,34.770405567803245,77.58
8,25.63825932193511,76.38661398915019,9.250567307092362,44.57
25,33.90998922761017,65.13971799090012,16.031927574713457,53.53
36,21.815235751229732,76.49923915670674,29.82878973227981,53.66
31,30.309149175806475,46.02249651873806,13.943149874157054,48.02
88,30.958139472448686,32.31766347171398,29.735135105166098,68.88
102,34.071774958950535,78.31268536200449,48.821083397734945,92.29
119,32.46702148105544,44.10211773948355,29.648184994592327,85.17
80,34.8672746772228,51.11639395514976,10.902030078436642,70.91
111,31.999205728773227,71.71277517925859,18.688211493283227,84.66
10,33.10729664420079,32.633666591484854,45.01152328981034,46.27
41,21.96930306623959,77.02907683676489,45.49518741347452,55.85
6,25.20542037988454,56.91263731723828,41.50799842757179,43.98
59,22.125557570410578,59.91243964395912,32.86091978915371,57.08
32,27.721510611131645,33.19378919309442,21.03880348210044,47.18
79,32.210823084680136,77.69475319488703,15.364160392543049,79.38
68,34.298822835812516,72.52264588918952,11.53547910843547,76.14
80,24.720334608069898,54.09537844180011,48.589831091603195,72.15
52,29.573764780954832,74.28808470563096,24.047981978892636,61.72
45,22.54570124592366,30.47790930740343,15.670922107249535,40.31
48,32.3238736117637,78.6291516275666,7.620700221980521,65.31
97,20.78277487949544,76.96120680856033,13.401454319472773,75.04
108,21.693548165909235,75.44548522368571,13.952736935239574,77.14
25,30.255960402658086,41.42092284159679,24.035650080879318,47.57
20,24.473857345647268,67.30952416586521,49.55743455149324,48.1
43,27.244300448249984,44.90986490754647,43.029828455243546,53.14
90,33.10563763088729,69.47275445160842,35.3185083521608,79.6
80,34.97454733600937,39.07435624293493,10.417233414857888,67.57
25,34.0411025279418,75.13702305460006,29.44751134631475,62.58
111,29.192830423479784,64.4142335184004,28.07314116283513,83.8
83,26.81093007085071,54.6380211999545,22.16016396118256,66.47
112,29.64205263174314,55.98712432186336,35.680856507797394,80.06
32,22.162448902614923,73.6508554970541,17.78801001756181,52.3
33,30.850379175782194,49.0844152874498,19.3594983456585,55.89
99,31.592067392926108,42.48405321696625,32.40071874635171,74.81
63,28.077633095211702,42.721024559776716,8.252337651853994,60.32
105,32.923464263749345,38.20199735382065,6.1682458259264425,73.05
48,29.232542800737487,36.427297880225524,33.004098385514496,53.25
18,26.797044972177495,45.761931420051056,47.35487879355458,46.68
86,24.51895096780044,44.24841328686228,22.534516161643214,64.56
92,34.757688842713186,44.54792152589808,40.74585481614538,76.1
66,34.92120577043695,58.560666230124816,26.267594388536278,69.59
35,34.20301096243947,44.586194359018045,15.19091112548277,55.04
47,28.719394632584724,67.87380796299175,16.972336509770518,60.69
83,23.703747426631857,78.8572666400203,40.84614230068163,71.62
34,21.83080650621974,39.466687674853524,14.518423298490234,40.85
12,23.202268755479526,75.29345531549859,45.45606772460149,47.83
104,34.20840541020066,77.70768635595888,49.57095794277094,92.69
20,30.811283274164516,61.56446561663654,9.484772609994826,48.68
66,31.836109743225403,66.20043960807769,13.368345082615932,68.67
72,22.03311519636255,50.79082062976131,11.694669270535297,59.57
99,29.852334597713153,62.69023296921653,9.271940430452814,76.86
46,25.46237297275824,52.47400793374578,43.72363517324166,55.38
102,24.153525346114066,42.4449192596596,15.55448453366239,66.34
118,22.187887010137253,77.741960483828,8.437649770941777,79.73
19,20.2048675463912,54.0841161227596,7.5127199394413475,35.62
21,25.635908855936542,44.1071064360855,43.73915555996024,44.51
80,22.860758795071177,58.410417039374536,41.639490427229056,67.11
110,23.851066619492176,42.01323378060886,16.84366268810402,69.12
88,31.859892890684165,64.85699069728915,49.79841027189705,79.36
110,23.834630439631628,44.851011440540816,39.584214365513716,77.26
93,21.271392099129827,67.08044169716692,36.204162890732306,71.19
14,32.55921910548587,76.90362983527055,49.71601366473511,58.2
17,34.4732449124578,59.06924476682556,45.88950026031618,53.29
70,28.922832521945345,72.52922349111236,5.399771172297257,66.77
13,21.908061790066714,49.7970547906987,17.215729835944593,36.19
47,27.918637967473522,43.65194164431237,45.882269035398245,51.74
109,28.835584109125108,42.71262013072719,16.654930453764486,72.13
14,22.741828000473493,77.54208330858674,42.91013708634686,52.07
20,25.957287499143806,59.94950453155133,15.869426572219005,42.58
63,21.11178761578937,31.737107296116346,26.09300870696571,48.74
64,28.389415814679506,63.588398022818126,24.415024653860467,64.1
27,34.444639135467284,71.57674862234376,25.85985004862086,57.59
103,34.705872790410396,48.907066867188995,6.148573005070094,77.73
75,21.965218316504217,64.94925540872427,25.5308019824001,61.56
75,31.86132255011224,40.03724745847648,23.51845487453994,65.48
59,24.285971428486718,73.47295582689438,8.252240551485663,59.82
95,32.21441779021329,67.65051003438128,46.118105379947394,84.98
14,33.272046214402934,66.18976150873928,35.13753535240178,52.05
80,20.665163188435088,46.12206354083182,30.6128656038383,62.24
81,29.647679253048437,74.11062059086566,23.096771428771792,74.12
62,23.95950105103389,44.048861693975674,23.582880324515507,53.91
119,26.99285345233301,62.72924000957301,9.657387661710546,80.95
112,26.84100717456386,31.92931004040892,5.800909852442718,69.18
18,31.465988038438613,71.9929786337021,18.14795615219202,52.38
37,20.723661847048124,48.58115051788839,17.286050828845497,45.76
22,21.843133698412288,42.744097820559176,41.613254610034105,44.28
94,25.654898530499523,76.09227497738925,6.6313542881657686,74.21
44,20.718877639340363,65.4948054435612,31.199040534077938,53.15
42,32.07007426783338,66.82471043583897,46.63983815935693,62.09
116,23.19519626048864,35.18747122876758,20.453455121000808,72.43
106,22.77418005817598,31.946685364468557,6.619542299090053,67.04
32,31.169471657810725,31.201927795292917,34.26454954028325,50.42
45,29.244376853816917,39.17321269844243,35.55810945396358,52.29
93,24.288913394809825,75.86107725710892,40.14481914626776,79.69
22,33.76449786382565,33.90548443755781,24.233680408446926,44.26
75,22.846683401468365,72.53538958642491,36.63046772705365,67.37
45,31.1231020542145,46.774610298349444,21.33224506514022,55.94
27,25.414541204728103,69.1734275719158,48.863162484572705,51.68
78,34.45930138082431,76.53556111662718,39.30046529198868,84.17
73,20.404775538027383,74.95610503302355,20.214795354312947,65.34
119,22.92900402786581,59.98431571140297,19.947805678911067,79.57
111,31.428436882818595,34.97943241641695,22.853791660982075,79.89
11,20.14378460216592,44.19230741730683,10.36848112708156,33.55
81,21.162309352036242,59.662973508768864,13.520647563343639,64.11
68,20.408037630732135,57.659174612886474,14.517543226090428,56.0
12,31.25583390636052,33.65875493840011,9.026527234208782,38.6
101,33.74406256015297,49.41834388357738,31.83845119630908,83.82
80,34.724159834636495,71.55422036782976,46.02819687248091,82.23
46,21.56025877692653,58.6861274183788,30.931398278986652,51.17
35,34.480830554951446,37.46309484944031,41.87471368069707,53.74
119,28.1017506404423,54.695299695467774,28.104032014181367,79.4
50,20.23470976913099,33.21874417575198,9.48475187290619,45.96
46,22.861612280250796,46.048634638775034,23.870614726665796,48.83
77,24.33244144879413,50.450386836813664,28.578839120857126,64.07
77,22.845445472751926,46.892694284765184,8.504152893786486,56.16
24,29.518557628013543,63.62031467977879,35.594486925038964,51.53
101,28.83037580545107,41.17493771773221,43.124426940802486,72.78
19,26.97917858018011,62.8365603111731,11.601525912514695,45.3
64,27.71489718364788,53.684556614535026,38.99542141963661,64.21
63,24.498695727156004,39.09134981205757,25.058822936875412,55.53
57,22.697722226137987,47.36986808751694,46.911126524290665,53.74
54,32.08210602019737,46.51061683630729,19.40935928697307,62.15
34,22.807679134827353,70.03118282064077,48.747042929063745,52.23
98,30.94409430625796,42.51035535891915,37.58764586336491,73.44
101,20.619622128821973,70.46190358373406,29.826713866785575,74.3
107,34.53352575671057,64.73038058133642,37.362736527895635,87.69
69,26.52418295611062,50.30171032971846,21.646850206555513,61.3
6,24.356163832133696,45.17393490069095,40.23430923092131,40.0
7,29.621707441320645,39.297604900040234,18.6219756105922,35.23
47,29.04094700761403,39.34547674135386,29.39159234777532,52.01
78,20.949788704584815,79.29808422007088,6.419058265905084,62.48
47,21.888469648125877,52.63933183476712,28.196820922428152,50.79
19,29.853398519820267,43.999377472704865,6.296061675620008,39.15
85,24.28473306077083,42.419830436696905,39.15204828021741,65.06
98,20.90828384361891,64.3410607996148,30.552174112981277,69.94
10,30.978562985195477,58.04636230221307,15.099135012298989,51.35
84,29.900039068618995,44.44789095703586,11.333451352601895,69.22
109,33.89797661148655,30.49040573569882,16.1401278035889,75.78
14,32.48734211629173,74.02912215604833,32.307414301117994,53.56
110,29.986727053159655,65.00798460365675,35.31937255833985,87.16
22,27.445465586994604,53.63534493181446,18.98165856012084,43.98
14,25.23623807397856,36.60492008643701,10.697892307026066,34.91
93,28.795462119844288,33.864674657523295,16.604150159660385,65.81
56,29.03368893807984,78.94709060906888,21.428673495519963,69.01
40,26.88374786448103,78.47860259182792,18.32695107187361,57.34
53,20.27307954654798,36.42840529275915,27.324369788318034,51.62
47,21.043877710944635,37.68157601966333,39.39800501251877,47.93
114,28.135909464025993,41.110360349799095,11.611536219527284,75.16
94,25.33004224032728,42.828661299502336,16.990691974092265,66.53
55,33.89011126404876,31.19030216291715,7.319969296981308,54.69
111,22.054952429284512,58.25729852784719,33.28844719562824,77.97
79,27.327775308962394,65.07489502828918,49.3879359418385,74.91
63,33.11580555954214,59.93675564145321,36.04045961346375,63.4
117,20.025872331647612,34.883315906306144,9.570047154313048,65.24
70,25.247785515554956,68.11233825083573,31.22257282777621,67.72
40,24.07832482877787,55.488842235175625,12.895473658862345,49.4
52,33.23404346779364,42.219087317091926,9.301718133621383,56.99
72,20.60367155928876,67.66182071543804,24.140987344790766,62.09
80,32.256909232552175,75.79960006810387,18.403250507874624,77.84
14,22.275004405364303,34.098438879674525,24.42269828175571,34.7
40,30.782214000413582,41.264444593127216,12.482346577194873,53.39
11,20.911717529441052,74.91398537718975,18.69995520456683,36.65
16,25.372202996025397,39.64672181463976,14.174891395723574,37.95
115,27.335260705198912,69.89656837556578,30.603651519255845,84.74
5,22.091981954977722,58.516621310062405,38.20256774142568,41.4
83,32.897772078734945,68.89060717219587,16.035348120425546,76.41
78,28.00453446855564,64.78726241783527,39.83094153342864,73.43
57,22.33101693108523,62.48953637563123,8.784954468935858,54.55
49,33.39245939394859,70.25477513120447,33.652438031137635,63.81
101,30.17702924756935,70.94274803815375,30.370023544285697,85.33
91,30.78902758922922,36.326345702453786,7.197873049433477,67.04
94,20.551905864458277,48.89428203863619,41.43115860220787,67.54
75,34.80355499652883,74.3466198158586,23.487942986640938,77.04
28,24.452780514199777,37.62034600189407,11.213764547090406,38.87
10,31.781316389717894,52.91234209671459,6.690779863007457,41.04
12,26.864399488841617,46.228932958263954,13.229944290344871,38.74
115,32.67932162030195,64.81729780476404,39.70639005707971,86.29
51,24.07541924253889,47.59525278793304,9.24406931582364,51.0
16,26.655662828284793,31.101960183381713,6.812656617482217,35.63
77,31.851642684006418,62.979841352940745,43.54629999023559,74.57
36,31.35108617353441,68.76176139789646,23.2203738397624,56.76
36,33.12322951163216,65.32648161515955,39.22259019877579,62.93
36,21.431940180497428,69.24995872117918,25.456257750884426,50.96
41,20.53444693085209,76.78275647047722,31.375415696247362,53.09
92,28.953189310042582,76.24361277167051,46.41693576446713,80.47
34,25.49023081387814,45.20351423901285,5.384964655317658,44.55
39,21.753070793306026,60.28124013230763,49.25842344613857,58.14
43,20.780785975509605,31.90768029676886,24.341796416362186,42.34
86,21.830653430447192,33.93666841317408,35.60276280865803,61.45
67,28.318710073034367,69.99147270249509,32.472777831881864,69.57
55,28.17202967413965,34.140213735727286,42.24738865059536,53.99
119,22.95932463075603,77.55453397835382,29.22527706575073,82.43
89,22.748460781132334,30.44331390668117,20.5142084271183,60.62
42,28.198913952458668,34.41390964842047,49.8135393130173,55.99
35,25.344450733277853,49.581597797690854,41.16923126962159,49.32
55,26.366508332863685,37.27838793262506,42.401253399592214,53.8
84,32.37202687151251,79.71266595432681,12.568585299271458,73.75
19,33.300895747174835,38.47333544442198,26.294676346314727,46.69
89,26.16412749830971,60.10268364635226,33.57291708375301,72.74
86,31.550457030522747,78.45064817515,39.80381949074133,82.13
111,20.53607827591201,68.33619314771005,35.181960275033404,77.08
92,21.30017841726246,73.11258141512437,22.57320639579773,72.62
19,22.091051630172572,50.93323067309363,44.65796033757362,43.85
85,28.42696778993207,30.680219772533412,23.535423392447147,63.37
105,30.75944116360142,35.26464291279725,15.774804203017737,71.11
89,33.05071994909588,67.31330306661025,14.856726273892631,77.02
9,30.157443147087097,77.39448295730902,33.73150624759576,50.95
116,26.768081123185947,67.42794928353383,45.59991289431684,85.78
29,30.34314775486397,75.33415693241463,48.14592179858358,59.2
12,33.98675631620965,61.530423582530474,47.03699047068529,53.03
118,25.675331360940312,72.94626942653466,14.937121214501722,82.83
79,27.07052233552236,77.81295990136906,24.517754730318998,71.9
57,26.40186455261779,55.74868924910526,31.206277208300733,60.38
96,32.39538815262506,52.60695275612237,28.56624495101097,80.05
81,28.820821487702233,41.47059956173032,34.03116683686662,66.74
34,24.906494981001188,46.45314084504548,31.91872453330521,47.06
10,25.031959267739712,56.272028507619055,35.585148796318514,41.22
63,28.500011806252466,62.70841559959661,18.84872824735191,64.05
67,34.75491206239978,58.53676244880704,24.917226340141998,68.63
52,21.735685913952832,50.08579598426939,25.62822738637379,52.85
62,32.41506703353791,52.56076566391981,11.709038694571149,63.74
16,30.19706106438698,43.15188995425166,24.209901306912467,46.9
116,27.985266897757086,72.61777301937425,20.394275259174158,83.04
26,22.150252310805822,38.40487238833049,12.393165538693175,37.89
90,20.63706365732617,53.126699268915026,23.852337893605743,64.42
90,33.18780116978384,32.28013619130431,24.037646413852617,70.32
108,32.287079566274485,57.785177036015064,26.81336108298614,84.32
12,23.197463035878624,35.83764835790043,23.692704348595925,36.82
77,24.076077747267224,68.39687758090056,43.38159611803024,68.97
52,22.72366262574484,78.21100999190156,31.04928696074853,60.07
79,30.157851409651784,64.89023492472043,29.117119690808206,72.39
113,20.308571970315434,78.84637571168976,7.9993308707618365,76.1
39,25.195989796442785,48.46650844098224,44.99311052239814,53.97
65,24.881991503699634,32.83012328027327,42.49371444769313,57.5
109,33.18908961774364,68.96015683825539,13.583671866761126,83.21
17,24.728843860622447,55.64803741296196,16.080669554279424,41.24
96,29.58085113225509,56.611742383834894,39.578474440131544,78.95
38,25.630928309767597,74.11189808956908,47.76988111467549,59.37
17,32.33545270718646,57.3139552395142,14.829721024490617,52.03
115,21.730853435148855,47.319678402505446,45.45900319822669,76.31
19,34.763746497369354,72.08376046357444,40.505219805231256,57.69
48,24.07980984475072,54.5020103220281,23.220189357037984,52.25
104,29.730828202323586,49.50979836249512,27.434519524908197,75.65
32,23.137791951212638,61.32731608738486,8.657623549431221,49.28
5,33.087807752692726,56.23537705911329,6.001265836684893,43.76
5,24.611743924420278,57.9697622319235,46.97295216891627,42.49
104,34.313470362146326,48.571697532336614,42.32300990895211,82.13
23,25.882098876742248,72.20702300127374,41.309212697099575,50.18
104,25.7445051659647,40.18243205616387,33.97990791337131,73.67
80,20.180137446263963,57.045990664364936,30.814996889705437,63.05
66,23.82673090007001,49.95658512000155,41.34479349494957,62.59
74,26.12986523314754,32.629573562033926,29.7721611259663,60.09
50,26.576282970528673,33.31273484771,48.065311301870956,50.48
92,25.151664249410146,60.67463859259898,9.305879328765782,66.32
105,24.115210792330352,64.92857425653663,11.878263677772766,72.56
27,33.96088691818096,76.62138914894076,48.61985564082472,63.99
114,32.00351320899744,56.16157639327659,13.466675684595002,85.48
106,25.359063829940677,74.55253084652674,31.71537834790558,80.15
48,32.82850899924268,76.02309892226003,45.590116976145566,71.56
23,21.58374069356642,79.57009315248058,15.986156936310786,47.86
48,24.520975661257737,37.96308471705472,11.336864816020782,44.78
65,29.14543182717476,66.18731927038928,6.1261295703739975,65.49
58,28.52341723499992,49.92125843697318,49.00368352153858,63.31
103,26.880932363003613,79.07706965221564,13.969573652775821,79.25
75,30.194614324995094,78.90170944428425,42.34650408425707,78.68
6,20.25340032607278,53.985008126677286,43.651054674303865,38.76
39,25.783220020106043,77.14777273678095,45.040868626657534,62.29
85,21.309910588377036,76.30406733934595,25.502114187574797,72.42
27,22.819758081140506,57.042978941253885,15.14016101544476,41.37
77,22.80025888871475,50.31999264272487,37.875203640385934,63.65
14,29.274332317865078,36.55186126827741,20.442937416454903,39.02
92,23.82188533596956,54.28920571776162,27.555821484140896,69.97
43,33.586927516019514,44.679281921214105,38.89411543132231,56.01
32,27.474870644723755,71.23078696478898,41.73504795027872,58.33
66,21.977779844650954,55.38419123175422,36.15981586331585,60.94
77,32.05632421353786,52.60041439935406,28.35912786528777,69.39
81,30.647013981037105,55.63735709255047,46.88186052597502,76.42
71,22.622553731993168,46.92929859707868,15.08775245361058,54.44
116,25.922854482923164,64.16518263020107,45.1306270167421,82.84
20,34.83140608841393,59.69271823529004,22.973013580023263,54.26
54,25.324490464792326,74.63388266724508,27.598151369260737,63.46
9,27.560570114431357,64.17263717105251,31.457017986541906,44.98
26,24.77114816642195,37.55550924323901,18.0373063157391,42.57
103,20.642559817834975,63.789548181399255,23.661056937460387,71.63
76,27.897870661567097,42.51672818673366,10.144493231383137,59.06
43,31.61323337249538,60.35143271922733,6.020907898210139,56.73
101,32.28249348821177,40.01330773589981,31.064953530699807,76.76
13,34.121383922529084,54.69924423460428,8.84860329092486,46.05
56,33.808028468594415,64.22163447907994,26.055163765941124,67.94
48,31.86122177866214,33.77389572120145,8.087044320281555,49.49
97,33.788813697894675,49.72696041212127,8.111877830499363,74.9
90,21.15365958103002,40.254687686180496,37.19678808984752,63.65
72,24.160013090743313,57.54976416726271,10.162054498423243,63.15
94,28.15847631069721,66.97755743674965,32.22513776021149,75.15
57,30.04653353584402,46.18581069113836,27.912160814434646,59.2
112,31.07993080342738,75.3644780726286,46.44632822242109,91.88
25,20.274758108235876,42.53221275579898,15.313335774403853,44.03
84,28.034142493499807,59.09801770095962,45.904909746776504,74.85
71,34.15255303449859,68.66765567417147,42.74964862273045,75.39
87,25.341588492784393,42.055522384260925,15.00761459804145,64.67
37,20.73783485348033,52.05717996845382,25.344208507567288,47.05
81,26.277361464278947,31.921445932230732,24.521965721816247,59.42
10,30.734588541004392,74.45210588450806,42.610434640349006,56.68
80,25.825897705758305,55.1602335037482,39.59306570204612,71.04
91,32.93835248785776,63.57483350162308,42.91034342443953,79.43
88,34.997077162007024,54.649621455226594,14.382251372941724,77.96
105,25.41457183979408,37.28260455321782,19.955173109914504,73.81
90,25.16149646044605,79.52358361736283,21.84190105328304,74.22
36,24.740769427533063,74.43042452177258,30.220619205124862,58.67
93,34.08827742316528,58.99916602260419,15.686100825023557,79.78
95,28.490713593862765,32.220123280301515,40.83960399577969,69.1
102,23.76618536044018,54.98351218645267,38.60360476306674,72.61
47,31.1418625212455,57.34979251692603,16.548206176185253,58.43
90,27.5594866973809,40.158001918210445,8.039967955505919,66.99
101,30.660318193381976,71.51161823670853,33.579524186803695,82.6
37,30.325950573903626,43.619228963164474,42.44279435393678,54.62
10,28.14482605619608,45.70039626367558,17.213675338385265,39.81
72,27.312534179304198,48.315157263116944,34.04488249325734,64.62
106,25.758124301514165,53.592148741880685,44.09828383105238,79.19
111,34.59930574908773,45.12632706023563,36.208126560873616,82.39
70,26.68108142866752,47.75473831815949,27.304760481578974,62.25
59,29.454260592445145,56.978781478103066,7.35375974374945,58.11
72,22.10058846896528,63.535976285352405,15.634670792425606,62.18
5,20.192863011754625,35.498961788270854,21.3646601449223,27.37
92,30.378650399293427,31.45199511046097,32.79832252812491,69.97
53,25.47825432700978,48.779331048240536,27.638174073008,55.73
114,33.97682814576761,56.149365409585485,6.945041813800055,81.1
92,33.52352128291683,38.451875818127554,44.731675350268816,77.45
88,21.787355683106973,42.24695228468282,9.506447948225802,60.63
52,21.887580357705037,52.36101426011822,30.645666349107906,50.14
10,26.85503464065411,50.007273364227956,31.67834022014997,44.8
19,34.038139541091496,77.78343310917217,43.547282592411605,60.65
94,33.24208518782727,33.49720050693156,23.8597288829018,70.59
40,28.372122401044134,52.296197997567134,8.126907113869386,45.11
102,23.25026365983504,71.35933571226609,35.17610228721209,74.56
78,21.644957444501628,45.94386421030907,12.934888419561801,56.19
62,29.142804669648864,39.56465871010536,17.299831240609834,57.06
38,34.26367232221748,40.355673677479345,37.030587795430264,56.33
50,33.66703655195125,31.449637249948992,39.682787688795464,61.65
81,29.933189268501685,50.18177631262523,19.25559835225764,65.62
16,31.425220339704772,76.91825075951297,10.114306759025752,52.94
74,28.94958799900181,62.36272556870378,21.806085739237204,67.78
18,23.71201594252006,60.02364316251371,16.591045212409973,46.16
113,26.622780447662976,56.45950493732835,25.22146422313178,74.94
49,31.265357887076213,48.88299554436606,44.11283639213043,60.87
29,31.791731717046986,38.46237987214472,9.88499109976918,45.02
11,33.89554005648769,34.24475272251518,17.204912439207902,44.24
9,27.855475794069637,33.95723341391047,10.295443069038456,36.51
112,24.15772047011932,40.51413963493575,8.949022509649826,68.77
22,23.211743651194034,57.589111419705176,49.06189578881699,47.64
26,32.348744040192955,69.24946538310735,45.12112510811493,58.31
92,33.69288034946581,40.11075437294866,29.432747207665074,74.31
107,26.11314406901324,41.403879705153166,12.080196761002146,74.98
109,31.933450437534045,68.18021795814977,11.029940654255181,84.68
30,27.897734247824452,56.97132572881182,43.73159146439675,53.85
35,22.88713048105451,43.212993892482785,42.56895898999919,45.41
13,34.387902296877826,30.29708779221772,7.146875365424242,44.17
82,25.232931451554098,71.49590154934793,45.16952879009662,74.44
57,25.835470311015662,79.90989234430475,48.942823563528165,65.57
103,25.636923534320857,58.88289980330035,24.739640798319662,71.86
83,30.689091103806387,51.1391170282802,7.960560890739137,72.75
94,34.29114309689706,48.12316301149632,11.835772294502283,75.82
81,31.367694393987065,62.05998166160741,46.562120059006304,72.41
95,25.439890494284327,76.78764857357675,30.453587091551476,77.36
88,28.607361037834103,53.300175717650646,33.64884659114276,69.88
48,22.33268546118555,33.69143210969412,38.225957121872725,48.01
24,29.12479102100101,48.107439174011844,38.85399368030552,52.21
28,27.2900517235734,50.35424864076924,34.27586559992058,50.02
62,29.229517636600274,48.76327355217198,22.732678392613572,60.48
37,28.046455951842383,67.10462962791223,36.32656662223435,58.26
77,25.16550332477381,62.41094679869627,22.66269427831148,67.26
69,30.37079667822528,46.29177974224994,40.35208065903601,65.74
33,25.234851620212364,71.59213862923835,19.32941147347895,53.01
104,23.42480260695414,49.09288126109163,34.42272754174818,72.93
102,26.515082774724377,46.75915646093843,20.11816616879809,70.19
101,30.48090385555819,38.114041215701185,5.558724012624057,70.79
55,20.443904053399038,49.04728813369036,23.339047106914027,50.69
32,31.741035655402875,67.3075251913394,7.277062420481213,54.03
10,20.300220397593993,57.323342550034894,20.37660705991392,37.82
118,27.322339341309636,32.88213477986967,47.17679201500282,81.81
66,24.883652497239925,68.27656657737995,5.735599935628669,62.39
92,27.044725346040384,33.8301808156855,36.76580011969962,64.8
63,22.128277389686218,79.4305252409761,5.9974590150775295,59.1
75,28.463269655500483,41.38433129647992,32.998894082605986,64.3
17,22.067044815219017,63.55930610795908,49.06294237400263,46.23
42,28.96530544915251,76.35060564625402,22.92699540467438,61.84
40,22.04578089400515,34.12022172920222,42.93994804593812,45.94
18,23.9704756656651,66.28782609524868,14.643515722313053,43.25
103,29.366007312082445,63.96793949608233,26.93874066822499,80.37
83,29.66226063550958,49.876116455360794,24.053751918782233,71.06
100,20.201072213779867,72.16958231645353,47.3819571034127,78.37
53,23.47154945695137,42.58722321412652,25.99667930460288,50.78
78,28.294948740333822,44.295878793110646,15.485022041404836,65.04
78,32.03331978456953,56.474144118969704,35.80020718084387,70.33
79,31.915495976333517,62.64090118269702,15.446699606446234,71.9
62,31.00821459910613,44.2327696746796,19.300343386408876,62.64
5,20.74855881366347,57.79356923228976,5.933699318317052,32.02
92,31.29422899494666,37.57410565149791,23.0265210793915,65.67
22,31.86739530635102,61.3182172238329,25.043048500437912,51.75
43,34.02566294586096,58.259876058887556,32.51454065327633,63.32
71,33.204465761278115,33.3486883061787,44.03809592157142,63.37
76,20.90548765272586,69.87996747448943,6.574947856879355,61.63
112,30.40192368594751,71.46637300310485,6.552222299086724,82.53
102,27.017214442714575,45.570787694057934,24.715505618638844,74.25
14,27.39237613849229,58.64330019834263,12.488908348510364,39.44
43,27.15600124350909,73.32075647624121,5.981305690597802,57.03
32,31.528945917354125,48.85181790921264,45.91296567187526,59.37
61,32.42187787785352,61.926252309583234,45.4216587653671,72.32
41,20.821094538649053,68.80244794346902,32.61679168323096,54.57
99,27.898333353017783,39.20902307423132,44.70139055041688,71.2
17,22.74703057357655,60.30167262601892,14.52119605567211,38.23
61,22.86125604685072,30.358721917522693,13.159088666809799,50.11
76,30.306837805397087,54.92931436956061,13.580417603965618,62.6
93,31.27446190350901,61.02343730257387,25.690730597368756,75.46
49,20.87095008336637,72.81220208458102,48.22703645056346,57.39
61,21.096089783799084,59.467428825274226,44.872287808553416,62.65
16,25.687089736588888,53.93511004253928,13.375946946564477,39.06
60,21.57678694778595,47.81872581466227,33.78399988711416,51.62
51,26.957325781514946,60.456031110664846,5.292028462414875,55.81
64,30.619707520746317,33.0673778981323,45.69396673942731,60.7
118,30.64740612379814,56.3718042464614,28.1548891100201,85.54
51,33.95337954042654,69.4387118187715,25.53567084816114,64.99
116,24.2651586472969,62.69718360899632,29.06681742244149,78.82
26,24.309497000551474,64.86572701483647,31.869410702467,53.73
5,30.06088610118085,62.18168940598103,15.96727094753868,43.46
70,23.636331425091107,38.42910017488097,22.745335689244534,59.34
47,33.78085624000746,74.83756823065323,46.40003756373447,68.37
48,23.0426119112102,45.25847510226653,27.264957956314802,48.7
71,24.827412622536198,37.70780248126707,25.392803535224708,58.42
36,21.087478910075816,74.76494188544734,24.968091315137205,52.53
80,26.949933523194098,63.008632082347845,40.75820559620517,71.64
95,23.783891157313565,75.55327646369352,22.932162242288907,76.53
91,24.332766849974472,40.394402763157224,22.84536725586864,65.56
21,20.191084150058227,60.44010462492481,7.945895846644071,37.33
111,21.942899148505287,72.14862010242817,38.610664490998545,84.05
6,26.9350381949517,70.19795580454729,10.059818526634356,46.38
54,30.288086828471602,64.04889646058818,29.868556182313725,64.26
25,30.762104138996172,62.87366675958129,30.670238069255504,49.22
75,34.998872402497646,51.7645665747666,24.26417944812247,74.62
40,33.9018317467164,54.51150407309676,42.89035153273741,64.79
113,29.372102865998908,54.91857227254597,21.520141544012443,79.6
72,26.97082934298124,78.88076837618766,35.5099106859163,71.09
104,29.501455101677323,38.27817575426771,23.221115126187648,72.91
68,22.490966666029106,63.159791267416985,14.202966675017965,61.96
119,32.13868755130224,71.03127965335973,13.783721642416648,82.52
80,26.020512285757384,31.86593317875322,39.59406394391188,61.87
114,23.778623980511323,49.76462489753358,49.242303046013376,79.7
97,25.41054804359048,54.095413573491264,18.138513229289085,73.67
29,30.4233062871092,70.8797273475773,29.491237152303732,58.04
70,29.334370637564625,53.11154829539013,47.10523383867766,65.34
66,32.29019223082656,75.55425657870242,41.588913385121884,70.75
79,24.532782649991255,43.87643959925143,43.899243283494656,62.52
74,31.421713731906816,69.44885939261468,46.8512077049673,76.05
60,24.340671513078917,60.731239133970774,29.729901797887894,58.71
92,21.24790515277261,44.26318309707664,28.416749739843553,66.26
28,21.82758667031733,57.43165553431331,5.5372234979382124,46.31
101,34.08066224625541,52.93777659947271,47.22873240308279,82.96
28,26.279077785078726,32.21477154984962,31.50770690863811,42.0
77,20.52177471288101,69.65553375141104,31.814763695105444,65.74
92,33.23421642568074,30.985986610215626,39.10154143514522,75.07
14,30.605508320507546,41.629013630564025,44.63392271255233,44.94
114,33.83180653941827,32.54870178958307,26.569637499718194,77.64
108,26.080134856599305,39.195523256173246,21.162811454544023,74.66
59,25.642476656466165,55.31258672486634,21.340779928073243,59.91
99,34.23775826709152,47.43406444924833,13.088610560221635,74.2
98,33.7669343916602,63.33780306536887,26.221216824240468,82.32
24,26.38432343628223,41.0734291515935,8.881976347839341,43.55
20,32.387801515084476,45.654158467567605,22.287208239161675,45.22
55,33.32291338772239,64.72398709766964,20.692274668565688,66.92
46,28.276850953692435,33.200004137619345,11.130250024330206,49.62
114,31.170335324566707,52.697002906539076,8.755345208200705,77.07
62,21.450345745066144,41.323030187902745,45.39673519126612,56.46
26,34.1398961465913,55.61413649430584,10.073177968851333,53.17
102,23.79254304612185,49.599055645348,34.06703831604222,69.09
84,25.123221753847645,77.96619522541069,40.9375857165553,74.33
99,24.27734433112527,76.75434448235336,36.08830289597222,79.75
6,33.20522293777985,36.58933343170551,10.500538678453673,36.76
33,29.287390590803014,71.04218317893444,13.015966864851492,53.62
92,21.701907522871537,32.67083359672553,32.37339261838535,60.74
72,33.489181888044996,66.3279393612131,36.99602229210099,75.64
110,22.884375848466195,33.426299379849404,44.05972700012497,71.34
106,32.9251697929176,36.603939117365854,41.62109797670733,79.54
73,23.870658410550732,33.64799319564774,37.88430358339847,61.27
78,27.472226558518503,42.296860712642456,35.99286609228457,65.81
85,27.432073445980002,77.07128359089398,45.13406919715967,79.38
24,23.257467739346634,53.129159332472355,32.190843384369444,42.57
7,30.828859548934,68.67595951210515,11.74173287207465,44.01
62,28.345572446681174,54.70137464334344,23.444630780127543,60.39
102,24.371033994323675,72.54531610754998,25.63104245655757,74.24
48,24.897454212745977,76.82281951775525,22.65179655954623,62.09
117,28.455765193214265,33.843355169087744,40.995108692096764,77.76
43,20.664645233129455,32.36903665280253,45.82583076998267,46.31
66,28.023571762846924,52.96731856636707,45.843392900061815,67.76
20,30.23714568573977,47.66991767038272,33.29014670142318,48.5
107,24.71135682850367,39.02415040340664,38.753783372689796,73.31
21,27.402754800871584,50.829874034697156,10.985180944444604,42.7
87,27.50396761216193,72.72114801638091,31.458841176665683,73.38
57,25.965217027175516,64.01328143642873,45.08653524412114,61.25
40,29.386967594318463,54.50644306682983,11.427272564754475,51.38
97,34.00931197692857,37.20947319530765,14.198169864449127,74.11
99,32.54464812523507,50.4096540908709,16.827036179557492,77.16
11,21.58859504262167,60.95800123313522,32.88141951002096,43.85
33,33.1898248889759,37.72860757373838,43.76636655542124,49.71
59,34.83568121136728,32.387597053919826,17.97536425076086,56.99
21,26.09491209570088,31.56998149063706,21.691554129907924,39.33
88,28.489922574037877,65.21457011908231,38.39998259858947,73.47
103,22.131604397488736,42.969580371042795,29.581158542129984,71.46
118,20.36745097627428,76.7862924529207,46.44654739454022,82.9
32,22.267743790058812,70.51515686667355,39.19454168174555,51.11
70,21.21084956874372,79.01926743222182,46.328607909365225,67.03
38,23.979595551806284,63.37741361671686,21.266979348436145,54.86
91,23.970942439984384,45.539595626732336,31.997493113201177,68.16
30,34.00424778845551,55.575756804161244,36.532934616346935,54.14
41,24.39667818700191,46.14161947182345,7.96733996266791,48.7
21,33.05214508327606,74.62130887680198,33.968320626976094,58.24
81,28.50745338924897,45.2765583172442,14.935910808938038,65.08
20,29.1276851378802,49.674027529431314,48.41704064625115,53.62
98,34.201989166936386,35.33411987408676,33.40243448145819,77.41
75,33.57465322672522,30.220080450189315,5.01485716667644,61.75
35,30.88026307850633,56.52615456824472,14.657089784688745,52.03
98,20.669900433158357,46.756213334811235,22.614620910028503,68.02
65,26.859414190935254,50.61587890415625,15.605989876607055,60.04
81,34.52447471990254,54.476977104707714,36.33691324417546,77.24
62,28.56885352445567,30.3825622830609,34.380864744932126,59.81
111,23.80203711864341,73.78496864712827,25.692009390913054,82.81
115,21.012922808388158,51.438075385175196,44.20642576190873,77.83
104,32.14814622557854,59.22349658223065,22.575294609216428,81.38
38,22.250290426847933,58.10073272715121,12.094726777400304,49.18
15,28.504257134582154,68.2216431185096,39.09127247235758,48.83
42,25.127531881415038,75.02959503141307,7.303088105069424,56.85
36,21.91674431860765,36.072130786418754,17.669076804810246,40.85
65,28.39023787772419,61.43197449817839,47.067566097885596,69.2
119,24.016274983093126,58.5949483830185,48.410850040107874,79.9
6,33.231282183073525,47.56964444222563,29.870084128683978,42.89
25,21.047244522283428,57.83478354104266,16.154400754577786,46.07
114,33.362864217615694,79.40040214239798,18.00220327572726,89.02
10,29.682358087495295,77.30868523981727,17.660236372053653,46.9
35,33.03458247596003,57.08335794245351,19.72738369991525,54.83
31,25.859609822065085,53.596896427822934,43.373153557936924,55.0
48,28.531785239812624,35.8274181716777,30.649429379243443,54.15
34,27.08011223175994,69.9339052953816,7.09019677785927,50.14
12,30.511056490014532,58.0244019739051,7.750110925775495,43.39
88,33.25852722440163,76.85273167828876,20.342114614138804,83.86
91,24.748916801146695,78.15203913678113,41.456918087451406,78.89
108,33.33091592827572,49.028306647360814,45.883581372523054,81.64
102,22.385376961496398,62.595630336647595,18.0760653007098,71.88
95,27.15358138298413,51.577714497655364,33.840124917674316,73.82
92,26.342350443348813,78.21111390436391,23.514375937420848,74.9
83,27.18052522835525,35.200514886407035,40.33826000252029,61.66
13,22.36912228405522,56.775890919345414,48.48500452125396,43.19
41,24.46270257670667,59.225301799165706,24.783904423618093,51.65
55,20.844049163220657,51.63357669588471,40.005567251916666,58.88
100,22.420938766171894,30.655833788674222,41.95905549482055,68.37
15,27.143492202757436,79.38866660685612,24.782775350398918,49.65
25,24.00776775756028,40.88070122244128,42.06784460603764,44.78
96,24.232679684738496,58.76850324128584,25.282309348946633,69.11
90,26.929975141909228,31.753563973926624,40.627304670358775,67.52
112,22.112501414795183,64.18824123889021,19.050432782933086,76.33
68,25.21741705679172,31.712728681332,17.342616930130937,55.78
95,29.4190623994919,79.70309916915552,29.181038214779917,80.6
69,25.229667175335763,59.18701126371111,44.17845569293964,65.99
70,23.394239409405014,78.7699238802613,49.78319542812224,72.39
109,28.897876363369186,57.26588364746565,16.013051475574123,75.74
111,26.42071687913112,46.30117261389924,34.04902958960669,77.47
98,34.27659926614449,64.9290135726395,32.785546117899216,81.51
117,24.87329909721828,55.85241773450666,7.057697664302271,75.2
75,29.124953827204866,46.6893427372967,42.199239895882656,68.17
77,28.326278757092297,35.44036951150328,46.945853298552365,68.88
78,32.85796380836831,33.00108987941354,34.90310448420207,66.39
41,28.138553051121015,52.0109486485501,22.555094604526992,55.67
67,28.97302843690788,49.49473821064999,23.104681554139752,64.66
85,23.538513000474325,32.58208986113783,49.83089443776593,63.42
47,31.232529288450756,45.72785580128139,33.49972095642873,58.34
36,33.852140567275754,59.96501945081863,13.419879031276388,60.2
94,32.37972714545515,47.31923585185948,30.506860552353405,76.76
119,29.434825808365282,69.49239542426737,12.723575783691786,84.81
92,28.275639262236105,60.81264134185507,45.84376819892948,73.96
103,32.121655199215155,53.18937278776765,13.136478576693587,76.24
77,22.033173254172723,70.85401937208465,38.11974653294164,68.21
100,32.672085005540005,42.93093856552381,19.654014962745173,75.38
111,30.105716957465226,45.66622831504124,36.56838997003167,79.47
24,20.00263273786885,38.130306614369175,44.71782238481785,39.92
107,25.528650407572066,50.75988195709546,33.29079500410722,75.04
32,32.689833160808476,45.650460959844665,27.749567208567388,50.25
30,30.935564357302827,42.12079562724319,31.752426458739134,52.8
40,31.950254691095395,39.60048882617973,17.940728700136777,52.11
74,22.963714165257155,30.32440418902632,36.80799608430942,57.54
26,20.34365089836739,44.71949429696186,30.10965417020536,37.86
70,25.248928006571113,57.15062550071728,22.25758465021582,63.97
90,20.172469585959465,61.05672253359744,23.27557134340597,69.67
78,21.856409991260165,34.00206620457203,38.997458091355426,58.69
33,33.35699386436586,51.69896755935824,18.995126591889104,53.66
110,25.23990553963867,72.1741246407143,21.25502308554288,81.48
117,20.49946675347758,47.93227992007624,38.74444045690819,74.85
79,23.815393082095728,51.59937962125787,7.552181222700148,61.81
89,24.952715347293196,48.923752536368575,47.530288799930126,69.47
99,22.32012954691869,54.084388433076896,28.816499342783754,67.84
17,26.434926659602468,36.1056310682997,25.557594364080085,40.1
56,23.0830770604323,32.03866371706857,35.25221784353866,49.15
77,29.578591065584487,59.48777088946626,11.154865465460006,66.98
33,26.195815219300968,54.123772220891624,25.665682611384092,52.31
25,33.62890381874564,50.52926493844694,22.36646437039356,49.1
51,33.439017444378536,41.93444407156488,13.965884536307819,55.1
60,28.857647132159435,37.583657027168236,16.079214582895172,57.51
17,28.458866868814447,50.12275891394848,48.51571949595378,45.43
31,31.472560956541287,50.262839028605384,38.672391847876554,54.39
56,30.720833027141396,56.069736813146754,35.74744746900754,64.86
71,20.959368452287094,56.860174329554155,43.06548406826863,65.02
118,32.088940492391984,42.995823692886184,18.527925193503894,79.6
78,30.433777614553165,65.2049842198725,35.72143271491265,70.23
88,27.498619350437117,73.69618396929553,19.708101370882204,71.05
32,34.06688430180172,71.33431518357257,43.58775829807652,62.45
106,25.760710741362864,60.49354591281779,27.59720251202667,78.64
73,21.121949719954088,79.42623336629609,35.36583933207002,65.98
71,22.245883462192854,69.1331463448054,31.46495239908311,66.28
32,30.46037100250656,41.22402506163642,8.080392624171923,44.52
87,32.24672063114858,67.46675898971876,23.014633249750478,76.42
75,24.274524163659674,48.89940581049808,41.7029796968174,62.55
10,25.586355442625106,69.49558501114026,6.769376945081297,38.73
97,20.017454964919676,48.98722672744783,38.19944808991575,67.97
27,20.463021988136916,38.28315837382064,22.78061981485553,36.42
99,28.709687005399257,77.68016838753972,34.27175074976094,80.2
43,25.5062412063087,53.5478426195515,41.03719593988447,56.06
50,20.942760173867526,75.27708305754315,29.51671493533868,57.76
22,21.746941233374482,73.98834689547826,24.814083908835755,48.84
22,27.06543626156565,52.97207559368257,33.029426705927165,48.61
108,30.79534394068032,35.57749536734286,12.996700753856633,70.16
89,24.80880958987601,43.728587532487076,23.3121160414106,65.48
20,30.20298685225856,35.42406287832078,48.257565906532385,48.37
35,21.469921130445695,61.71487052601652,41.36445412220803,51.61
34,29.505646151346664,49.13205775327857,32.59788772249084,55.06
107,25.924230705158944,51.20754400291332,15.898132317773884,74.29
46,20.819323047335573,54.552241088618864,9.113744710153295,43.27
116,21.71129465658646,36.500347761638494,36.2348389503801,72.96
110,29.596215680565194,56.687666029689304,41.70141412320959,83.41
26,22.89806727322777,73.40733243643282,9.695077379108708,48.18
47,29.119823467948066,79.82610359623362,18.446910566513786,61.08
36,30.99007955001003,77.65938218529035,12.383747834727,57.59
15,30.96442562241674,72.52610548024873,7.166785512794042,48.36
116,30.47897430090559,57.14732922859206,34.999135956467484,83.61
63,26.994683239189843,51.81036482411848,43.363535306979365,65.4
99,25.466402170028765,48.99547724120602,41.237176874326295,71.85
20,29.118800876973197,49.12218525270802,49.43554776320348,53.88
61,24.365101915687468,32.88831494860342,7.012486811838552,48.83
103,23.226953396370188,57.58397818763197,32.07939989497112,72.42
81,22.81814808411719,53.561849640018494,44.99008696957185,61.86
48,20.71418567641232,58.628272694884444,20.113444213737445,49.25
49,28.577149919115257,64.86937807846077,35.316438844575735,63.16
119,22.254673269016443,47.49043743435972,31.89848401268973,74.68
45,27.37690970093985,66.66391479338259,30.499523492092806,57.5
85,25.418925936055924,31.098528540125372,47.91962282957722,64.15
40,31.833051647271205,37.132171867825484,41.55597698451795,55.84
68,24.349374827056803,72.26675610113212,27.198211125321155,66.86
85,28.94289456046231,73.0520467263149,14.706111558779856,72.28
85,20.45724890467082,31.03839433551956,22.798496131313865,55.85
95,29.080784120189847,60.815382492334706,12.663711722457311,72.65
104,20.371611904015758,67.72697663476939,11.554060821192397,75.15
55,29.649864705136824,41.470933825785664,12.097414268746238,56.74
27,27.02406395396739,64.01064522094413,32.96432203787771,52.52
86,34.987243501679885,67.44195942309256,32.64717378905391,83.62
102,31.290076229221913,38.557082487303205,42.33130121135441,74.27
72,29.39451642160799,34.197785153545084,44.82471260277617,62.18
79,32.58520404739703,66.46727671648864,21.62120317752375,71.95
85,30.763052952689407,45.82688656674795,40.1929034707594,72.86
26,22.252007687450384,32.90988850651435,44.289615452401854,40.6
68,21.19695569839186,72.57755585246836,7.499625506944071,60.52
58,29.128555067954757,66.14999797968746,21.822803868445337,61.17
14,29.089252595115667,54.062172768841826,38.36277375258874,47.28
40,24.85844041656577,76.33962472046505,25.491127459780593,52.66
72,23.48703560325145,44.88322529646571,24.85900005748071,56.93
67,29.397396977528075,76.06075500531428,13.248201360173972,65.01
58,20.48276604823103,32.3866894839378,40.52223323098832,55.77
33,33.50940941892346,46.01258651850905,25.733666074746733,55.8
85,33.754750957721036,55.020974791754085,29.546340473218894,75.22
6,34.92573085111574,39.86707090956446,9.18400966307717,43.9
93,27.865632299830352,72.12360642966789,10.001652236019902,73.26
106,23.724777245372636,48.63763600335865,38.521680133796764,75.05
27,30.228577496911576,61.69264504417712,24.226123830426697,52.78
109,27.170274599893084,67.43008297760798,34.75009585149769,83.85
73,27.925170401548314,70.1783800700155,14.69539746300395,64.43
5,28.665037553497534,48.44004424511486,14.228661099486871,39.27
111,29.731002236680972,66.26956230794723,29.71490449490887,86.78
110,26.19075090624545,78.1841636130251,23.013990465400084,80.02
7,26.530964453173993,33.67805144888581,27.429882819574747,41.46
35,22.441293293212457,57.43506278031181,43.58959654715802,50.76
80,28.754183242115744,32.12954769851565,48.6156198770199,64.33
33,24.21581556760728,44.3632915495874,8.454503171524133,45.79
22,33.532312829793675,57.03841164136682,36.498173572122674,55.22
64,28.05362011871352,71.63983368838973,20.400190038718996,66.89
7,30.849349225142245,33.533409515403925,35.680240454555545,42.08
105,27.774961805147473,62.377738882671125,23.300608284349632,78.62
58,20.933655892381715,56.093648638244844,41.78514427281289,57.61
92,21.810327017693606,55.54983959671712,8.561687942737743,61.93
12,21.824284795448644,68.6659771601539,8.049077725037087,39.51
100,28.600651820023376,71.92512626618185,37.504227978227924,82.47
77,28.93540243720352,34.67945660362113,14.102634539271918,63.08
112,33.54675924308205,33.54017568564608,21.94205879050822,75.98
50,30.179405074823777,70.31976466674915,34.8124306262587,62.28
103,24.35541369212293,52.71580759391955,36.241113304831,71.14
93,30.593422549369606,79.6955994115891,35.93952074877488,81.46
106,33.203234367283514,79.02669356443201,22.675993569521715,83.32
67,29.50007872763884,70.65756004937553,18.368989393425835,68.76
27,24.02926935640699,58.34071629343393,41.322369488975625,47.24
70,27.815032594225354,61.06510445860494,9.111714825263665,60.44
51,34.07609047413935,79.38579343723354,39.34338970832632,70.13
33,28.864999386289306,56.97090963767335,24.228771945552047,52.63
30,34.547142337645305,47.066730041560916,40.844913039559415,56.9
100,20.11546704432069,71.50326860978896,36.685505940459564,73.4
53,29.28890320681582,72.35290954358476,12.653668097029865,62.37
76,28.790025910260674,44.166386930581325,49.016890493781766,67.59
103,20.93336258978363,74.88070041711927,6.707737860794186,69.11
80,20.477030612295056,75.14564459833846,6.763857595508437,62.9
114,26.759351218551878,46.57461366274414,48.094541347491386,80.21
39,29.9237303206339,38.14291458189139,38.044553369833615,51.75
112,30.323420632665368,78.95146797125696,15.617830513753704,88.8
92,31.931764372663814,61.087969304769864,19.172313755656226,75.54
114,22.917949623500796,52.37057271434976,33.10860014096793,73.8
41,30.938779596926217,31.785547451407155,21.432351005511293,47.54
119,29.264570758153173,71.00320597716853,32.030506532984234,87.44
65,25.235280688136648,77.91428140722368,8.74227799096092,64.16
83,24.092256181451305,72.72463066978347,26.62602137099053,70.63
106,33.34402092686592,75.58415021648679,32.35458397430996,89.07
113,23.351409751245036,45.48351000450798,36.52809611730355,76.8
96,23.554345438822352,67.19440720593096,26.30470405272235,75.04
36,27.591251984686355,56.35549126768173,6.796744646232706,48.52
77,23.66359202132264,75.17914926508209,9.477473641547705,68.37
84,22.406265581489137,40.65892646116416,33.12601464433836,63.68
57,20.11311639073998,44.832858805903044,17.658971171183413,49.79
118,20.485528010082803,34.4189122980452,43.05394041738442,71.21
84,28.04084531490631,63.0595449865969,36.65682997234549,73.63
54,28.865359822929825,47.37669313301744,5.265362301655404,54.01
16,32.98661183534113,51.920466617963484,22.15144918818404,48.62
61,26.38237120177315,34.834919277316864,49.00602031658124,59.17
43,24.37221008868648,78.44212035491958,19.3739944421392,57.61
104,25.80780464620788,62.85004433157741,39.07057207897442,77.55
100,20.326834246433833,69.46615051805819,19.268995427335653,72.21
73,22.69675746465566,57.31842455130687,42.57203668368844,65.23
98,25.083228293730112,72.4068144651589,26.75781835599494,77.06
75,22.76940810105973,68.00179277312157,14.305170169585406,68.85
36,28.599855696545347,58.53843982929507,46.138479086008,54.79
45,22.413250516130883,76.51534564934441,29.946275885402304,57.46
56,27.699403736892474,34.22663076467862,26.122747033909807,54.54
65,23.363147183132646,63.68312099467171,45.26158374608826,64.76
52,33.86643128236209,30.52834360369067,31.00422545950196,58.34
97,23.54983069219571,37.16878355341198,21.828661667479967,66.09
88,24.564654147198848,51.86383845571952,7.9595496425559045,64.91
52,28.529063203549015,69.01691238125785,40.74985404146272,65.5
50,27.8805691967727,71.0855114312767,7.003348313521998,58.44
87,24.50865662081033,73.07239607021741,47.014589543372225,76.48
54,29.67658514879588,54.995719393342995,33.40725154885216,60.56
116,21.15216541459881,67.65288049574548,37.69367871244653,78.67
55,20.522988594755383,34.529400106033286,20.88865208303897,47.43
86,33.531759629634166,62.548428595373494,22.92598948846591,75.56
110,22.356254714433646,43.90267779816938,5.079343187835748,68.8
33,22.54730518843602,70.02050316625517,26.79656681041961,50.09
38,30.575667077383017,46.106607140815385,19.883261460468436,54.54
73,23.34466212181522,60.80895408035039,15.955536099739891,62.23
115,34.088105255975265,64.86371731879737,7.287469889600689,84.47
31,33.594446028607415,35.613980291953716,24.813052070391326,50.19
36,32.739031256572716,63.49454339292034,37.98196799078851,59.1
106,34.29189240624369,58.5546304493127,18.799174464287802,79.38
23,29.168129792233138,69.32224115972116,20.03066018409444,52.5
115,22.70847525012837,33.48241349631488,24.212950047341465,72.67
14,28.836420137248716,75.75968557122832,45.422269902164906,53.74
100,25.348486360066904,68.71333720938568,29.561291852851248,76.95
14,23.575886632835147,30.20985804152826,13.462193891610887,29.79
118,25.593973528499166,53.97484182391298,13.86657889105835,75.94
74,26.922934378100777,45.26321508037179,15.004319414640182,60.15
54,20.012805461561047,39.86029486155004,13.477684208160822,44.18
25,20.79009734308176,44.64553827690363,18.309475903869313,38.82
82,27.995649318328745,34.896918269142795,40.57287715279203,64.01
118,23.13773379370211,38.143611408217396,29.628174395614177,74.65
5,27.71753247285638,53.40510222248027,38.323326410710216,43.27
62,21.83518626735989,48.87236429149871,11.145511701648518,52.74
71,25.320874519212914,31.536358982524977,29.178961655162475,59.47
115,32.61839336861445,38.51658171849348,30.283460774572937,82.18
111,28.743290023208267,60.586895292123586,37.79191618139087,83.09
19,21.394211996805595,30.8040043202953,12.585185242529981,34.06
54,34.3014047510122,33.9473482418311,29.09915050087377,58.0
61,23.09821954653344,50.01385037072401,38.30644430424288,59.78
7,33.281612727661894,41.64572804445167,25.2885507177924,41.17
42,26.399380602145918,46.741392577767535,30.45350531468771,53.71
8,27.486249515967877,62.62496903045856,34.55487687469875,47.21
65,22.658335749597043,44.617371210757575,29.810189421458425,55.01
84,28.80093617622033,72.14703199386307,31.39513523363093,71.62
6,23.716042460526737,50.43379893960986,28.208124698646646,36.85
46,31.240747315397932,51.79846330001891,9.948417265926778,56.23
34,31.90281896960487,46.207720148108656,27.58541811811991,50.48
44,34.805346229722126,44.91768153264417,32.68711221546144,60.6
54,23.65242888777773,74.15879853071615,30.247193091501668,62.81
100,32.2290663720923,36.41275560602087,21.561745960260755,73.68
81,28.210666302496193,33.103506835425556,9.043606310002108,61.47
79,33.34587111499954,49.752838680162526,37.29463727619682,71.33
48,29.767286759532197,50.67444566987524,30.532967095367425,62.45
11,33.46661102382576,50.072550380618594,22.330628191365,48.84
63,29.371701510260955,35.84567860877957,39.668523652007295,60.0
79,24.045755061238083,66.65158904729493,32.461630483560405,72.6
20,30.76895787251747,40.87114855671066,16.883021105314924,42.93
55,22.997904459112984,30.69967050852313,37.9565555066292,52.12
103,30.41578178767312,40.71638809766566,35.931937582754216,72.53
56,30.459886554768737,61.698670422022104,10.159151135997941,63.38
50,22.71469366408993,57.03549774580985,25.262576728904335,49.96
10,24.19894432484665,41.390514533806574,41.24109515727991,34.61
85,20.6420395410216,67.19958596898343,26.87741098041419,65.44
7,34.5000900005794,66.35463646121181,49.67864488330834,53.26
38,30.989633636637812,42.430705951086985,21.59331921194041,52.81
5,25.387589758389502,53.99782467316564,48.45600124521662,44.91
20,22.105129590770687,43.38551482376374,7.383011020309604,34.49
85,23.272624644169582,69.89882896690929,13.544689380164048,68.45
53,23.527333550126254,67.68109402921795,43.941844044177095,61.45
89,27.294803408735397,37.067956544307485,24.66901040627169,66.71
108,22.41611267104203,79.02244493181963,36.679366483909845,82.5
67,20.970562952597767,37.21487011376397,44.73759781546553,57.69
80,27.073805996887288,42.19119263002024,20.70936439223369,62.36
45,22.117127022136152,49.362952012721706,25.113900623123257,48.36
65,25.271821539285767,62.22894479404344,11.183697492191069,58.4
42,22.214652389557383,31.316935087427602,49.54654140893278,50.02
102,31.35549585411803,57.34182551349933,17.548273853904412,79.29
100,29.092659586726516,51.9423904855682,47.0334582172168,77.08
60,30.11252060834982,71.19386818129021,26.579140026936187,62.88
68,22.094575988448685,55.62919834671166,19.45306665353588,57.89
37,21.08884464753678,30.325057341420777,28.800228493932952,44.41
76,27.91288885511898,77.3315872982669,22.605269957756736,70.9
65,24.468787914681595,62.121198678665294,27.58341711274931,60.11
52,26.97085634375056,60.47307930053822,23.98362765653736,57.76
106,24.88472729759507,79.17618608739815,14.244046546786823,78.32
84,25.82695463916495,47.126961475480385,5.983311974350044,61.44
7,24.668909932243448,59.50833689063539,19.957052294492932,41.38
19,30.50051061447283,37.434219617834835,44.05246235305235,49.83
7,25.334499827110335,51.430131989025604,41.41072514111398,41.36
86,20.119312719178108,76.09442427927286,7.447413470070755,64.8
7,25.70431834254278,70.45819024738881,31.41519622662619,45.98
49,23.608232723218805,43.70123470192429,46.43320710618753,58.44
114,22.740696103449256,59.69381126826106,31.19734382442666,73.98
84,32.789483491573094,37.00128447349428,23.036559994208737,73.75
20,23.934758217470097,43.96501946067281,32.45876742418835,39.38
103,33.98925525755501,53.92184190204382,30.254254389449123,77.1
94,20.7203808139987,46.72788964155416,36.27823783705321,65.43
15,33.559642578148654,74.19591982171391,27.893313024356388,55.93
8,30.68490029062007,41.75691540098852,33.52564521716505,40.56
108,22.075562927204572,72.5042010665318,47.676367895966614,84.21
45,23.69544727936159,60.09034461494358,10.885960014861197,49.72
42,30.709140668110663,69.62955700982721,27.234518709129773,61.09
101,25.030614273192874,48.42993475930795,35.42470894643713,68.17
81,33.81929617520161,42.58397019301552,20.98559827987262,70.34
70,32.43976239383849,57.0498260707365,28.751863605103267,70.54
18,21.326836110283047,66.47519132146918,32.092229459720784,45.66
51,20.610080275551724,70.36685853599042,35.61897318915416,57.55
119,26.886948616631546,69.38005732308221,6.247639614283214,80.32
78,30.918535746688892,78.44703552537999,30.631233100239175,77.44
20,30.98360375308834,46.05099052754498,16.939583152910025,44.92
56,22.449375229963387,76.58000631720225,47.62414171447557,63.11
48,23.439784254614807,37.94188476910078,40.20977342744937,52.17
8,20.44374266817856,48.147129608782286,41.706201976000955,38.2
39,29.8729611232005,36.20800932739054,27.817144657145516,51.45
62,23.676890066817613,66.89088637934731,25.475072833758762,61.26
39,20.679969530719912,48.08081706409162,39.04177320949624,48.55
49,20.27099952643796,60.42907989378226,42.37068156932126,53.33
24,21.632906699699827,31.645688433058684,32.35807327145203,37.06
78,33.91081035022324,40.02683359539667,16.870298542556704,67.36
59,29.511320864211772,73.69997127689471,38.58377762694242,68.65
74,29.101516879558318,46.54759594783252,27.96160195400404,64.73
6,22.610962061109625,54.425681999787656,42.01940565726661,37.95
42,28.627329936919,37.44913792049962,16.81374069091811,47.56
101,21.177386367003596,65.98936312341422,20.64109569608751,71.13
11,32.07608241242154,44.100416838652805,37.52691355016138,45.32
100,30.641041545789967,33.070329157056086,46.352063439972376,73.59
112,20.64621455008887,39.96132213279874,45.836196207732705,73.11
57,27.592551284828037,56.45815504778312,28.150089266088937,59.89
24,30.21047894120865,57.14666936964812,41.476430498493784,54.78
116,28.525417736536617,64.12252100952,8.84289614607865,81.45
74,27.286120349252812,78.03709108643345,26.3120810672608,69.65
115,28.867771806741096,78.45582654703693,12.0546246800751,82.23
107,27.64402833236919,39.13444674536709,10.544945543170904,71.32
30,34.98084881806571,77.65260361008205,34.47990368216179,63.54
92,33.12089757831812,69.24186248913176,10.045114175218828,80.14
35,25.12968484003456,37.639363682173354,31.20784719062966,45.31
89,33.199785373412546,35.04023924342788,11.323567588103863,69.44
34,27.05485738318969,51.7494619456364,18.273308727368857,50.04
9,24.900171557142684,42.14548359108249,32.39901925831549,37.87
14,26.537403669794386,36.59573292053614,20.312969288883103,39.56
89,22.482796034073644,37.212565705829576,29.364322743724852,62.02
51,21.127892715526347,67.77885976419364,23.065421913669745,59.92
27,27.63662498587154,65.44784018814238,30.620612502187345,53.53
101,20.346344340233014,63.42625692230568,43.02975384411178,76.32
85,33.55095200755072,77.28280826910421,37.71195334841625,79.66
48,31.078355609503348,44.695829844528284,30.861644176376952,59.32
74,24.515687985468354,54.17886455740296,23.206939977550302,65.37
63,22.449836145714627,62.036667965372274,41.6036936444391,58.89
16,32.6217600996022,58.31998473802342,40.10332710304808,53.57
107,26.015147296594503,70.8062786826977,36.87678482102268,81.47
13,26.58656671110451,60.74586212080297,15.39454429399785,46.01
10,20.197000605649006,47.72308101479433,38.42675107597992,37.84
100,30.003785293624542,47.52112859080462,49.751729710346034,80.87
80,21.677899195194836,61.57684548713302,15.907904431335005,63.62
97,27.311167668354354,72.61643382427212,13.892296162588643,75.27
113,29.161720341169207,45.92815490629948,39.75834749554588,79.57
51,22.63658765071191,61.55684481038993,10.54608512807803,57.25
62,23.124465846270375,65.34984818152091,17.798914575670622,58.97
66,32.133639441346645,75.40372012647956,41.61251819057526,73.76
115,21.846317801049057,53.579733613839686,33.230169969139396,76.84
72,32.231129619837134,43.37276913871852,28.111607436618073,67.31
91,21.72021863568005,65.71317314109243,14.7993178347058,71.83
85,34.28895123582217,48.27866310376311,21.92818057186783,71.95
17,27.074646456525855,51.43227846575914,15.524048463681932,46.1
61,26.438838118937554,69.41025555358156,37.18769590972296,65.28
97,20.11506198934683,32.52778547686949,32.45357480590601,63.5
13,25.33641072491454,72.11410493741079,38.58885228818024,46.88
68,28.094071025199888,37.946377508520136,27.364986451740617,59.71
26,28.215735622688538,77.12888659464436,12.488874706922124,51.25
87,30.412151224394727,74.3493146753429,30.917217533530554,77.06
89,27.712822713815168,50.31374002797933,7.016733980186327,68.89
39,22.887824614064026,52.83019097975327,5.944733188315425,44.21
39,26.288554122460404,44.56146641156321,41.3380218337317,56.31
111,22.447098143418245,46.67768073006572,46.18135395414093,74.89
15,31.712387501163924,68.44566050456308,20.939930511542414,51.57
107,34.12705039401465,58.63086226571672,46.57254963905139,86.7
33,33.08165613189541,55.833024790097014,22.33133313402108,55.02
98,33.231616357823796,34.40900306204265,20.158672197923913,71.38
17,25.922614996475318,51.40878437310752,31.035202483960397,41.67
75,24.43657852073889,42.090720951857634,6.60302895893444,57.03
24,23.164290788791302,48.511474291248675,41.39340030595039,46.42
60,21.068610728638987,72.59653745619471,39.86851088438179,61.29
103,25.515342838045296,69.09971427555303,12.495481253798273,75.36
62,31.323902549565418,55.8577985244479,30.746198622440907,64.26
23,20.43976413168179,32.91321567705262,35.37746738300597,39.48
98,33.18547957814707,62.221524675730926,21.731044897277958,81.62
73,21.47023147815178,67.85804152274206,45.02327526957041,68.2
17,26.422022670666415,43.178724410069194,39.24334929923639,45.01
101,32.198797360175305,62.5084590793835,30.651700495340712,79.27
6,24.77046776129693,31.558117660025164,17.209537144074126,34.73
104,26.507120547774903,47.94852148435044,29.25900523430572,74.93
94,34.29983240699534,35.53683122552101,18.72583919867607,72.85
55,29.61822485352537,33.221881277634616,38.02235537396552,54.15
116,30.232102593369525,67.57607990456268,13.15004222825329,84.02
28,26.928789401159563,37.43496591487741,37.57229068203253,47.52
106,22.552220723078598,30.21802516707593,19.437091513627458,64.06
37,20.49366195432409,44.80871573008012,44.19142973824544,47.24
73,29.327841282268636,68.02661010522182,37.65613320116356,70.94
115,29.145672338628007,59.743850471709166,27.95442501536632,82.72
27,25.018665336692944,78.37995966601252,21.054050563896244,52.02
45,28.677676886141683,38.94809085675005,34.866281251057224,52.07
117,24.66044986908758,79.35442689407245,18.300548231916515,84.6
15,20.930765789531492,53.798798432987304,17.142692216804495,39.39
43,32.524925333072325,58.92992453390488,35.39245659105035,61.79
18,27.61665929104347,61.2933054807684,36.522814805549615,50.71
26,27.2425235210254,72.98634666989267,27.156547741339843,52.01
114,29.933713212822205,57.355755416431776,44.67415795586648,83.49
66,33.74000813893765,34.243837240807196,19.993241997321206,61.49
88,20.461294107645745,76.71872701912507,11.647773763275843,69.06
59,32.59207313484649,67.25707742102392,7.649447135693549,65.61
71,26.382974672013248,50.67584271892994,24.928623931073858,65.38
82,31.909929663039236,47.828652132203004,39.523307647961325,73.14
69,32.461890842586115,76.92332313088815,44.097506271572335,76.64
41,34.193493506667906,54.20695635589725,21.854793353148388,60.7
99,30.225926555827016,75.58872735120714,42.14466120222493,79.71
63,25.586401267639523,35.552319364594915,48.69974787641395,56.8
52,21.917087641928195,47.64030046329529,29.616761462929517,51.02
105,24.55102342464503,45.70093818611825,27.161178018450588,71.97
44,28.702923548719653,36.88927603375484,6.877615678407647,51.57
22,27.58706934526501,67.52574638193872,13.694005736527625,45.81
117,27.591108477000652,34.26070434508854,7.09333233552809,69.36
31,26.358688812314483,75.75703697586974,37.58866009943697,56.77
109,21.177775845518035,59.13008703761835,33.79995066185367,75.89
11,34.924249791829126,53.36793423094595,37.565571564176345,45.7
108,31.820525687031456,66.55539803590834,15.694601518721212,79.97
45,33.11408039887275,74.14426533225921,15.246442104162167,62.65
42,21.4246626207476,46.75967175860244,10.148930607021022,45.02
49,25.60426658465462,66.07328001791745,19.71312891215794,59.65
70,22.062400317950484,30.8810001364857,25.056179988167216,53.08
106,24.783885731478343,51.6083627586993,37.12511611976509,76.55
53,33.191197624331565,65.04546909773445,23.993088716183575,66.62
43,31.748535783169434,64.1091583076389,24.784768956676576,61.93
24,34.49933915239645,48.889966310102196,31.542886034969825,56.55
90,26.44485383279003,70.90562733872954,40.749236248268616,75.22
107,29.902819962467873,46.49650104212374,44.472141872152385,78.32
84,27.703661031911942,38.87230737343718,30.44688275003765,64.01
32,33.70883298599456,48.3999830724048,35.177261437460544,54.09
108,27.043655726385442,61.61841659573064,24.393898614507904,76.96
55,30.060316469954916,52.45652829467455,45.07881738262777,64.62
80,22.914814600758607,48.254243875343505,14.654939343925594,56.97
54,30.024340792065487,69.9778688599593,15.240291364393965,60.84
55,30.070010466545085,71.5860560139959,43.36800968642526,66.9
92,23.140221739517774,64.00886756700527,21.399631014683294,69.12
97,22.8880222658566,59.50062341368479,38.34886089821989,70.99
27,30.35030205972923,43.197891681174326,7.9883889741182506,43.08
17,21.453626520167166,44.52516235993095,34.68670169661914,38.96
55,25.02049541778753,33.224518194752136,14.05847068520404,50.84
43,30.069947260798855,53.170177369301726,42.39740484038022,58.62
118,32.936572150669946,53.970575744829226,24.34513371038414,85.73
97,24.52405349445747,34.011214590051495,47.27451303032843,72.59
42,23.52807489646597,58.06269103972505,10.660864659707563,49.02
74,29.436697152206456,69.11145002360617,35.82703290688788,71.45
20,28.183014148739225,64.5798557051005,15.996447108172266,48.16
50,27.133551151304804,72.83491115637844,29.838838787230088,59.63
81,32.31247685562136,58.856522526089066,15.016317672444384,71.29
61,25.578469858624118,53.05266652635941,42.55573805919263,60.36
34,21.227349906330755,63.43037961334153,5.633657847719534,47.25
38,22.812920719198413,38.53660380565248,44.16474171671114,52.01
113,21.278746126731097,56.730633714821565,44.97448669918558,80.93
102,25.450750564947448,72.95388472251713,26.061561181522716,78.42
12,26.254829049252574,68.21436159186081,22.773874979503272,48.15
94,31.962718394082152,46.94628584848548,16.52481772072052,74.13
113,23.585539147247093,42.84844269496354,18.82043126924274,69.6
40,24.706504644326575,62.892361946067936,21.58340415017175,53.43
103,25.457490654025783,51.60213567632382,22.478352524237835,71.68
58,31.26245937641552,65.1154828325599,41.50262062591089,65.28
53,31.514090291873476,55.257895931408335,43.44932240517787,65.69
112,30.094734609104723,51.81043821113116,16.531412638745095,80.14
87,31.58339560078519,76.32727707178137,7.840857214600388,73.98
67,21.505938785792914,46.81700614395682,26.671013687160425,57.08
44,29.453582185743564,47.951130834504305,9.733472819553725,50.52
18,31.302433422208377,65.78938481731471,11.907365082156732,48.57
75,29.716336419290062,65.50858037015007,33.620081179503224,74.94
105,20.17281518039065,55.849929160630886,9.476246746377566,70.19
71,28.01546643289069,48.917680163095596,39.29173085250837,64.75
41,27.489251017445795,45.599930720459184,46.4687085378893,54.74
25,23.358621973116716,52.88746836910997,10.16311825674116,38.91
46,28.53695754068662,48.72898034674927,34.43528678801049,58.99
99,34.79147770220298,59.47216103021245,7.492061036658106,77.59
116,32.8548228170266,59.62197250394674,8.763244843097329,85.06
93,34.757585128111614,73.3224390317132,45.929821584879555,86.71
106,23.163748342110196,68.19777651550689,36.80123738074691,77.23
113,28.960983367807295,64.32904640106439,14.914446292059274,84.07
94,21.415793006302533,66.32799540947624,20.161790269118562,66.38
64,31.257415767426448,30.0621719433051,39.452597780997436,63.48
86,31.669791780807607,51.2729166317217,11.923833625422667,66.81
98,30.106023912359774,75.77686999652248,19.57676367045964,80.29
49,22.883480067905957,52.497978818430475,12.07232703462875,52.28
112,28.997444063094996,69.83753586651171,38.819583834714784,86.12
54,27.490933987565985,36.40774922815663,41.25811198443837,56.38
96,34.472898781528556,43.24963956102705,19.20261317095493,73.46
13,27.761983304805895,72.16805644359948,24.63202106619889,47.66
84,31.4441500125845,37.65424094207041,48.80610034226327,74.02
56,28.638657011260946,49.8425735170932,49.58130046546312,59.52
63,29.885897757439274,69.70295657863676,6.242722576802155,63.13
49,31.609411997348154,52.68744769687757,44.70212824562756,64.17
36,29.992926475593496,43.11740750333878,14.148768695132286,48.01
44,21.737519875120547,36.49774520384605,10.864585110205448,43.63
99,23.0033591061096,70.86812016863922,38.48897861872774,75.82
53,28.223238659823807,56.975179522500305,8.97054463785355,57.63
17,23.55776692320896,55.007950314127214,41.02293406080596,47.51
88,25.629471130596798,65.86495758437673,22.78798074813244,71.08
32,26.028042734738733,67.1296592321115,43.15719909913828,59.92
37,24.701158793294375,75.12267696027604,15.298622412057368,51.83
110,28.638661375529555,30.23240844626403,6.857005298100044,71.34
36,27.66740894061975,38.01795528019501,45.250942069179075,50.73
76,24.225227504722525,45.7662677690073,45.62951004760039,64.82
53,25.023144402193005,63.908964670603325,25.852256863984387,55.34
74,20.707089624047377,36.786876563045695,13.585170654120361,55.34
98,27.353042813084425,48.09036840177451,49.73782062567805,73.85
104,23.982448457578037,77.8528148240155,15.99421513859071,77.98
119,21.75218475218184,48.68667584157337,11.247873914659337,73.87
95,32.54289646628735,48.02433608380585,23.015503319736887,74.87
92,24.945423300575776,36.845789623844524,37.62109142835544,69.01
90,24.168415967611246,55.10288234511591,31.429272746061542,72.16
22,24.801396636133273,65.01925665716468,10.118435873617596,47.02
89,20.76739271294407,54.0095038661014,17.061483467835163,60.77
15,22.833928331730416,37.879516107823434,15.64177936652394,32.83
20,31.042189575023762,57.38941674602178,19.635138523916318,49.03
54,30.487082445511987,43.96437478970829,20.03355029902179,57.15
59,28.760644283415353,65.17315821449995,22.431417663631102,57.12
59,22.566670000061446,76.54365464572601,28.88096634780997,61.92
119,31.246513375013702,63.51879552176694,17.45630587022692,84.66
52,21.407409598639465,77.41632915180813,29.441890566789425,55.77
70,29.121517802781376,61.201421858640686,24.759257970734392,67.97
7,32.56081723912825,69.8406059340127,11.872957750416905,47.71
34,30.896983306902968,75.75225630723266,18.673765879492493,60.11
30,24.650390246974265,67.36511268742944,38.64048053809204,54.84
82,29.864254239894713,55.583159867897834,6.286514447287177,67.09
22,32.470644255715555,54.51007292781334,16.086712938259183,48.45
7,23.356736541746162,70.7602640582731,43.06856650945885,46.61
7,31.653214936374614,69.35347513619658,33.06748861756326,48.22
32,20.39099910398898,50.22959165229413,11.97312048264293,44.28
62,26.021572429982974,56.41994917007433,10.523269379493902,58.5
52,24.91972337788419,58.63332517359463,12.363669901219442,55.63
38,24.56111883247027,63.036768381236584,17.55690742086171,52.09
10,21.807875033394854,68.13824055605807,24.787788694859064,42.58
69,30.82487824226236,60.902540416768616,9.119828108806074,66.71
33,31.508050759335266,79.53374256355946,7.425707737931489,59.63
55,30.597147308291042,64.2361268610666,28.198396216146946,62.26
114,31.507296532148374,47.01387310844285,5.090506895544609,74.53
21,25.396451925450897,72.34992998786342,19.754992338671514,49.36
101,20.67663509428004,49.278144005516,20.445357873539816,69.86
62,20.842054706147238,48.16284686740805,48.04472095136726,57.31
117,30.699225835733543,56.77498577111868,5.739622606954723,81.06
67,26.65998531120089,68.99417928672567,38.692089366127064,67.54
23,20.153062809278676,44.391717015075585,6.378088200699329,35.97
34,20.04191575730577,75.5980084322269,33.03216761148783,51.42
86,33.922639085993524,55.003116329510405,45.00662198599407,74.26
9,25.81902613518304,55.17020544222308,19.798728463880472,39.85
24,31.15990851018927,45.46834335681555,30.28308686236411,49.03
110,22.529102094342715,67.86708903362756,7.277487834072806,76.3
5,34.28410939443031,60.62708867105478,9.67167109051212,45.93
91,24.126151777068845,59.33833819140137,34.684966926083675,73.49
92,31.073910211235614,31.56898440084265,19.188720508955143,69.0
85,30.5100851726924,72.18190064228972,31.767366981154403,75.19
52,31.236574420996217,58.586865558016115,19.048244756967993,59.11
76,32.988291360946,34.46431257655653,42.024609567830105,69.24
25,22.887211516556324,34.98618000330344,38.45125627195659,42.2
76,34.02344672776361,79.45510072696598,24.502037447071487,78.97
70,33.249025208193274,34.57125370815016,29.431130465495762,64.03
22,30.37897129509638,74.5049212093835,44.33493324731678,55.53
100,24.14398068697137,62.26339736236664,7.474184403029657,71.64
15,23.84512592520887,32.80657940105362,41.69940968385533,40.63
6,27.328034299578384,58.71404821136564,45.36512574699703,45.06
104,23.926850016540612,36.29889304095841,15.085948084703542,68.84
94,22.115540164028033,78.43497733718257,27.71323475968384,71.79
97,26.89768277543372,48.53315339566106,16.903229836338138,69.79
110,29.6395950599754,74.50036373470289,29.09288873414646,86.43
16,30.036810253501415,42.933762013974714,37.72281768089688,45.3
52,34.217075275437026,42.48250463791514,47.36913107173217,67.22
54,31.43181463061613,58.00525748360673,45.53057241590078,67.07
88,30.28514954500541,78.77409962238806,7.582481357319083,75.56
69,31.906364796616305,31.669035166730737,37.29327785912367,60.96
104,24.72598812891371,51.44618538700797,17.36352645980103,70.35
90,30.955594898663204,45.02395018432311,30.887028244123982,72.39
72,31.894733535872568,34.66505891786268,24.68632202468784,61.99
104,24.649597135502738,38.0838673207873,32.50235132562339,71.05
86,24.462943300932334,34.205083556580306,5.228020152376802,62.51
22,23.16150398962766,68.6074758010381,12.959732307175312,42.86
9,31.014644999129068,77.02438684846248,9.189319934435769,47.88
109,27.705121883250285,59.40518159442652,21.707859039505447,74.63
99,29.676267552947444,58.89107531358069,10.119277476989447,70.24
86,33.82799653272539,54.02656715792041,5.629135632778032,70.81
39,34.22874709449502,40.67815042289381,41.71662459598893,56.61
69,34.998071574112004,62.20890450846887,36.241921852817605,70.04
94,28.488346340636486,35.28858967607952,24.617711769580502,67.69
94,21.020004254713662,64.12890685450414,7.0988652916614985,65.71
115,22.913551370099736,59.74041578899457,38.99246347874862,79.89
33,26.171543561399936,76.09172549835536,27.480304001310593,55.04
48,24.446697669349813,68.56286099589376,45.47749476464829,61.51
55,26.71251046426177,63.95777013698151,9.282375503609675,58.9
58,20.004297115893653,55.32312923518363,46.59097704547059,58.2
111,28.715243543724043,55.02698385660627,48.68813306682542,80.56
76,22.823140646815183,59.24969892622545,26.80437789600211,61.46
11,32.21340992109606,49.44182585237,43.291887234495846,48.59
63,32.845059872535614,65.0828184372422,39.477766518373144,68.38
41,20.33024173500678,40.594326972497875,29.136741067585657,43.68
88,34.828349072653474,68.07247104037064,8.623175440968971,74.47
100,33.217551327112616,62.20116083177739,37.08676738663843,84.43
66,30.042063482174086,44.047391289985036,28.532950483330318,59.75
41,29.920089625828737,62.60554286093641,43.71576506638504,58.25
38,34.481659803160255,36.23058382318333,26.609324347464636,55.47
48,29.708565814795882,72.36711628841846,22.586024905704736,62.86
117,23.069802944694906,33.24951301693842,8.577128675870936,68.34
36,24.669993074493906,46.33914229846093,8.327691044136557,48.28
95,31.33013023151201,66.06341467427086,22.011384509343966,77.27
22,22.453275669844196,66.85421790794932,46.23416935165339,46.41
82,34.01683530144172,47.29130818928396,35.47152217981234,74.06
71,23.947422877186607,63.15144402218304,47.52234078921561,64.43
84,33.904109941730596,46.6915761851036,19.750373112279057,74.34
46,25.448771706821944,41.224734420121045,47.67208924046767,52.38
33,24.954915340498314,39.01168259092306,27.967803013404453,43.2
50,34.19475418420486,78.64840224713512,47.82954282529739,71.72
34,22.228177272649713,30.218683955048977,48.66057780926093,44.49
56,28.504817486590255,66.74765790583847,16.40114519966631,62.93
75,33.74166265804457,61.502610107481416,42.9432631995808,74.82
74,34.54492638129149,62.802293474440255,28.196085605720377,75.32
10,29.87148327211255,48.20839314413564,36.612237319812024,43.71
84,26.43758041638593,62.22390129899417,47.17352969941345,73.73
80,26.573139216668174,66.06104584515322,34.48114147624263,66.31
65,29.532245233197322,35.29395107369011,45.28826663703525,60.39
72,23.532415935867775,38.473329259726476,8.082806251595269,54.69
20,28.65702252303886,43.24903864584415,34.76066928403638,46.18
48,34.311703381108074,46.47267179787702,23.344121959641356,58.63
29,25.127980579050412,52.9805835886802,17.915008058553646,49.14
38,26.3867281409627,41.55874355940213,12.996536665528982,49.15
35,25.398618912405098,53.19732708610066,17.419236515203586,47.81
35,27.502538437762023,32.257917017774815,8.466011895815043,44.71
33,34.69580965180716,71.43790368716697,31.813972408786846,62.94
69,22.255974089199206,49.387076416343675,25.884985725086864,60.29
12,25.672309519255407,61.31827709881289,18.72479832362086,40.98
23,27.837734402240766,60.010977033887826,17.07489793036964,49.82
85,30.74790764332107,64.13605888676514,30.155138153367382,70.66
22,34.724984748948586,54.649227890919775,47.2322821248847,60.6
57,27.841785995771257,65.77848177365361,9.961001900625494,62.21
117,30.0871992437376,71.791663045492,13.290310862239277,83.87
113,23.498864621809968,62.11634459753992,25.49154800766036,77.98
85,23.30018897977078,45.2042414255874,10.833642596634188,62.74
28,21.031559029567216,69.6052889707479,38.177135740656695,48.64
14,30.48615774919137,43.0446152598768,37.812501626476305,45.05
40,20.799961847578835,65.74352053386926,29.448201216698386,55.05
111,33.42694222239187,49.22918964301091,23.165967985549873,84.21
95,32.18553204310671,58.68721212722932,13.556923831067472,76.92
76,27.86134951331686,58.08316684714896,37.92738276987194,70.02
41,34.69063729499682,38.8606954134547,19.66990633410212,56.85
98,26.927634384879614,58.310612224869665,38.79829127463877,77.49
31,34.29773895366328,79.2737699502216,23.988622127393377,63.06
19,30.776724893832835,36.09251251292115,36.26973974647799,48.41
103,21.943306066407434,73.57985754757806,21.105413849554157,74.73
84,26.793073768776985,50.28769485882105,6.7943130034062005,66.43
93,24.43776747818066,38.228143830991016,27.638080856547393,65.03
8,34.3132522525206,59.905893926776784,38.94596566468469,52.41
40,28.454880494525227,66.32354660902216,26.685089872586804,58.12
51,25.744211130471445,71.85346212785353,38.14510920489273,60.86
92,28.05611323854989,61.460948604430676,49.75944003311495,78.8
112,27.69004479764003,66.28655446815355,19.686257970107764,83.74
98,24.795042068518846,53.1622072741904,11.609353083597211,70.82
51,33.3380224769135,45.59694410784188,6.909383176189005,59.63
29,30.249989685418967,56.187717223719744,36.16847672445705,56.0
93,33.23075775448949,31.612018499827723,38.826768208069176,75.26
111,34.59697082542396,44.327295885923135,15.393153656622177,81.31
50,26.286743259032583,51.07327242246545,24.96157098710683,51.52
64,26.24735618553605,78.27454692188924,31.963869095949867,66.07
100,28.575786506375636,47.18292898313675,23.968821418116224,71.93
109,34.948351088521235,70.1263267431658,42.311813141981894,91.43
75,30.879286544524206,34.1635440654037,33.54291115794715,63.67
82,31.436294324685853,66.0441537254062,49.87172478911751,79.13
75,29.36590694659843,48.04996265150773,42.39063515577102,71.45
61,25.063232196504877,49.07694212367733,48.7820665626666,60.09
46,32.38311037261032,38.85725169646055,7.502293138405569,53.28
114,25.93398772774741,31.314722033419336,15.095623386729404,73.03
85,24.236408995140124,73.30470656826873,21.10082129688614,69.16
77,32.89292931669584,59.553535482385286,45.59479095732408,74.97
75,27.55730148081062,70.87655526022525,22.09595724002999,68.93
98,32.689390481345185,62.22625678351801,41.05905191849627,80.03
34,34.27867925067005,50.42743662378324,12.333751946569684,50.17
78,34.9585260738138,31.527098907486916,9.105907735117441,65.09
17,22.734388083036386,68.29397291749282,15.344088546801617,44.41
41,24.842899162541787,34.40773221261496,7.616886259543255,43.52
59,28.726625896666526,73.84458389081631,10.347682500522101,60.47
36,20.957071161469024,68.68658684688964,18.933499566877693,48.19
96,22.26860375060552,37.228042681109855,25.877623539392932,64.75
54,31.660596938158232,59.051916208562176,17.89865837817173,58.39
42,28.837097238165853,30.636364084496027,45.57398799966392,54.43
16,34.25148078556731,65.13697441952675,19.40775307796111,52.46
85,26.74155162962068,74.75735794858639,40.46648062855599,76.47
92,28.591518543163392,31.411552647453405,8.904797692654771,62.34
61,25.25476288808493,48.59246513519794,37.58343898056815,64.94
104,26.91219196963031,53.9359949795591,12.995070342762164,73.36
76,24.37691970085588,55.37691625460378,20.39635927836676,61.75
79,21.407969895897608,37.373530244330595,8.548500307008629,55.59
38,24.263387759563138,75.20539527288179,13.314424478961062,54.55
86,21.962456428603286,36.8526018876029,39.77403973952304,63.29
52,26.855379207214092,30.405940351849743,24.946580361170053,53.94
92,34.92925104712595,77.45890100578829,31.931874789170273,82.05
35,26.82778067051575,68.74048604211268,24.952804962504835,54.71
61,27.557181361645807,62.34180182987673,22.42504872815803,64.39
40,26.461129623219428,76.4072610447821,28.480314502169872,57.32
13,32.117527047908936,63.65473875404639,6.839328986853491,45.57
78,28.47092900598492,42.09174974772327,8.550647266306198,61.35
94,30.744414957302574,60.54638113940144,43.362510974576544,77.81
69,33.275806295449485,49.96195848345896,23.040199321998195,65.01
70,25.573731490057718,31.61468250337456,25.064957993988052,56.22
73,21.120191492250644,37.61300650559383,7.018625128342362,54.34
51,29.620704664702544,63.612059669827616,49.91092316692353,64.12
103,22.86988254035685,37.775682200434446,31.50770513746837,69.27
84,33.98527846851866,79.07605072881469,41.66140307540069,80.84
12,28.543488763662516,40.43027760174337,20.443720929951283,37.79
34,29.847996048545028,38.27765898873469,24.572115516353406,49.24
16,25.781046777770293,47.87997628432299,5.04495465201242,39.29
11,24.71753713331424,35.970161612627024,18.956849553568688,35.73
101,34.98949213945248,59.48764272660528,35.65193325487008,85.32
95,22.820378566560922,77.18250359055921,23.430690581214115,75.25
109,30.280081728820342,50.674564574684005,21.26999731416177,80.01
25,27.775321858912747,68.06329180492267,39.768412484486376,55.7
31,31.857385343724957,40.71541310809158,20.481835487662753,43.72
66,22.403803909036565,51.35978013987348,9.957928222983906,59.3
16,28.575644779376972,35.234478414182725,13.686627299644448,36.65
80,26.444021212514706,65.74185989683545,10.970987532163065,70.93
75,33.19692811240189,52.23337354193581,46.92099438583595,76.79
58,34.67769701910969,77.59041940346212,22.806641949796344,70.77
53,21.77983767064085,37.34285743201011,13.359157529279456,48.76
8,27.319702326248887,66.14229376716446,48.63963709473197,47.85
97,27.228368469056594,78.89789734772523,43.07934964455333,84.94
50,24.08645904388312,41.71943101086433,9.677199316501664,48.16
109,23.387932724332554,65.94549076626055,27.054081104646265,77.61
59,24.99410540633287,39.58997787282961,37.19999731077928,59.43
42,28.579879179600624,67.67926794997476,38.841995159718216,59.76
95,24.798704527104523,53.67542938705323,49.90540337393976,73.43
114,22.332748218578388,40.314911862238134,26.07151589692896,71.91
25,25.379165784217562,74.81822810405484,22.18696051411339,55.31
40,22.432128183348432,35.16702907270893,17.116528216954165,44.56
58,31.187015731490163,38.637769699536136,32.263383577275306,59.94
16,26.28582575883634,41.16146959304666,12.34089117417971,41.57
58,32.14166065817952,39.305028096962076,18.039182091289522,58.15
9,30.113152405814716,64.3118014057909,34.36294967540388,46.71
103,26.84465201657984,51.24861866495468,21.206293974050283,73.15
97,22.891856537286586,36.62743895524372,23.24863496560746,63.43
17,21.553009807775823,73.85154302547464,21.729472287197275,43.34
34,34.273221705151094,35.6099282235282,42.50905551991657,52.4
82,26.467766107882717,49.63795672773463,49.58191578028586,70.24
33,28.02318223201385,64.23358137079309,25.193333788137778,54.73
33,20.05043567484405,49.03341319019595,32.04936776176292,44.6
10,27.146686044407428,36.24416566203231,12.67238848045524,38.54
42,24.351461701422096,46.565427716169765,5.148195298874818,49.09
74,28.05878408005008,30.929016702754957,47.91005630240443,62.31
43,30.24979363269054,54.20587655008249,45.89936493066197,61.06
26,26.843645387694416,50.51025026417662,42.601487400181625,48.37
8,22.549137366124757,78.59934985978359,47.54906536883326,47.29
34,23.05583692895773,62.323426021577475,35.91898124466668,52.53
18,28.6630238741577,45.31751540925972,35.0071404715018,42.86
42,34.66770630992085,51.3420704684489,22.628079332830445,57.06
100,29.157838336605288,55.591868207388416,22.470805279773124,75.46
104,20.05075979860966,50.08926225813795,9.758087056690272,62.91
74,26.15959448031686,73.20265623519236,19.80075446156942,68.72
110,21.897364389803812,32.653639108568356,39.54539448667756,70.08
21,22.616990264215847,41.83425129839185,30.886834507287688,44.74
52,27.495359043291806,56.42575855798802,36.13560413376294,58.03
65,25.978450816910396,34.10131124278,28.70443269909105,59.29
35,33.3439469470429,64.81806334582363,45.43953726895005,62.66
101,24.931432387137153,34.58158760485246,31.353854568728757,68.85
114,27.40708740935214,45.55100736079419,21.586140052943957,74.97
70,34.62671760568588,74.84815608553085,18.121341808048786,70.03
86,26.53189827183722,30.19809171354501,27.14371583994014,62.42
30,20.36646963961532,79.4251534964103,36.95102291750831,53.41
70,23.624569221160666,59.45189458076586,35.855527107478025,64.07
77,29.316839043677152,43.7672425069222,5.793567307355587,63.84
21,22.80321068075833,57.86238060391285,34.142164761222006,44.95
35,21.735699493534543,55.546528829707384,27.376444217681215,49.49
52,28.945111476651547,61.61705203664541,38.555331891070026,64.31
41,25.138132484890264,77.32541891459707,8.228658390157118,52.08
66,27.60489455578376,41.9092852799781,30.03069765651307,62.2
35,29.125528860443538,54.573911720922325,13.821314076657846,50.39
28,30.439372833501047,51.86279196013052,16.21930129340433,47.97
67,33.95497149794683,47.941430345719176,41.25129121146323,69.53
34,20.0154397334805,53.63743071944335,45.24120146757521,46.15
82,23.918513015274264,46.23964353941579,46.94206263073802,69.58
81,23.52106371819643,72.71123195853522,37.44726132207035,69.44
11,33.32827074055052,79.53619552768889,30.5861981310499,51.83
101,31.782008989792878,41.266436316438764,14.770936757229432,70.44
50,20.14819409963085,45.299820437861825,22.656018221670188,52.35
115,20.818641379245143,34.21927740047242,14.14204196854956,66.75
9,32.63790576931415,77.73768394729785,37.22607784191063,52.53
79,34.003434674040996,40.453564265017455,49.75545056938595,73.92
54,21.724290759762095,34.23471057933486,42.837516091133864,53.07
14,30.57476957716371,34.11908695392053,21.004179477426355,37.81
20,20.09565753552252,65.53350469707823,26.85252463225183,42.6
89,20.94464660219991,77.32290472952748,39.43594952873413,71.61
118,23.708766348256724,71.27901009562196,19.05225890610538,82.03
118,28.636428255743468,72.54063332350611,11.979242188731927,82.41
65,27.553025698372004,43.5816310780028,32.28338625111793,62.37
69,21.598443256115775,36.52311807098631,7.800021292047923,51.45
59,25.066024032223314,39.61313280099692,13.138927484413937,50.91
90,27.959558849984784,35.12210581163267,36.939527777369904,66.79
117,21.386021487960576,55.415443337801406,24.726004408414237,75.16
102,33.53200802670507,46.94854185957799,20.966063867661802,80.59
87,26.074287287147005,59.55237774283441,44.84353774632681,74.01
84,33.632408211454006,77.50841703815468,17.11191384369904,76.64
86,24.126911140689995,70.41057238251183,45.53080467294252,75.4
62,32.18156808296135,47.92894360534559,12.546624919537713,61.62
119,25.034419352890957,40.51273846471296,9.9561212893422,71.6
56,30.3892803746908,41.570854664624164,39.62948978586174,59.89
111,29.058429502171585,60.28859183111869,10.761114328748455,76.61
101,28.9332334443381,55.57319621637588,42.72347989412783,77.76
26,33.544650854261846,38.185290906920955,8.884322306877403,47.29
30,24.024070159331167,36.62930482024794,46.40825313560013,43.02
71,28.249834731713253,73.44997039759014,39.34820986515264,69.71
119,33.92346602158562,75.06017872821772,8.154940672593987,87.35
109,27.013103934003038,72.4856522290197,19.723020710869307,79.88
33,33.433425954903164,51.29085732558508,40.53944695075999,60.22
55,32.70199401222142,32.89262454995457,5.28771884342088,55.3
29,20.702209358513414,45.184923456447336,24.949400291558604,42.83
8,32.570076139268245,40.64702632400417,9.745224540636094,38.94
93,31.078565579523406,78.06039506114298,10.244600947183887,76.51
14,29.92278922716484,49.605533456767866,8.138906839415263,43.98
65,25.129787079319776,74.9792608231048,38.38158091699318,67.51
103,34.21546082880218,64.19274625176038,48.066354726942215,87.42
85,30.094462596677236,56.540396404520806,22.344088013898993,70.7
107,27.648162109311443,45.12097780563989,30.414577963610295,74.98
109,21.10067584615664,70.63650247157929,31.0833756606476,78.11
18,20.912244677746997,43.90769584180672,49.97672168107336,41.0
90,24.33907540586717,33.101243767639154,43.61351325012247,63.81
45,24.572449204723597,62.5746655626396,38.314084294894215,55.59
80,28.587098419080633,51.272455827590846,38.4836199847277,68.07
55,21.126926624657276,45.89814639576967,10.211337964201256,52.95
82,26.40264183343434,44.67054550096975,33.784892005542886,69.56
79,22.294936800172618,53.471337582947925,36.091301987346476,61.15
9,30.385114158689188,31.716581793590592,14.15990552798619,38.85
29,30.447961904063334,55.36068408390449,15.85504062992285,48.5
27,24.99354206966759,53.619998441968214,14.030325594545129,46.92
16,31.171260395778575,66.38957443464484,23.430142981253976,46.66
10,20.635289763317843,62.40405374078518,10.296637802381596,37.0
109,29.395476618213586,36.56124758886452,44.70564253278892,82.07
104,29.780987295279168,52.92069158960989,46.98302189639353,80.5
92,34.67894500869475,35.83529606012338,24.4268266103709,75.14
60,26.93126906937345,33.90607153948721,21.08069112490666,54.6
56,22.00082583975675,74.57921557375127,22.645670126061535,59.42
67,30.42962162140296,33.53293963371931,17.810855860975003,56.38
99,22.87316115556699,46.67581621942297,26.952118261454512,70.85
93,21.121822467542977,42.58793993943768,13.010717624968681,60.63
76,22.60768996734729,54.64395897720419,35.96167100989079,65.93
82,29.016941148954032,76.24108009655849,15.283631646803496,75.32
29,23.653198188828856,49.339114887007426,48.79744454090263,48.69
15,23.898194396747105,39.51199419043995,25.646104191123143,35.28
110,33.67526653560541,74.25304381018073,17.67783161523474,87.92
49,31.7435621537684,48.34050473777344,17.251446172300973,59.95
47,23.125134018815167,60.38231916307359,39.15319169492423,55.51
33,20.681152341255554,37.47948514566809,22.29663540804558,42.07
96,25.505467634323786,72.95834311631289,18.91366696892526,75.6
46,23.34378292528761,65.42966538110014,6.820057765535033,52.42
51,29.9789438648369,48.59402522942956,41.26751999213689,59.07
54,23.62929364261396,79.24767164627752,45.64447278307105,69.03
80,22.197061401174754,73.38544738914385,17.78673402005198,71.12
117,23.526456729061284,73.91887098477997,28.913685818362445,81.0
38,23.610686446733997,47.272180473025706,42.49153867380914,50.78
95,31.319326741484097,51.972114064774374,40.31907403972498,78.01
74,33.46800397913,49.96074371932056,34.38751585977802,72.29
85,21.050528379967474,56.775918223035845,49.56467425370895,66.51
27,32.87503720473319,48.60144446851156,18.832031195192314,53.08
15,33.17767957716877,61.2009997057032,46.73316540780965,52.0
14,34.066062048431334,68.95686283987999,32.25104046638427,53.52
65,24.383402823554118,56.530253601637426,10.46503701329614,55.93
104,32.80104083271318,61.61393836717621,16.45172393443392,79.09
42,34.22310592723197,58.68028930619016,27.851900661086102,61.06
13,33.803681685842086,61.40089029995268,44.53613206815094,53.75
33,24.94519360595187,56.61484087415977,8.885151034322115,48.47
60,28.902142997814572,79.8672274641749,40.40956390194333,68.65
84,32.83726784560961,35.45848508771444,34.44057485421506,68.49
97,33.573776305164,61.9948218041626,15.208119297547539,83.35
31,32.93927152639146,74.68787541385232,16.525899093295187,60.73
96,30.21977456069545,60.295287265776906,21.50922679170748,75.51
28,24.88927315931653,37.8336067173759,36.892954965418916,47.01
99,20.35557864349623,56.01583610970327,49.470621343467414,72.62
88,20.601931836173836,60.47906481518004,37.277226013430116,65.51
107,33.7524586357017,68.09224043918675,19.89402913571237,83.31
115,24.184029629565316,77.45660764583323,21.167461209405186,80.68
79,29.24650884509783,50.80699075042437,27.63698523640533,68.68
62,33.48009133345457,42.19817407092816,17.859600509895586,62.38
114,24.921628416597787,51.95011087450028,44.89759142922295,78.58
23,31.48187670870296,47.89442653628446,41.06062147827705,53.84
95,25.822563642766095,58.190956253382026,14.213291735619357,69.14
60,24.22628867512611,52.06995455401777,7.834005859398488,54.95
93,22.679804762389946,37.285262624460195,5.185391782670144,62.86
110,32.43878737280687,33.87377786289795,31.97190245301605,76.17
77,26.90571313138966,71.32496811505038,24.039746657434844,68.17
113,22.862008994454342,52.59590376313312,47.32201791977577,77.21
47,31.408009820145427,76.79063792413632,28.030774742393838,65.65
40,21.894648899330825,47.24700522108711,35.291335871282556,47.46
33,28.725358771215205,72.81481543994857,18.875994765302817,51.55
99,23.995436940260277,77.39847827722488,21.195432940726516,74.83
43,28.623688762668507,76.00078884980033,7.088196136061962,56.88
119,20.342114910314347,43.61259075489849,43.79029125208647,75.25
68,21.297987932358755,41.19743616836204,39.6124376955494,56.06
16,31.05134517997135,47.45520577247905,47.49789627545637,48.17
14,28.376738010199833,35.65485640481289,21.264566680692614,43.07
46,26.25552836769756,41.184638238235706,37.56016813974884,53.1
28,31.857219063671558,36.83449573589068,21.289007720852837,52.64
114,33.366547162515545,46.071787265350856,23.270259797693413,82.38
110,31.529957457629067,57.5894390553329,23.613278814943435,84.19
37,20.630278868995394,33.47084792950688,5.333913854629258,38.27
76,32.68080421388693,60.4623155187889,32.42757183757615,74.32
62,25.726691577647816,45.416171090986566,32.82418860041895,54.48
76,24.2346658678131,63.52567993093838,14.802106429788958,64.22
5,23.924735198669005,41.95715112507435,44.805638550944366,38.67
77,29.34228384287296,37.356017253379235,29.46825302737679,63.84
18,33.22318756310685,62.853704513460606,18.297898477150703,53.39
88,29.88953140957594,66.62779303585168,6.76840249529616,72.19
94,27.240650693587128,36.78186007603151,22.2903742117707,66.84
8,26.5734124182365,70.33180608626299,31.368613041495298,45.84
39,24.284158036178056,69.54280888434269,19.153434545069146,52.84
115,27.255350393971785,71.85737156625586,19.310288872748014,85.81
116,21.654306026354973,69.0035699252025,44.66290336351104,83.15
75,26.074186711982925,31.264570449481656,32.13033527508831,61.06
48,30.43112543593501,77.5493768187126,9.721519037358966,61.6
27,22.778235772258416,40.30694591051985,16.295278044846796,38.75
41,27.819301857487844,53.55560101361206,18.81019319850858,53.54
6,22.42713439215799,64.62059794701705,48.87957809384858,44.62
23,24.35300743259836,68.50611038348839,10.96055558900953,47.63
35,34.65292203194846,79.27561451942393,47.152376569730805,67.97
54,21.911327419363797,44.79723326191652,20.96978913170861,49.05
25,29.95834753516386,33.545665539299556,20.003810065070745,45.23
54,30.61296951951409,74.46388544167998,18.002910448761625,60.26
44,28.84940969714133,68.81837308995279,40.45533408701253,62.7
55,20.052376379044553,66.39092032553691,35.77368762539749,60.68
16,28.42931213764803,50.46895408851154,39.77628833338952,44.93
95,30.859801249606257,47.659461908567,49.49119102942088,75.54
99,28.119932889047057,69.6983863021818,32.46850416621497,82.25
91,26.62106599814712,44.63249822692771,31.484831655680633,69.4
116,22.424605035061614,30.65126401564622,31.828840102512157,68.8
59,30.26246580586671,32.22283072133423,25.687915908363326,53.48
113,22.089177097163905,64.52148785297962,23.08982618203504,72.24
100,31.435908587842942,37.86877212867405,39.36133456864215,75.46
13,28.031734994711517,73.04006016661064,27.073703166146295,47.74
110,31.98858135405682,53.446778647091875,35.8087249338398,82.48
52,34.55977449571685,72.55985437393808,19.201947587850853,68.42
84,33.84879932060922,63.719835576765284,13.805648845250687,73.56
106,29.683604553097567,48.2097350645942,27.529998810022345,75.73
86,32.637362960529856,75.44091314008432,18.252172175159302,74.2
62,26.560445942776663,53.591973192243046,27.436911457865694,61.95
63,24.13653142049107,40.25670904430636,40.92575779202289,59.03
80,34.15530629970075,70.76209705347804,35.80682225523471,77.96
79,27.549511633874427,67.88320389925302,17.99710927609218,67.57
96,33.01741870597054,34.66057353874348,20.038272906896132,69.54
67,33.184326669380354,34.755468710919594,23.690663119349136,61.92
43,24.480513520165808,30.508750129463376,36.303248543136114,47.91
116,29.674733930797125,48.719139235730935,14.372051957040608,80.38
82,22.582054602372953,67.06502141383129,38.89280622873313,70.57
91,31.014879702424984,56.90484677364185,14.728339957040049,77.51
72,21.108955861372348,70.76770670751829,34.10957944936405,63.47
72,24.307164061521974,72.39752873637079,11.799507162856937,62.71
46,23.673327942154703,42.15808438977204,30.782681316383822,49.56
109,27.172480449150374,57.184817923757095,17.37460084054635,79.31
113,29.481096658505535,38.27806351544005,19.163691475630827,82.04
93,34.210077681211644,72.25562065355805,49.21645151983104,83.47
8,28.493335172159725,75.99240123510978,17.925990583018798,50.28
59,33.22422411484757,46.455171552388435,23.312920211341503,62.76
81,31.62146314598363,52.42578536091159,28.898060892006338,71.76
109,26.40805008467064,58.88477938450775,18.38829807641276,77.97
76,31.15644011379335,35.46769666774865,23.221297101596257,63.99
27,20.020488888126277,60.79375656024199,49.88108068991199,49.94
9,20.57396217483952,73.62132714952094,38.84912221776837,40.99
102,28.158574512385755,38.84764846499269,39.64856548456807,70.52
63,26.737078057166975,46.74376380664751,29.016567372944827,60.29
77,27.838172469669605,44.57548747227908,19.456347931850896,65.19
55,29.66058908789615,79.13049957023722,19.029382324345832,68.22
97,20.164976016056897,72.31715294375994,41.73860408582739,74.49
69,31.139514243012812,55.29159685695355,12.295937537382658,63.96
58,25.339107130996272,32.0943015227551,17.555795769441488,52.69
94,27.044733849974357,67.60397187647897,21.212317387985475,73.8
58,34.85535136588436,71.29125953523655,29.34141381623151,74.73
116,20.75424305531718,50.21584068073436,49.27899098335374,76.46
57,34.89447502728983,48.31740923543326,25.415143113519385,64.37
76,33.58526729690937,50.308488297861736,14.361511870897363,68.5
105,30.33339662048671,36.660929702006165,27.592906190070543,72.96
90,33.54197778399718,43.225870498342466,12.677162347077205,72.4
116,24.72799019981524,66.04662741709556,40.206460781802186,82.56
35,29.039244154020363,56.260303472854424,45.06874133697671,57.5
63,30.612775565919833,70.68279100145297,10.661848247224068,58.83
86,27.168244919479847,70.73508795333274,25.28987861592967,70.81
72,20.024041533777602,48.64926940415074,18.10301755551674,56.88
88,24.52636335875346,53.391616968587115,14.433344957810577,67.1
78,20.23191162056915,35.75812006943562,16.24734880783517,54.57
26,34.50046425191482,44.09254792597449,31.499509871313695,55.12
55,21.750872606161355,31.805876022700154,32.38421544109921,46.9
53,26.083943156537096,46.72466670057755,20.480616872203512,51.79
38,28.763943909091903,31.904635579476427,44.48518176429392,49.83
20,31.429230484102213,77.84399727719853,34.993115533089856,58.11
56,20.61250318029595,78.47292834103538,46.3402927660084,63.27
61,26.461970792956624,76.40698905609618,20.105844866596204,59.9
60,34.26503018613524,62.29903390978841,35.49043515986942,69.19
21,23.61364754346077,69.41815067491565,35.40694486117735,47.0
41,28.45044571341476,33.47239130272005,31.81257036053251,49.87
36,30.343683054685663,51.21104609763705,15.320145735728273,52.81
18,31.424404591839423,55.06938840024421,44.69520592373699,52.36
50,22.842773068631857,30.748987373585088,8.173526062945824,44.33
64,33.77071354822173,42.27586952442299,15.986305341274958,62.42
114,34.19764311769798,30.282272527988344,11.03082449738552,73.42
109,34.033483403033294,69.23199572344663,34.377277919990085,85.91
50,26.86811078258648,55.3772049161645,9.719204945504657,53.97
110,27.44389967062758,60.73233162414519,36.035339049627936,81.95
22,25.77370657870926,35.173961332688656,25.862098080350467,44.43
33,24.834827484054095,76.09638353151848,44.93683340183011,56.23
100,30.003833876988097,77.23546118629062,46.12991792178719,85.04
82,29.507416804159142,65.86414859660533,5.856451411673229,69.09
53,20.3814851204291,79.1596704874055,48.18443880744383,60.29
97,31.289399861514237,70.85198893045896,34.963544482604476,80.13
86,27.73703152498219,79.6901263350598,27.070714220415667,78.14
15,34.62998645159868,79.4144294676953,40.77021873679239,59.64
16,29.862905520456597,37.2312947156765,22.868070224261178,46.81
90,25.006621884043483,72.73622970592177,11.743471426338246,71.47
42,34.56757653543272,75.4781330063786,25.473184896479395,66.4
60,29.402054453682098,55.218624656957616,48.52020278171126,63.45
46,30.082008200961695,50.98065107003045,11.361889687147485,56.28
44,33.49949779694286,44.30560116139315,16.651292806912206,56.56
33,20.143715226483852,46.537914360022164,37.74305231596456,43.91
38,23.585264700597634,60.13813260860856,34.13199180017712,56.9
113,26.829497716210152,37.54824965651474,42.06084248080882,81.55
79,28.879588893140877,72.81300843833043,21.891882417817325,74.01
62,33.524752653195776,33.52224690896803,45.57737024589609,64.93
12,25.057544042514735,60.26176100840817,45.75575145968713,47.86
20,21.078997272220487,39.820704340735055,18.501188245920304,35.03
21,24.569177219849752,68.99606582678976,46.667023356789436,50.68
75,23.867385439039097,64.49258143731507,18.906206567919412,62.71
62,34.72848581716997,69.8569420035196,39.97929302664743,75.5
61,23.055549374848646,68.15949353597475,15.861678710180177,56.72
76,33.14257848022181,30.0482480921782,48.91920924183386,65.19
41,32.872766154253114,73.54197679336202,5.899504952520061,57.48
26,28.06872050296608,40.89991521942173,30.10443421409827,51.2
64,28.589811581385177,51.700570565531436,48.84713521659705,63.35
49,24.797304302012698,51.905034439552445,26.168606422016445,52.31
68,30.56471041368556,50.20680555568461,48.53973612809037,65.17
21,24.737472427295856,60.58089413770816,10.978778679238623,43.82
12,21.456708012704883,78.75895681273455,15.656806153455006,43.22
74,33.69663180379324,69.56424144627005,18.744687603268574,72.62
39,22.44829948925107,31.11412140355353,45.86669862990807,47.37
83,29.99564786288606,63.56140389283351,13.751700382870716,70.71
103,31.626611427589552,67.78304524068,32.19431607118774,80.3
64,31.084505986929628,50.40226336075338,27.9839127706853,63.87
87,20.990683059590104,36.754727829765486,34.864204527681736,63.54
64,28.76621937325172,42.03557794363772,38.16149280273286,59.89
94,21.10475651908013,30.322472148235043,11.779451989728521,60.52
104,24.253482237720192,60.889602110454994,11.192701147163616,70.74
87,27.294063662721165,43.80931449627795,22.90006477911415,68.9
88,22.629014298888865,49.34948934181944,48.42023555650169,66.78
58,30.526636557313296,38.80438791346011,48.748247385736676,59.28
112,32.09221946049563,35.750605471626855,45.27082421069509,79.84
34,30.303306778885975,49.67570063318104,39.825440103507034,53.69
63,27.465593770641267,46.62356134616904,33.38178494409538,63.29
23,28.437842654068703,65.00647812279763,49.85696524532822,53.92
58,26.34588391317792,59.335784196089975,14.740707825378035,61.01
70,26.859799343160667,40.78315799087069,43.9747952587044,59.15
22,31.634373621407516,39.513754611684476,11.868610609887996,42.62
96,30.883477959963017,32.46393750145448,36.67014522655991,68.38
65,33.284355883360845,65.09768886642932,36.8775035649216,73.66
102,33.610269072753034,61.838792751798366,24.741900567163658,81.9
49,24.514632731156137,76.68147220165321,18.973830620390256,57.93
26,29.078259260435622,76.08996145066664,12.298175686810813,48.82
77,31.36324035715834,66.13251673307776,8.906205817158586,70.03
106,26.14243774687217,53.29748131827819,12.671818875323199,72.61
55,30.493946792266023,66.08851386589048,12.763926530919889,61.93
18,23.95104483209577,48.73169348014332,47.00488233919579,43.91
18,21.663209128977275,64.12908360712075,49.28794893026969,49.16
78,32.156189197114806,31.423561293841058,36.060954354126224,64.63
85,26.762291171880136,36.49027793329397,9.940005277582639,60.11
119,20.887341433059188,68.32415446613922,44.72023708852904,86.08
70,23.033913165260195,64.48877279980347,5.482526130247329,58.2
114,25.855915596041065,30.563472309469915,20.855588532260423,68.13
85,33.893481040262216,46.417217232672236,15.111252130116013,68.1
72,31.83382898621155,30.30110201842032,10.72297391863448,59.56
108,27.724818205188445,37.82628547115492,49.59502880420171,77.94
74,34.68850390745294,36.21523184074592,21.772701717534243,64.58
102,29.433244378515298,62.10930280173981,27.722980651653533,79.77
23,34.59286594227112,56.87440764170958,27.432060216548642,52.86
12,29.50682298360938,59.52186403894574,34.336987676408775,47.93
94,23.112952031192034,40.4166428744268,17.42981758299274,63.23
116,20.1526015556901,60.54092930471995,40.5139890559363,79.33
16,33.24086216411688,30.641780069836845,19.04849315475352,44.09
71,24.65545063826119,46.49504800745322,13.531501899397266,56.99
23,26.2152216264744,51.686413988730486,23.510335568675977,47.16
86,24.312802979481916,36.442558325560775,38.875173933238464,64.73
101,28.28615700302013,73.7485102238931,49.52140891483383,83.18
70,32.06812701518444,65.32052664251142,40.803588147806025,71.18
45,34.40621280689579,47.17664722907458,48.6719190786679,63.66
116,34.47841489258536,64.89798555439616,28.888534282988026,90.57
27,29.374799754145073,39.42072392727367,16.170913948149966,45.28
97,27.516054810609155,62.947542350272336,35.87341839179764,74.34
41,24.983137609681382,47.274249563276896,25.385306616205657,50.25
101,29.59765259416845,71.47463182425115,49.91320641165067,84.79
14,24.84877214000887,42.38859144510842,38.66859703908856,43.59
108,23.839934307898655,37.45042717058256,38.15247396318808,70.65
94,28.3650785705385,46.55471460001779,20.479233922749366,70.02
98,26.832202585889625,46.85208442440725,29.657583683177425,73.34
29,27.93111517309669,72.00630799561253,8.069280563422646,53.92
61,24.253876494933298,75.76216550138412,25.83084597821225,60.97
104,33.04185410987074,35.4753090260082,39.83095875951602,79.3
56,28.479386142768462,57.59475697495729,22.477327009103327,57.15
118,26.434174967154945,35.48059039993386,47.99659131254368,78.73
11,32.492990186052545,37.628426336633495,33.36829333524702,44.75
76,23.697379316500285,77.4126642676651,35.99271269967736,73.85
57,34.589291948344595,72.85589753119508,37.99740631252896,71.15
39,23.645947872687678,58.60496630251285,41.125974417766635,54.48
117,20.275248146811403,48.052984913909754,5.874470258382405,72.95
33,27.27579002143209,60.37143804605754,12.209213947799542,50.72
10,34.269826743677605,39.57629427724446,43.77963695766772,49.55
70,25.388956620883963,46.27589908156326,17.040363038667834,59.55
107,30.68847616817563,50.80402385844164,46.13304625119443,80.85
81,33.45240993630419,69.65322468294755,48.31487512975963,80.52
79,33.57010156297605,34.52431459247764,44.14208039991641,71.56
119,22.87008804502011,42.83439093512903,10.617912491395751,71.67
24,20.484528693730226,36.6851341054835,33.60326251260628,41.42
43,24.417012817358966,74.3232174091931,27.392902939609115,58.87
33,23.911870782866824,75.61883068653592,5.819631391939007,53.21
54,25.168756919894484,67.40968632175807,45.84408196947486,61.16
100,25.3971421590295,48.37629173202731,49.16244815531846,72.25
21,22.969246745734253,34.367399424071465,37.29775402645711,40.5
111,34.05596981981084,72.36291558220935,16.058964709750235,87.74
80,30.325045225698407,67.74505396405783,19.51277850445189,72.31
98,31.072194267010843,64.66048889909042,16.778442748239605,77.27
60,32.57863132208769,64.8249286422489,10.068472418516679,66.01
28,23.934677630689638,74.23606363778106,36.116563200871056,50.6
19,22.88093922623319,45.75367308069161,9.282692646619964,40.65
45,29.005320282636227,54.11268692803108,13.939728582709312,54.95
64,28.200558081543438,40.40019052126506,33.941576422418734,58.27
85,31.99802906792816,49.723872049105935,12.17707852240445,68.5
32,34.825671257538666,59.38560982279583,15.08839478340155,56.28
100,32.900748195443256,36.01823808901148,45.9473474026566,78.17
90,27.61355931428993,68.9795548003772,16.900247784159426,74.95
29,25.33142795761924,58.443039868058875,16.585939963936656,44.09
104,33.5067497926051,34.725775067503456,36.941009403382495,76.49
117,31.220054734533036,38.759892711908066,24.098862162543874,82.12
11,29.36294151184222,42.39725718770406,18.50759594022533,43.87
86,20.288157996102722,62.59975703317862,7.407419363990825,63.2
40,31.073064554109337,68.95057610164234,39.632287540123606,62.53
20,33.950285882292434,61.28210342759389,13.279032392490896,49.33
42,33.06353557450886,41.04162061530476,40.62451259245236,57.87
10,22.752248065400345,60.17149292473835,7.542992341603391,39.98
84,29.843724172056717,44.175501782580504,44.223597676526296,75.21
45,26.316804264372553,56.71408726141588,36.64908866604995,54.47
105,20.735748324048316,71.87997837528852,27.034513604226422,78.12
70,25.85622478048335,46.85163132758805,28.563650336179155,59.15
19,24.73308906094782,47.76083070657798,7.090766474985934,41.52
64,20.9212616246573,56.09076615256803,11.865850640312445,56.44
80,29.5044865589917,39.373966541596005,42.28978120044888,70.14
39,20.10229917503829,61.39358904680526,41.46332124633557,48.23
73,21.58090210926295,43.54180188478329,8.008124891795422,58.6
30,22.679716813375375,61.15465636569529,13.459699383335801,47.22
19,23.558877314520355,54.856540174210636,14.859267021505191,39.26
106,25.869710651852003,37.68404119694188,32.71262476332427,69.61
26,30.059566194896682,62.346334898284276,14.845493561341256,55.15
18,33.261715779498,63.3830261563678,14.243284876991392,53.0
8,31.253479980864455,47.942122057289765,29.8260970748796,42.94
47,20.883444881415727,72.02033277818572,47.39883524760784,56.13
77,28.030956515361353,65.39296001368194,14.787683003320089,69.26
67,28.31322072978324,47.56569604109279,45.09127762542064,64.62
72,28.036883927234186,71.63581457187803,17.546011819593776,66.51
34,29.912469477905784,30.6468446137678,13.106166220949282,43.08
113,29.773908711706905,44.84854786757852,46.83638743994505,80.19
74,32.35508892140618,47.19201519298612,24.179214753019053,68.91
28,33.44085031246977,47.324988550842384,43.737872139386404,53.41
86,25.47461502053853,35.445426669729635,32.050759653330836,62.65
96,26.98280007971224,73.24998063030264,40.03607543608472,80.88
51,20.494029467447685,43.686792942491934,25.978811235666893,50.21
97,27.808551603048215,57.23877978360119,19.91874609641736,71.85
81,30.203542944246667,60.279463678589515,49.30994725050657,76.86
8,30.6132924671033,32.27296127951922,42.7352163529108,40.38
81,24.737318844253387,60.9684641545975,7.236143757624874,66.29
107,29.863323137500082,41.49102102625223,9.722039833148195,71.22
76,20.392342167986197,52.051331175778365,45.59581365319677,62.22
109,24.376177523617514,52.04876942232043,9.647427448935515,74.26
88,27.149959994293614,79.59283976238542,30.935435584171938,79.58
67,20.24924340090741,71.9761027861106,40.09835862192513,60.72
21,24.66184068823616,57.18886209848769,45.486167912492284,48.28
54,34.96253755221795,68.73574890055956,23.19399941091977,71.43
94,29.679597954086734,48.282808730592805,32.009099363157254,74.68
17,27.807251215858226,79.19641008508088,28.537740903787334,49.8
37,20.33140620657162,47.735187906210456,46.32026250634731,48.95
5,27.92751936677754,73.52391686553109,18.083422436187377,48.54
99,30.03806007433648,36.08060574786005,16.95628879526677,69.25
70,28.815774251006275,61.121407603482865,16.475079111211393,65.39
41,26.446622516620494,53.26696133660255,44.90644395467307,54.75
80,30.77567427164265,48.57006822999998,32.28120890573067,68.59
41,29.118561864457213,58.4400174441879,9.366610032946628,52.51
78,24.656004528997453,53.55639424984773,15.537233304575015,65.06
59,29.91625650903282,67.4527806104204,16.065636915347,61.5
70,24.51529514040682,58.44929239822302,32.82408866192826,61.46
118,26.094060524709263,49.487209181348746,26.98615152387703,81.02
64,30.558036934094247,69.58366802888374,40.187036346263575,69.66
99,26.30643434210677,63.3904285952766,7.646204024973714,71.48
20,24.34366858895028,73.59508242582356,43.1179870174391,51.42
50,25.8279315910553,62.06704807449982,17.517826394389566,57.33
45,33.89706806839487,56.05398480520083,49.57318019525957,61.6
82,26.402426114214812,48.24892702343734,23.387366296386677,67.14
88,27.026529180606406,34.88514838415741,26.088862936259883,62.94
114,29.565130362152225,77.89580434201963,24.115332501434644,93.39
53,26.54526985944784,62.73812642531252,36.51279944311838,60.33
107,22.800529768374613,55.666935351320404,6.519450974920936,75.66
28,29.90409174143257,66.74977501322108,8.271140266345839,52.51
22,34.33167365585631,30.061726230144426,42.92247470194217,42.81
107,26.709875616674548,77.52135748150687,14.485443527947266,81.37
16,23.647513602885937,47.12281426483176,40.84962682324269,39.38
113,26.60678472981893,49.52000658928729,7.095626143809676,75.34
5,30.969355790988324,76.37306401217134,38.75153440761068,49.11
113,34.147824361254145,35.021466715377684,47.51676821975032,82.37
85,24.377779488748846,32.44441147525926,45.6237956738335,60.59
15,22.53579995251101,48.11758093547339,46.101028889070065,41.94
19,31.505175410276323,40.496371363974646,27.033072413457848,46.46
64,25.872484979203342,47.301525479726585,14.8126678147961,56.44
117,25.20369980556346,64.51447649667917,5.002165575244028,78.17
26,33.867536447717924,48.951513082299016,7.728893485325387,51.08
103,29.14552748227316,75.38799956202362,31.2049230005304,85.22
53,28.20774623101911,62.971928055805186,48.28597631871173,66.22
70,29.45639697070486,70.34058418740359,48.48398190015857,75.84
61,22.13663950748653,31.9791864762949,36.56521120930788,52.08
113,34.5492807172578,79.37769144307828,33.90619206725502,91.76
15,34.29331419327289,36.761768774740396,13.599789714206553,44.38
43,27.312142169801625,58.337645755640125,16.57399686529428,57.31
59,25.881020795785588,51.71458847151486,36.61237025707603,59.96
99,33.319757809746676,68.4621189587728,17.42943346993441,82.31
112,30.296511978538106,67.09833526571465,40.04931417151832,85.25
106,26.81815103791311,74.997507336183,8.919241290295474,79.75
25,27.110946862317615,62.23210033031746,45.812570141689875,53.8
88,26.876765914237446,55.17742364881289,19.95144431852228,68.96
115,25.617168473818815,58.27213667575592,40.874295726771464,80.51
46,27.386234211928205,56.03726806930965,48.278465967666534,61.18
42,32.0375305079816,44.810763082585275,9.35654254678144,51.35
77,28.191889285534018,48.74705731763235,15.031003047334877,63.77
52,30.219177954722,79.29006753742608,47.416559642461024,71.79
74,34.2725631805274,43.584493533344535,44.089492390214986,69.47
34,34.65577789181353,78.71568435026427,10.690942017311063,60.56
48,22.15611884029579,38.12931558815568,12.327446562325827,44.67
98,25.10671629562489,39.50092024577305,37.36720867049169,71.26
33,24.261350904782105,76.02233119478927,24.221476629949024,51.45
21,25.49790288023045,36.334530445259624,12.557939196533642,43.39
86,24.123276374110993,69.45054215274152,43.45408401357558,74.84
75,34.10328656473776,65.96612769023601,7.804647607283479,70.34
7,21.286591341309325,73.06587980995872,32.974821554162695,40.87
112,23.65567544421779,61.202922138867436,25.110237202545925,76.84
69,22.410489897240552,53.68323784760941,46.47124103272369,62.31
104,28.952423320478605,59.57551098845009,32.48699932237669,79.62
65,32.00385018956676,41.75305025050207,30.145780194377096,61.74
47,21.23472947430993,48.76539210142461,7.836173142419221,42.32
60,29.152296258487077,54.91336285003764,37.077785966718515,63.97
48,32.03815353464835,76.35923725301046,48.84556212397789,68.93
21,27.430202698417602,36.740450100069076,41.67310853718061,47.58
74,34.31358294977441,68.90451119243704,39.5585373428555,77.4
31,22.415692683223845,39.35686042989107,24.633753393072396,38.93
114,26.25413024406589,48.78503872110418,20.743312416367672,75.34
52,32.99506845437828,50.50312242392853,10.581957465546393,57.55
31,32.45215047578891,78.57460282366068,20.71199306605333,62.86
61,21.173598386514143,57.81537353073395,17.425583530166193,58.45
89,26.1556756308344,56.879533006765875,17.069680524222917,71.3
34,30.848002140898306,58.62071889864986,26.900087765397807,53.6
107,22.597228417794412,35.83831799101676,21.655517921489455,70.91
14,34.03429034492986,41.37378233231456,23.415241733784395,46.23
12,32.09822652741587,30.20123057984446,13.882355111985506,37.11
17,31.68839976623383,62.05431419798292,20.33327100699558,45.64
30,33.15259109112779,48.53567818228554,23.330468847658427,52.09
20,20.979597150048953,69.68356426528244,24.604925931573472,41.84
45,29.877596707885942,35.79667553287532,22.431132036858234,48.92
85,26.635471987447886,73.43796933638839,32.50645278902408,74.33
30,29.867952584074544,33.226120554882236,22.598099561813893,45.28
11,34.31030678503664,53.784197689148016,38.7455118197991,52.57
56,31.13564574308957,73.99283844213272,47.48679091547678,68.71
53,20.80180321707301,39.84335755054036,36.75842357888767,47.58
100,20.819394331497268,61.562286038080956,20.788152082348088,71.13
95,20.207232147079438,74.90098706067391,23.586220023418768,71.78
76,25.41200589888754,39.15617298922589,45.25153811450491,60.36
51,22.49273426485129,38.394071418845144,14.170304954339459,46.26
113,32.261471138208044,43.82824062078123,46.5079112344629,85.0
77,31.7790134151333,34.25162267509686,31.2244301049595,66.17
100,25.37174324756405,51.18858733897609,19.32155499349043,71.48
36,30.400812914229682,35.36726455839549,7.160533952413671,45.79
84,26.68941673964275,56.713524330095595,48.928162987771465,74.86
32,22.418552126519685,30.76112357457454,36.53611165858747,46.37
84,33.17928583557469,63.12436980177293,19.74665069803035,76.04
97,28.178931908702857,60.764705954427015,47.0035143298288,78.98
50,23.794292770003562,55.75066934556405,49.87108512505628,59.39
114,30.946890981774857,52.60063733469886,19.03775041336172,81.09
50,27.31630564356468,67.69787470060501,44.04834764022627,65.12
34,21.719948092129407,72.12271021862573,27.417578705930538,52.39
60,23.05728020277325,72.34617090548977,17.65826579877102,58.87
119,24.939304607600633,48.4580772115099,9.12738268943462,72.42
63,20.529533817711044,78.73684736287537,34.168080121941806,64.56
57,31.428067009306087,41.555765242405585,48.483244837316576,59.76
26,29.786872227319304,40.24436143458877,26.17092421779211,42.92
67,24.25319036788722,65.8480850742925,33.56406138019189,67.13
79,33.50145217194677,71.34894137420154,12.837545641450461,72.81
81,33.66699216185685,55.07032788547214,17.13653443605577,69.28
118,20.61631674451138,49.47258315121751,34.094958661150315,71.22
41,26.898633829327412,62.808781548320844,16.73760271923571,50.65
116,32.60964417159819,73.46414615119443,9.183799105061013,85.49
53,33.631352253999324,66.98049993016633,9.814998716761968,61.54
55,28.99739854034466,56.26359857072329,25.767183267121666,60.02
17,33.80924126338468,67.777386292068,35.35267004448069,59.92
27,27.260796787283105,45.50126654795457,46.8699683756089,48.16
46,33.798531884898466,54.46509869184344,44.08651137024508,63.95
68,31.132442941561337,70.67094582153405,13.889474983920136,69.11
87,26.871032935532092,52.00207338271011,12.88132852487674,67.99
75,29.096955277633473,67.06255853582434,10.888747984609726,65.79
117,27.573152021533993,54.4031229956736,12.351380985540972,73.21
89,20.941567347487872,37.33070558915652,11.593661890161592,58.65
47,22.277651684679135,32.33800069055831,29.214754635165434,45.2
82,23.35714887643296,66.81029884276128,35.48414836458004,67.36
70,27.89789799762763,69.55948827816499,8.653756586914595,65.88
22,26.700015866921234,63.29253047464974,42.508554898144894,53.14
67,28.512412992215943,55.76398120560427,6.064446789424074,61.46
89,28.611831406610328,64.68001114233718,35.506779010763836,76.6
68,29.21023122341878,54.98336458907205,18.804461929382818,66.7
13,25.01720912186085,46.223274563694495,36.258125197194246,47.34
92,30.87834744177703,79.80575850964561,18.597706848737957,80.16
96,29.20516065015343,45.55258845478004,40.896795806931955,76.39
103,23.52962597113056,38.76951674868063,36.32998617521901,68.79
110,32.92332357005347,48.11967260069056,22.361912999331164,76.92
14,24.12438665595355,76.89942638610282,34.3991851146116,48.73
100,24.164259226594723,62.3455703770104,5.703070002652199,71.62
9,20.32912201396346,68.43554543837071,48.45006885938197,46.25
113,23.342994648386608,78.00877193591666,35.91324297440801,80.44
91,32.238568795721854,45.61427879446276,15.28641764171676,75.0
13,20.922312514523288,53.522315693681556,10.875799885398795,34.87
92,20.55253725654955,63.39913189146972,34.24200514924854,69.88
75,33.568865237797525,63.75259591459939,18.056913573198855,72.27
114,23.810415388745604,64.92889643625826,44.904364026887805,83.43
111,34.28527255938583,46.26639133820707,23.97621711731818,79.46
91,23.793444102355572,69.14710204393461,38.39597535310869,72.6
94,25.472615918574103,79.14526164298448,42.57233614461706,82.39
92,25.35282729706935,44.75036306219285,39.07099362732674,70.46
43,26.846801047935926,35.37496604961212,17.296810455001204,45.09
91,21.027456121440185,40.505272475251076,11.950716224905957,64.66
95,28.806550325945558,77.057247360194,32.4852921412042,83.14
113,27.977676250387688,58.678804387600806,49.81628366948228,84.07
34,33.05169561663298,40.930916562942954,25.516547316516885,52.45
45,24.6448896255991,70.94375852194707,34.468201974919104,60.14
112,25.8571766078916,47.535835874608296,24.421793476895125,74.13
76,28.12328821064242,70.39808653818804,48.239426080397,74.08
24,24.213304049144945,53.14014390795418,47.60774969788163,50.35
40,33.28432735188421,65.64027961958452,29.877800394382376,58.48
92,30.422385581838725,48.74549190044989,24.369710293016624,71.66
64,24.82695362881413,46.77309570705779,36.44310673176353,63.13
111,23.51977803954612,68.01052610962455,19.63742941587661,72.1
107,24.115252457830547,51.18109588606349,35.56928145455127,76.99
42,27.346789670918994,40.987563219203366,27.835357853158552,52.39
69,33.571547021329266,70.92751255972206,37.66192343124281,77.07
9,24.90864693500073,79.1992994322197,8.442039796435939,47.84
115,34.63820815638328,71.39015916491262,49.93363008453167,90.63
38,28.310031225283943,68.38857850967361,35.89229069667272,59.23
111,27.57540632753441,41.76172899853233,44.371032496465475,78.89
96,30.381724948794634,49.92351224294277,6.266447647066156,69.48
10,21.42504142734396,33.46424507221129,27.707679954475797,30.39
93,24.100009396042715,31.91456930985102,12.975587336313158,64.03
44,34.78244407088128,76.82524904509228,21.028872376351764,68.53
52,20.236099583731743,78.38200327699667,15.6138220836959,55.12
71,28.280064198279767,40.55802349813762,6.198425911134725,57.03
66,34.33153768690492,74.0661979901644,16.481990243947088,75.35
7,23.46581929318262,79.30884436114232,11.869784139357103,40.47
84,34.76463786293803,55.73063956188808,38.38469757454262,75.85
102,28.587948104356762,70.96431181420516,39.49356994719939,84.02
43,28.459126544667306,50.21630614247394,27.048432934720843,56.21
112,24.06311082981501,63.35341091258937,20.926678776997186,73.59
39,32.342832854678605,42.740041223853176,24.230137545952278,56.3
118,26.81755401473903,39.85317670221581,12.1940894856703,77.73
5,31.612154296123457,35.77959301956443,30.116259445640864,40.18
41,33.43152651134159,33.81467716569566,46.84692195417404,58.04
68,25.68206172979358,63.64001390922395,21.275504826463685,63.09
34,31.532829060347204,49.12868529078033,30.07618482283454,51.58
61,32.00100614376484,55.11827444613551,36.77343421263417,65.22
63,33.690899391325964,32.738188876291275,8.59547304283521,56.84
58,27.686092151902244,33.17940212328933,45.271957039961954,55.84
79,28.15144521887889,46.93359624437486,36.79050583924613,66.45
38,28.83256204012747,31.96092506400073,37.195712000363635,52.0
67,22.339027269741173,53.14223788289887,14.94513015460915,54.35
49,31.933959260866054,79.87291644197992,48.61716135928353,70.37
106,29.961085515257835,60.582366636879925,26.30105091694415,82.06
77,23.815020702590427,74.59433865886756,48.58365341800485,71.54
59,33.74697959348809,72.48908493701153,40.89667686348958,72.58
86,26.20045093915917,65.02660577959986,35.70105339722382,73.06
68,20.1038014337724,30.552719934850476,29.508757502803615,48.7
92,21.63152347330665,31.159370079327505,27.45371105916956,57.1
30,33.54297190687461,54.97508849994774,25.112211681428974,56.43
25,33.7663679312037,53.61319820018574,23.352768800379952,54.66
10,26.345254286582197,63.682892709117915,24.51738322490693,46.49
87,23.02900586961332,64.82177682744783,44.00179385852629,70.01
74,32.69416058709379,75.26966164645026,25.33471221429194,74.83
49,28.621004773082937,60.93690706088164,47.03874988588492,65.14
108,24.359931820223952,45.25969172199763,40.84439297133406,72.28
107,34.02192080090792,60.53412641024404,45.14711599354165,86.2
108,27.06601216617711,37.17378520671073,27.85112981593311,74.57
93,28.034454279572365,79.60985765642167,9.46328660933823,79.62
59,23.699101455203532,66.97064446989808,40.146381695026356,59.13
17,22.67962896377679,71.18016166076964,9.685614309682725,40.47
45,22.85885451681239,63.20718786206836,9.424565019138372,53.53
58,28.097321047575285,37.84268261842861,26.214343188447653,57.07
110,26.20013396223223,57.91298156242996,37.12509333833146,76.28
87,21.644963322391973,55.79695032328421,30.141363379111915,68.69
27,29.435704903805757,52.523366385237885,12.603066849559337,45.61
40,34.82730717550761,61.70233837346244,21.24844027447038,58.35
103,21.91352820823147,51.7805928911112,32.42367966461446,73.77
102,29.77144718294025,34.711404447043385,36.28875549210334,75.78
40,27.290931864844254,59.99243166050405,47.05560260197049,56.69
17,34.952521429417374,68.95224350987161,32.56251700360138,55.14
47,27.28082448915457,35.47216635516344,44.74335104152982,51.86
76,24.43585857427512,68.01356217014168,15.816827931415979,67.13
36,20.04922683853577,36.010710451377285,29.611504886307607,39.59
107,23.538846309914188,70.46266138253274,20.909897459259813,77.55
88,26.986473849507746,66.25673132908409,43.61243805528555,73.48
46,26.154285659797388,64.22941988265418,32.10958650156982,56.47
24,23.391719453534293,42.72454538483154,11.07200043321415,36.32
103,21.022013956647257,45.10393996367484,19.41035184358348,68.44
16,27.672964167140208,43.57549633689443,42.22088832292441,43.96
26,33.00816653773047,50.92754875833883,22.937042994840695,49.43
31,33.220864979553454,36.57230083241062,40.88520140343396,52.24
92,28.783877378306812,45.075726761976675,33.67911333502097,69.63
116,23.690822630463956,41.308162523017764,43.25860768324452,74.22
30,25.797196249811876,56.789953278282255,34.20238711785497,47.92
5,34.15846835382044,75.04494274975914,16.20098974309596,49.48
15,24.55955413956508,46.035204668178466,48.28249248310939,44.8
115,21.35208477683914,40.321944223857386,39.697545690790946,72.27
25,28.080087499724343,72.18049145687209,7.718539626252238,51.7
67,33.887689231004856,44.48754443894768,22.929831268803795,64.69
76,31.449168273904657,66.48677499591976,41.90648305783415,77.05
10,21.993327338073016,49.15434565572584,47.951380989238615,40.27
14,26.018437714709087,70.99384559130391,10.695426071629118,43.64
113,20.45953538309215,67.58709397529715,42.861873476119825,77.45
58,32.96105754718204,67.77853515497621,15.911583412802786,64.6
55,29.320327324888318,50.970846444844625,27.687846669705493,59.4
96,24.450450464421294,76.33106742859611,24.310549300184967,77.05
81,27.80313610934472,41.25486251959943,18.029719538703414,67.81
49,23.780702895081056,69.24399547496411,24.514066612941345,59.53
20,20.124377122274684,36.4904230582572,13.986518722982744,31.78
8,25.697819431436784,68.17224477880322,37.11686460234459,46.78
44,34.96064528893145,64.28610531320547,30.753854215505637,66.01
103,26.154733272108345,33.759029250701296,38.75099856745013,72.72
92,25.53881711225212,47.2156889325771,40.41915338526474,72.29
99,28.097652838140533,46.166154976337445,26.535142178615867,69.71
99,26.009555662820418,76.49212468168531,38.474739992412594,81.33
44,22.043455817567903,54.27349103928571,40.95396005175763,49.79
47,28.50759650277802,40.84988730301584,10.525315915361784,56.69
108,33.06773893130005,31.45987610097404,28.974167268956347,78.62
19,28.19410731516889,33.0907846922227,44.64089442459953,45.01
50,21.99035872516644,37.867908762726756,36.55304232594219,48.32
10,30.884831954657997,55.25956143763846,31.680740363236854,47.93
41,24.56952033071439,52.725000586020506,9.231383666040204,51.37
7,28.65675735838927,34.31365788667728,21.146174625599013,39.47
44,31.786560795947874,62.06594400815941,7.0984743230206515,56.8
61,33.51976497745376,41.21569546528926,6.418498338820082,62.93
105,25.207617595044333,38.43769038833865,42.70790995245796,71.79
53,31.278346874629662,37.655676545286674,22.808777237869446,58.45
97,20.19770056624177,53.469878866931936,37.90719598907004,70.13
45,23.25251326539486,73.24169072882425,43.579911655969674,63.42
81,28.045292158856604,57.29150048271245,17.906289668204046,68.84
118,22.69149158203223,40.22916860752193,5.5390410261573955,68.94
56,33.85984118598067,43.197923412352075,21.50243105577115,60.2
23,23.790113179363654,36.70415710990235,13.688252320852909,38.41
59,30.89129755356306,65.34004442214639,47.17058260340241,69.7
118,23.910156902517297,49.66108794021181,27.722649325553807,74.13
19,24.79426733877134,49.75168161383763,16.1627121280834,42.11
64,26.747970430421297,56.60036377334032,24.302935050464484,63.18
96,20.62446078071752,68.36440978209916,26.73921192414575,72.12
110,34.088715843126636,45.803985933975255,41.031115860842846,85.2
88,27.860068636764296,36.92408043814836,47.55010420491084,70.8
76,29.400688639351813,68.61378064573063,17.223850883487835,71.53
73,34.962367413142644,62.93243485749013,46.49979210415034,77.68
68,30.654234267358518,52.98451460806443,19.770104428476085,59.21
89,21.163533608932017,60.90363398608309,43.18872790788767,71.19
71,20.9935925313253,52.873349615145514,38.19743312756852,59.61
41,23.269322819901767,76.28367469645987,15.453689812622518,52.89
22,30.928138979929162,60.55046242270946,8.65317674262618,48.14
23,21.56309656306777,37.114878939899214,5.086206778054957,39.8
29,23.32251171513781,75.1611812485468,27.103244019332138,49.95
15,20.12244067185824,66.70810510181906,10.900275614009658,40.53
92,25.61007799059934,62.0276898322024,26.9215413251364,68.57
118,22.8504961975332,39.39487599722008,30.44010573693832,72.19
9,26.4876946211982,32.1032923607585,11.246750700949441,34.37
22,28.911059815275404,67.78306259589718,18.383058169293676,49.02
112,24.807344558980432,52.913274119840416,37.45784968690216,80.67
80,34.20841702191484,77.58906718491835,5.840980474085773,75.01
47,33.57492838958487,38.93792517355322,26.745627031031837,56.52
86,22.13231627982976,40.56579794834225,32.24374629582871,64.03
27,21.106162477117408,73.97607962930437,16.337309558410105,47.09
55,31.17554801152388,35.90294498809071,15.792878681640032,53.55
69,31.152497964261446,59.79573975249532,47.933053024106165,72.89
106,31.962814989770138,36.60780986521613,8.272004645506627,73.49
67,23.067594700986852,37.049669918298875,32.52524349336892,57.29
115,34.488275194150134,42.031261336469285,45.57404404647898,82.71
112,28.411089307438186,59.3388644111575,34.80125321212927,83.23
80,23.846430419775615,58.54610759001865,42.97334261908882,71.13
94,31.54487294917815,57.41787122178379,36.43661383639355,80.02
38,24.816830495872086,78.43830197840967,35.087107125237694,54.81
54,33.135819471037514,72.7408282284559,44.51260787563252,67.72
39,30.75498287124678,34.99336764609949,11.312703886985462,50.8
108,28.221329256395606,34.80087201417817,30.077884715007524,73.54
110,22.18124225138922,64.47986451638666,10.831197556846522,75.99
106,31.184686960767877,71.16745802019429,43.51441009636672,86.64
40,30.35393913778102,67.00027693045229,27.959594106393975,57.33
104,31.95104058336834,52.4346568481734,9.937002598702918,71.64
86,20.824460920679776,58.69873552341551,45.526006875342404,69.02
16,31.622898554762877,62.44910991189221,13.952327677087672,47.22
42,28.69309015240588,48.23919066851239,30.231401785891972,53.92
38,24.02866489663149,33.228682315127344,13.208625056838468,38.5
83,32.401966096453194,79.84054701628949,37.71962724711453,80.25
111,32.63960468322302,39.162644286387675,43.15934569677108,78.03
41,20.215553088901235,31.04307363187045,32.5391388588602,44.23
10,32.62998748499492,36.077053466209705,26.755692936344673,43.14
117,34.836325097841595,31.01356863413792,22.695774427633737,75.19
88,24.899043203929654,62.451808795926084,49.65166416949072,72.17
16,21.81436642631785,79.38529048580989,26.94203696294177,47.55
14,34.22600263018137,78.42860075245991,47.080253457462085,61.66
107,24.11071712296903,50.08092870396185,23.596295145497436,71.97
98,33.43868413947964,73.12991852032768,11.959632508346694,75.06
69,27.760017477192427,41.53919612568376,34.840793220988424,58.63
5,33.823572097648494,52.8458675165869,34.59525124439753,46.17
11,34.378297779689404,54.494322014488475,30.270908148171543,51.54
78,31.067485407588848,32.437643864305116,25.816595931188985,64.95
11,20.772000577639535,56.35772947903169,9.834101957168432,35.28
113,31.073988851184005,62.88158010571869,49.851258688677255,87.14
15,30.113604209965068,36.67032406391066,19.661804559755744,43.52
114,31.06538910247459,30.95800197530212,46.662804873414686,78.44
39,32.827937092954684,58.85885976856713,28.321354013594448,61.6
29,29.453745613034243,35.07282360720173,16.805361453668183,41.6
63,34.65243982813777,66.44266849368829,19.782451386402244,68.75
66,33.38541621169543,49.251534061641266,36.13587040223409,67.79
104,20.62889531566975,40.206114227904884,14.02908840002275,62.85
52,27.99682219244622,63.98212320356627,7.60006364283992,53.93
88,27.86931652429062,48.67623139061914,44.0156785312404,67.37
84,23.625412964756457,55.70194246062715,29.04602688051163,65.77
66,34.56511086917018,72.01683263721496,45.91131275555229,77.16
71,33.559336404157605,38.24253176761637,37.05626367687317,65.95
100,29.336656193912408,32.59404032852403,22.20811232704473,73.27
115,30.715477429209926,56.70046586535946,41.76052676081975,88.25
40,30.98441399210131,68.80471431091621,8.022894406963525,56.95
42,34.61455610755391,64.65935018936972,30.265205778995206,62.22
93,33.352449592081406,46.143938232756966,46.12561786764231,77.43
119,27.62624827036275,59.29521178137719,15.796306348453617,82.69
103,29.629758319712074,58.576309951868446,28.604301021678232,79.07
35,21.437173694851953,53.80220914438007,31.46460999429662,43.94
53,33.91731202625649,72.9205126941477,18.27668290915756,65.1
42,33.756481528745105,35.4507372267253,15.713923192005765,53.69
13,34.24764897208393,49.15579322484163,32.08040009832361,50.69
71,28.59992738916745,78.37595939026204,49.21521628669115,77.06
94,25.57719309395997,38.24109414951131,14.413306674952864,64.74
84,23.196626362664432,43.653714668427355,14.07114888080159,59.71
40,32.80348755817069,49.39831666919122,46.12624605032149,58.85
111,31.95085044964047,58.351795660946514,19.664630908985053,78.53
41,23.99468473396962,58.707833321577596,49.06690691149482,53.92
39,34.06455455474871,75.71817601223808,16.419317555524763,65.69
61,29.08171408950819,73.02277080479936,46.478423765818995,67.52
76,26.565410573370677,60.90842748331457,8.940776776980355,65.96
101,27.691437453483886,57.57334393686349,23.644107851253885,75.43
7,20.97318827140908,55.27208283589023,32.07360811205014,36.67
62,32.89913355862829,77.24054272330694,8.600657352214455,66.33
101,22.175759612021395,54.773006658618016,47.87711226212612,76.85
67,23.210042717300226,39.24625383545845,6.532222169910313,54.47
67,21.656414546949996,53.107985681231575,46.18980250995427,60.6
67,33.367656187425716,40.23602032086844,44.565830038242964,64.03
90,34.0160064852279,50.40460681523493,12.99573202126178,77.69
82,26.804618471655626,61.62177914701452,29.263589182513925,72.41
11,33.99545231400458,77.8779314252865,31.85984155374566,56.0
45,22.874965805237117,37.08474586301159,25.381979175805384,47.84
111,28.841312093106502,69.18187766835268,10.656974503061214,81.69
119,27.096512922351362,44.311155051285695,45.23438875950632,81.46
12,33.89261386409935,65.59677098469476,23.46397677332877,54.67
35,26.03176078471936,31.472125737241576,38.90234408070242,44.94
53,30.605261506917365,36.07311310490266,31.063847603346467,57.81
7,31.731472206314024,64.73412087176523,49.457856569295416,51.24
88,26.40762184509514,44.33698447196475,26.45875813060735,63.62
57,31.41389026602623,66.13227197904342,27.7685741065442,67.73
36,20.85986406296609,65.92371073879626,21.736825498978433,49.45
41,32.55516890754525,33.07543705841409,48.74616309971469,53.18
110,31.06214707848483,74.58677305288968,14.210102641727637,83.27
74,22.1468077169059,65.58062014238854,34.85319553591744,66.8
65,22.182370361855213,78.72499416313914,8.857533579317703,60.93
19,34.58916252351139,65.60824899018162,46.992266597219725,54.85
18,34.52440337409427,69.16757000621223,15.086930199066437,52.28
26,21.836299990945342,45.085893592761785,18.85072313223119,40.09
105,24.90133512998023,58.33233591770835,22.890470395512967,74.28
39,33.43551652867277,46.22253268231698,22.065850389293054,54.0
50,28.246134753408654,48.80545645888346,10.742535724637529,54.19
86,27.175399434147447,62.848284849465784,42.03826324287566,74.59
100,22.767356177804757,33.15890249769097,44.98028892195739,68.53
72,30.43617634291624,46.22800972375043,14.856576493280159,64.74
12,30.62981607109078,55.172534700101785,30.752946227491577,43.63
116,23.54041407789238,43.28348779282208,49.74660393650573,72.09
49,23.587796734078704,64.33944841791924,43.671086533240334,60.54
66,23.33139246668844,67.0924708730127,7.783618177630282,59.14
44,25.50714738968111,63.64469019946444,15.662114574011708,52.07
65,21.55207059060169,57.664320799047125,42.09875748114374,63.36
117,32.539183061162156,66.09213748776199,15.534406356079975,83.43
57,22.471638302406774,51.47458393489219,23.39206352327835,53.97
108,25.421662314875032,54.46655400912141,48.15710022804107,81.23
84,30.885465421747114,58.989357929186305,11.556797528637905,65.7
39,21.03368269891822,56.229654397932144,31.866865107560777,47.62
16,22.83757795402564,77.32364146487234,20.428029809697588,48.74
81,21.015558952671874,31.880973877577713,39.562712811166264,57.1
43,31.50205497810436,31.70982427854165,42.23160101147847,53.9
94,29.34511378436799,36.8749777078712,19.356900930957067,65.53
67,26.913349544415752,32.321682769552396,18.24126836398075,53.79
33,23.961110559436257,41.266799153907314,35.95908099405008,44.27
114,21.197583970256,72.00565821002249,42.28579154476845,77.76
56,22.922688979511914,66.74803424816392,13.758228097205734,60.14
102,28.88885521166693,36.946661472022726,26.095043222645995,75.19
110,22.76709815399786,56.12944355143705,35.290451214398914,76.32
45,23.202777356650465,30.843359086742936,37.61158158120225,46.16
92,25.547920373611014,58.363483693877214,40.71628327268211,73.63
29,21.36454772640284,43.162182813662334,21.710001129230577,40.05
100,21.01827067798548,49.28179802103128,18.306984660073205,64.35
62,29.28641663290403,60.89777605216253,35.73418965471396,64.84
64,20.29215155568821,47.9067589947238,16.65995079856251,50.86
93,30.88000897794813,54.045883795432644,30.040447036812797,77.47
46,30.02843788343165,45.412899475241275,14.425356876140304,56.63
94,31.309342374452203,76.5378235981076,36.10108346565856,79.36
67,33.972794413953764,35.89665974475872,7.761781841606549,59.18
103,21.282529367392648,66.12432352268962,12.782517884189295,70.7
82,34.5699455031848,73.91293457195732,10.326525780901171,73.94
13,20.482503869912573,46.49098193394556,6.085025371804961,31.86
90,30.678458754600282,66.64571495847525,5.944099767526999,75.38
54,26.519150623786576,64.93884736808991,37.169687457017254,61.45
37,21.496520507762096,70.86132095465462,8.899583242737705,49.09
75,21.17042996428352,58.79768994014751,36.5487327113627,63.32
97,26.143420404401656,44.11355336245502,17.383508259239374,67.84
7,31.38820122816077,57.61849108045635,40.26166958377987,47.79
13,20.115877118800544,47.198799880528554,38.816985081693026,38.11
106,27.605401811669598,55.10358036599118,32.4623997000202,78.89
27,31.0122109564714,69.24790116272901,34.23221642456365,57.93
15,23.153018216787803,73.76525783784008,26.95824702686919,46.09
89,26.608113315836565,55.81368113895456,18.119853136383085,69.27
70,24.33465494372048,62.88387168963152,17.384896554713848,64.78
31,20.980556194659627,52.17545508900572,20.44989226185914,43.87
56,25.224491260792824,66.87435430830749,34.47765578032622,61.58
82,26.57700620847228,31.997757428677154,32.43001738638921,64.51
80,23.110669706545124,50.45135604573242,13.797616558844911,61.63
114,20.895849334579164,35.53919557977643,41.6054557210303,72.85
86,31.40625115694791,62.755218247909454,15.453195851346925,73.95
64,33.77765226032825,79.01645664381905,24.396953684532573,70.94
101,26.470524491070076,65.45387851300379,31.461890204454246,81.94
98,20.255471916320055,59.105384159011116,44.634744892701,70.77
80,21.33831816782278,41.42300225495706,14.168045349490018,56.47
53,25.88753018405327,73.70505315082829,32.82995623701546,64.35
93,23.118622762696596,63.54174502481353,22.8300233059659,65.59
44,34.35987272790806,38.85827106323863,11.52989677063842,53.15
7,22.43729238333136,77.82389106528075,36.73767217869619,45.16
10,34.366799541651524,51.33979680315798,21.0416521397248,47.0
63,21.264990723043024,64.5470947008429,32.43392566628782,60.24
104,26.582825422520088,43.53976481737067,12.22430389707919,70.57
88,22.30616042875934,77.38286334845478,29.428490796410255,68.46
37,25.70648558733103,44.33320792831587,41.264925250778646,50.96
81,26.15125623583411,43.46590806796422,27.126908124618037,63.36
111,27.749083445527994,30.381949731288657,8.524605024860715,68.52
41,20.93603480415306,61.510513119964244,8.541815061583238,50.85
11,20.319831102210692,37.75171806989008,33.09691799713891,34.88
119,20.528666736052344,49.75227094848339,49.07487388870828,76.74
108,21.525776660594435,67.5583255397812,19.04727622971044,72.99
68,31.665599152291925,62.64287577998944,10.803507973323532,67.7
63,31.430149107164926,55.78861438368618,46.776732967447295,66.4
18,28.964348728354686,47.28578472381086,21.714841815456722,42.95
